"id";"data_inversa";"dia_semana";"horario";"uf";"br";"km";"municipio";"causa_acidente";"tipo_acidente";"classificacao_acidente";"fase_dia";"sentido_via";"condicao_metereologica";"tipo_pista";"tracado_via";"uso_solo";"pessoas";"mortos";"feridos_leves";"feridos_graves";"ilesos";"ignorados";"feridos";"veiculos";"latitude";"longitude";"regional";"delegacia";"uop"
182497;2019-01-02;"quarta-feira";"08:15:00";"MA";230;404;"BALSAS";"Falta de Atenção à Condução";"Colisão lateral";"Com Vítimas Feridas";"Pleno dia";"Decrescente";"Céu Claro";"Simples";"Interseção de vias";"Sim";2;0;0;1;1;0;1;2;"-7.521335";"-46.04969";"SR-MA";"DEL18/5";"UOP01/MA"
182498;2019-01-02;"quarta-feira";"08:50:00";"RN";304;25;"MOSSORO";"Desobediência às normas de trânsito pelo condutor";"Colisão lateral";"Com Vítimas Feridas";"Pleno dia";"Decrescente";"Céu Claro";"Simples";"Reta";"Não";3;0;1;0;2;0;1;2;"-5.064882";"-37.33287";"SR-RN";"DEL15/4";"UOP02/RN"
182499;2019-01-02;"quarta-feira";"09:55:00";"RJ";101;297,8;"ITABORAI";"Falta de Atenção do Pedestre";"Atropelamento de Pedestre";"Com Vítimas Feridas";"Pleno dia";"Crescente";"Céu Claro";"Dupla";"Reta";"Sim";3;0;2;0;1;0;2;1;"-22.769421";"-42.918736";"SR-RJ";"DEL5/2";"UOP02/RJ"
182500;2019-01-02;"quarta-feira";"12:05:00";"GO";40;3;"VALPARAISO DE GOIAS";"Falta de Atenção do Pedestre";"Atropelamento de Pedestre";"Com Vítimas Feridas";"Pleno dia";"Crescente";"Céu Claro";"Dupla";"Reta";"Sim";2;0;1;0;1;0;1;1;"-16.076081";"-47.985671";"SR-DF";"GO";"UOP01/DF"
182501;2019-01-02;"quarta-feira";"11:50:00";"MG";40;589,8;"ITABIRITO";"Mal Súbito";"Colisão frontal";"Com Vítimas Feridas";"Pleno dia";"Decrescente";"Céu Claro";"Simples";"Curva";"Não";3;0;0;2;1;0;2;3;"-20.3658";"-43.9101";"SR-MG";"DEL4/1";"UOP02/MG"
182502;2019-01-02;"quarta-feira";"11:50:00";"ES";101;260,9;"SERRA";"Falta de Atenção à Condução";"Engavetamento";"Com Vítimas Feridas";"Pleno dia";"Decrescente";"Céu Claro";"Simples";"Reta";"Não";5;0;1;0;4;0;1;4;"-20.16173889";"-40.2753713";"SR-ES";"DEL12/2";"UOP01/ES"
182503;2019-01-02;"quarta-feira";"12:00:00";"SP";101;48,6;"UBATUBA";"Desobediência às normas de trânsito pelo condutor";"Colisão transversal";"Com Vítimas Feridas";"Pleno dia";"Decrescente";"Céu Claro";"Simples";"Reta";"Sim";6;0;2;0;4;0;2;3;"-23.44441776";"-45.08342743";"SR-SP";"DEL6";"UOP03/SP"
182504;2019-01-02;"quarta-feira";"10:15:00";"BA";367;72;"PORTO SEGURO";"Desobediência às normas de trânsito pelo condutor";"Colisão frontal";"Com Vítimas Feridas";"Pleno dia";"Crescente";"Céu Claro";"Simples";"Curva";"Não";3;0;2;0;1;0;2;2;"-16.387493";"-39.481358";"SR-BA";"DEL10/9";"UOP01/BA"
182505;2019-01-02;"quarta-feira";"11:50:00";"SC";101;148;"ITAPEMA";"Falta de Atenção à Condução";"Colisão lateral";"Com Vítimas Feridas";"Pleno dia";"Decrescente";"Sol";"Dupla";"Reta";"Não";2;0;1;0;1;0;1;2;"-27.109";"-48.6126";"SR-SC";"DEL8/4";"UOP03/SC"
182506;2019-01-02;"quarta-feira";"11:05:00";"ES";101;270,5;"SERRA";"Falta de Atenção à Condução";"Colisão lateral";"Com Vítimas Feridas";"Pleno dia";"Decrescente";"Céu Claro";"Múltipla";"Interseção de vias";"Sim";2;0;1;0;1;0;1;2;"-20.23007439";"-40.27263972";"SR-ES";"DEL12/2";"UOP01/ES"
182507;2019-01-02;"quarta-feira";"09:20:00";"BA";101;490,5;"ITAJUIPE";"Falta de Atenção à Condução";"Colisão traseira";"Com Vítimas Feridas";"Pleno dia";"Crescente";"Céu Claro";"Simples";"Interseção de vias";"Não";2;0;0;1;1;0;1;2;"-14.69581758";"-39.36538696";"SR-BA";"DEL10/5";"UOP01/BA"
182510;2019-01-02;"quarta-feira";"11:47:00";"RJ";493;60;"DUQUE DE CAXIAS";"Condutor Dormindo";"Tombamento";"Com Vítimas Feridas";"Pleno dia";"Crescente";"Céu Claro";"Dupla";"Reta";"Não";1;0;1;0;0;0;1;1;"-22.672079";"-43.285179";"SR-RJ";"DEL5/1";"UOP03/RJ"
182511;2019-01-02;"quarta-feira";"11:10:00";"BA";116;794,5;"VITORIA DA CONQUISTA";"Defeito Mecânico no Veículo";"Saída de leito carroçável";"Com Vítimas Feridas";"Pleno dia";"Crescente";"Nublado";"Simples";"Reta";"Não";2;0;1;0;1;0;1;1;"-14.72229833";"-40.62483166";"SR-BA";"DEL10/8";"UOP02/BA"
182512;2019-01-02;"quarta-feira";"12:20:00";"MG";40;428,3;"PARAOPEBA";"Falta de Atenção à Condução";"Saída de leito carroçável";"Com Vítimas Feridas";"Pleno dia";"Crescente";"Céu Claro";"Dupla";"Reta";"Não";2;0;2;0;0;0;2;1;"-19.1888";"-44.4909";"SR-MG";"DEL4/2";"UOP01/MG"
182513;2019-01-02;"quarta-feira";"12:40:00";"PR";277;191,1;"PALMEIRA";"Falta de Atenção à Condução";"Saída de leito carroçável";"Com Vítimas Feridas";"Pleno dia";"Crescente";"Céu Claro";"Simples";"Reta";"Não";2;0;1;0;1;0;1;1;"-25.45567494";"-50.20614624";"SR-PR";"DEL7/3";"UOP04/PR"
182514;2019-01-02;"quarta-feira";"11:15:00";"ES";101;41;"CONCEICAO DA BARRA";"Avarias e/ou desgaste excessivo no pneu";"Queda de ocupante de veículo";"Com Vítimas Feridas";"Pleno dia";"Decrescente";"Céu Claro";"Simples";"Reta";"Não";2;0;2;0;0;0;2;1;"-18.508413";"-39.915905";"SR-ES";"DEL12/4";"UOP02/ES"
182515;2019-01-02;"quarta-feira";"12:40:00";"RJ";40;113;"DUQUE DE CAXIAS";"Falta de Atenção à Condução";"Colisão traseira";"Com Vítimas Feridas";"Pleno dia";"Decrescente";"Céu Claro";"Múltipla";"Reta";"Sim";8;0;5;0;3;0;5;3;"-22.7192";"-43.2896";"SR-RJ";"DEL5/1";"UOP01/RJ"
182518;2019-01-02;"quarta-feira";"10:59:00";"RO";319;60,9;"PORTO VELHO";"Falta de Atenção à Condução";"Colisão transversal";"Com Vítimas Feridas";"Pleno dia";"Decrescente";"Céu Claro";"Dupla";"Rotatória";"Sim";2;0;1;0;1;0;1;2;"-8.73994904";"-63.88991833";"SR-RO";"DEL21/1";"UOP01/RO"
182521;2019-01-02;"quarta-feira";"12:45:00";"RS";471;538;"RIO GRANDE";"Falta de Atenção à Condução";"Saída de leito carroçável";"Sem Vítimas";"Pleno dia";"Decrescente";"Céu Claro";"Simples";"Reta";"Não";1;0;0;0;1;0;0;1;"-32.60991983";"-52.57188482";"SR-RS";"DEL9/7";"UOP02/RS"
182522;2019-01-02;"quarta-feira";"13:40:00";"MG";381;1;"BETIM";"Desobediência às normas de trânsito pelo condutor";"Colisão lateral";"Sem Vítimas";"Pleno dia";"Crescente";"Sol";"Dupla";"Reta";"Não";3;0;0;0;2;1;0;2;"-19.96825";"-44.198708";"SR-MG";"DEL4/1";"UOP03/MG"
182525;2019-01-02;"quarta-feira";"13:20:00";"MG";40;425,3;"CURVELO";"Falta de Atenção à Condução";"Saída de leito carroçável";"Com Vítimas Feridas";"Pleno dia";"Crescente";"Céu Claro";"Dupla";"Retorno Regulamentado";"Não";2;0;1;0;1;0;1;1;"-19.1709";"-44.5121";"SR-MG";"DEL4/2";"UOP01/MG"
182526;2019-01-02;"quarta-feira";"14:30:00";"RS";290;139,2;"ELDORADO DO SUL";"Ultrapassagem Indevida";"Colisão lateral";"Com Vítimas Feridas";"Pleno dia";"Decrescente";"Sol";"Simples";"Reta";"Não";5;0;0;4;1;0;4;4;"-30.078781";"-51.59985";"SR-RS";"DEL9/2";"UOP01/RS"
182527;2019-01-02;"quarta-feira";"13:20:00";"RJ";101;165;"MACAE";"Condutor Dormindo";"Colisão com objeto estático";"Com Vítimas Feridas";"Pleno dia";"Crescente";"Sol";"Simples";"Reta";"Não";2;0;0;2;0;0;2;1;"-22.321667";"-41.90361";"SR-RJ";"DEL5/2";"UOP04/RJ"
182528;2019-01-02;"quarta-feira";"10:30:00";"GO";20;124,7;"FLORES DE GOIAS";"Ultrapassagem Indevida";"Tombamento";"Sem Vítimas";"Pleno dia";"Decrescente";"Céu Claro";"Simples";"Reta";"Não";1;0;0;0;1;0;0;1;"-14.857715";"-46.79253";"SR-DF";"GO";"UOP05/DF"
182531;2019-01-02;"quarta-feira";"14:55:00";"PR";277;7,2;"PARANAGUA";"Velocidade Incompatível";"Saída de leito carroçável";"Com Vítimas Fatais";"Pleno dia";"Decrescente";"Sol";"Dupla";"Reta";"Não";10;1;5;1;3;0;6;5;"-25.56187787";"-48.5869503";"SR-PR";"DEL7/1";"UOP07/PR"
182532;2019-01-02;"quarta-feira";"14:15:00";"RS";116;264;"CANOAS";"Falta de Atenção à Condução";"Colisão traseira";"Com Vítimas Feridas";"Pleno dia";"Crescente";"Céu Claro";"Múltipla";"Reta";"Sim";2;0;1;0;1;0;1;2;"-29.914425";"-51.177544";"SR-RS";"DEL9/1";"UOP01/RS"
182533;2019-01-02;"quarta-feira";"15:05:00";"SP";101;47,8;"UBATUBA";"Desobediência às normas de trânsito pelo condutor";"Colisão frontal";"Com Vítimas Feridas";"Pleno dia";"Crescente";"Céu Claro";"Simples";"Reta";"Sim";5;0;1;0;4;0;1;2;"-23.43729114";"-45.08781552";"SR-SP";"DEL6";"UOP03/SP"
182534;2019-01-02;"quarta-feira";"12:15:00";"RS";290;8;"OSORIO";"Falta de Atenção à Condução";"Colisão transversal";"Com Vítimas Feridas";"Pleno dia";"Crescente";"Céu Claro";"Múltipla";"Reta";"Não";3;0;1;0;2;0;1;2;"-29.89323";"-50.353348";"SR-RS";"DEL9/3";"UOP02/RS"
182535;2019-01-02;"quarta-feira";"15:00:00";"GO";60;378,2;"RIO VERDE";"Pista Escorregadia";"Saída de leito carroçável";"Com Vítimas Feridas";"Pleno dia";"Decrescente";"Chuva";"Dupla";"Curva";"Não";1;0;1;0;0;0;1;1;"-17.7481";"-50.8763";"SR-GO";"DEL1/4";"UOP01/GO"
182536;2019-01-02;"quarta-feira";"10:45:00";"MA";402;1;"BACABEIRA";"Defeito Mecânico no Veículo";"Derramamento de carga";"Sem Vítimas";"Pleno dia";"Crescente";"Céu Claro";"Simples";"Não Informado";"Não";1;0;0;0;1;0;0;1;"-2.966262";"-44.311607";"SR-MA";"DEL18/1";"UOP01/MA"
182537;2019-01-02;"quarta-feira";"10:55:00";"SC";470;255;"CURITIBANOS";"Ultrapassagem Indevida";"Saída de leito carroçável";"Com Vítimas Feridas";"Pleno dia";"Crescente";"Céu Claro";"Simples";"Reta";"Não";5;0;5;0;0;0;5;1;"-27.309111";"-50.620499";"SR-SC";"DEL8/5";"UOP03/SC"
182538;2019-01-02;"quarta-feira";"13:35:00";"PE";101;69,1;"RECIFE";"Falta de Atenção à Condução";"Colisão lateral";"Sem Vítimas";"Pleno dia";"Crescente";"Sol";"Múltipla";"Reta";"Sim";3;0;0;0;3;0;0;3;"-8.0678";"-34.9427";"SR-PE";"DEL11/1";"UOP01/PE"
182540;2019-01-02;"quarta-feira";"15:15:00";"MG";381;485;"BETIM";"Não guardar distância de segurança";"Colisão lateral";"Com Vítimas Feridas";"Pleno dia";"Decrescente";"Nublado";"Dupla";"Reta";"Sim";1;0;1;0;0;0;1;1;"-19.9561";"-44.1064";"SR-MG";"DEL4/1";"UOP03/MG"
182541;2019-01-02;"quarta-feira";"14:10:00";"RN";304;294;"MACAIBA";"Falta de Atenção à Condução";"Colisão traseira";"Sem Vítimas";"Pleno dia";"Crescente";"Céu Claro";"Dupla";"Reta";"Sim";2;0;0;0;2;0;0;2;"-5.864849";"-35.349312";"SR-RN";"DEL15/1";"UOP02/RN"
182543;2019-01-02;"quarta-feira";"15:35:00";"ES";101;254,3;"SERRA";"Não guardar distância de segurança";"Colisão traseira";"Sem Vítimas";"Pleno dia";"Crescente";"Céu Claro";"Simples";"Não Informado";"Sim";2;0;0;0;2;0;0;2;"-20.1128125";"-40.3237617";"SR-ES";"DEL12/2";"UOP01/ES"
182544;2019-01-02;"quarta-feira";"14:05:00";"SC";153;100;"CONCORDIA";"Falta de Atenção à Condução";"Colisão lateral";"Sem Vítimas";"Pleno dia";"Crescente";"Céu Claro";"Simples";"Reta";"Sim";3;0;0;0;3;0;0;2;"-27.242643";"-51.95171";"SR-SC";"DEL7";"UOP05/SC"
182545;2019-01-02;"quarta-feira";"13:15:00";"PA";316;31;"SANTA IZABEL DO PARA";"Falta de Atenção à Condução";"Capotamento";"Com Vítimas Feridas";"Pleno dia";"Decrescente";"Nublado";"Dupla";"Curva";"Não";2;0;1;0;1;0;1;1;"-1.289763";"-48.156025";"SR-PA";"DEL19/1";"UOP01/PA"
182546;2019-01-02;"quarta-feira";"15:15:00";"PR";476;125;"CURITIBA";"Desobediência às normas de trânsito pelo condutor";"Colisão transversal";"Com Vítimas Feridas";"Pleno dia";"Decrescente";"Nublado";"Múltipla";"Reta";"Sim";3;0;1;0;2;0;1;2;"-25.4083";"-49.219658";"SR-PR";"DEL7/1";"UOP06/PR"
182547;2019-01-02;"quarta-feira";"16:25:00";"MG";40;473,3;"SETE LAGOAS";"Desobediência às normas de trânsito pelo condutor";"Colisão traseira";"Com Vítimas Feridas";"Pleno dia";"Decrescente";"Céu Claro";"Dupla";"Curva";"Sim";3;0;1;0;2;0;1;2;"-19.4997";"-44.2779";"SR-MG";"DEL4/2";"UOP01/MG"
182548;2019-01-02;"quarta-feira";"16:20:00";"SC";101;205;"SAO JOSE";"Falta de Atenção à Condução";"Colisão lateral";"Com Vítimas Feridas";"Pleno dia";"Decrescente";"Céu Claro";"Múltipla";"Reta";"Sim";2;0;1;0;1;0;1;2;"-27.592";"-48.6181";"SR-SC";"DEL8/1";"UOP01/SC"
182549;2019-01-02;"quarta-feira";"14:30:00";"TO";153;335;"GUARAI";"Falta de Atenção à Condução";"Colisão transversal";"Com Vítimas Feridas";"Pleno dia";"Crescente";"Sol";"Dupla";"Interseção de vias";"Sim";1;0;0;1;0;0;1;1;"-8.844914";"-48.510712";"SR-TO";"UOP03/TO";""
182550;2019-01-02;"quarta-feira";"16:10:00";"SP";116;97,8;"PINDAMONHANGABA";"Não guardar distância de segurança";"Engavetamento";"Com Vítimas Feridas";"Pleno dia";"Crescente";"Nublado";"Dupla";"Reta";"Não";7;0;5;0;2;0;5;3;"-22.973892";"-45.447544";"SR-SP";"DEL6";"UOP01/SP"
182551;2019-01-02;"quarta-feira";"16:20:00";"MG";381;443;"SABARA";"Falta de Atenção à Condução";"Colisão traseira";"Com Vítimas Feridas";"Pleno dia";"Crescente";"Nublado";"Simples";"Reta";"Não";2;0;1;0;1;0;1;2;"-19.80914226";"-43.77265549";"SR-MG";"DEL4/1";"UOP01/MG"
182552;2019-01-02;"quarta-feira";"16:20:00";"MG";40;695,3;"ALFREDO VASCONCELOS";"Pista Escorregadia";"Colisão transversal";"Com Vítimas Fatais";"Pleno dia";"Crescente";"Chuva";"Dupla";"Curva";"Não";3;1;1;1;0;0;2;2;"-21.16556339";"-43.75807285";"SR-MG";"DEL5";"UOP02/MG"
182553;2019-01-02;"quarta-feira";"16:30:00";"PR";369;178;"ARAPONGAS";"Não guardar distância de segurança";"Queda de ocupante de veículo";"Com Vítimas Feridas";"Pleno dia";"Crescente";"Chuva";"Dupla";"Reta";"Não";1;0;1;0;0;0;1;1;"-23.35787325";"-51.39387131";"SR-PR";"DEL7/7";"UOP01/PR"
182555;2019-01-02;"quarta-feira";"15:15:00";"GO";364;233,2;"JATAI";"Ultrapassagem Indevida";"Saída de leito carroçável";"Com Vítimas Feridas";"Pleno dia";"Decrescente";"Chuva";"Simples";"Reta";"Não";2;0;1;0;1;0;1;1;"-17.81497";"-52.029514";"SR-GO";"DEL1/5";"UOP01/GO"
182556;2019-01-02;"quarta-feira";"16:20:00";"RJ";101;560;"PARATY";"Ultrapassagem Indevida";"Saída de leito carroçável";"Com Vítimas Feridas";"Pleno dia";"Crescente";"Céu Claro";"Simples";"Curva";"Não";2;0;1;0;1;0;1;1;"-23.18151684";"-44.71222445";"SR-RJ";"DEL5/3";"UOP04/RJ"
182560;2019-01-02;"quarta-feira";"16:20:00";"ES";101;331,5;"GUARAPARI";"Falta de Atenção à Condução";"Tombamento";"Com Vítimas Feridas";"Pleno dia";"Decrescente";"Céu Claro";"Simples";"Reta";"Não";1;0;1;0;0;0;1;1;"-20.60632024";"-40.50672239";"SR-ES";"DEL12/3";"UOP01/ES"
182561;2019-01-02;"quarta-feira";"16:40:00";"PR";163;50,1;"PRANCHITA";"Falta de Atenção à Condução";"Saída de leito carroçável";"Com Vítimas Feridas";"Pleno dia";"Decrescente";"Sol";"Simples";"Não Informado";"Não";2;0;1;0;1;0;1;1;"-25.9505";"-53.7255";"SR-PR";"DEL7/2";"UOP04/PR"
182563;2019-01-02;"quarta-feira";"17:45:00";"PR";277;119,2;"CAMPO LARGO";"Falta de Atenção à Condução";"Colisão transversal";"Com Vítimas Feridas";"Pleno dia";"Crescente";"Céu Claro";"Dupla";"Reta";"Sim";2;0;1;0;1;0;1;2;"-25.452375";"-49.549187";"SR-PR";"DEL7/1";"UOP05/PR"
182564;2019-01-02;"quarta-feira";"13:40:00";"PI";316;4,8;"TERESINA";"Defeito Mecânico no Veículo";"Incêndio";"Sem Vítimas";"Pleno dia";"Crescente";"Sol";"Múltipla";"Reta";"Sim";1;0;0;0;1;0;0;1;"-5.136601";"-42.788982";"SR-PI";"DEL17/1";"UOP02/PI"
182565;2019-01-02;"quarta-feira";"14:30:00";"RJ";101;429;"MANGARATIBA";"Restrição de Visibilidade";"Colisão lateral";"Sem Vítimas";"Pleno dia";"Crescente";"Céu Claro";"Simples";"Desvio Temporário";"Não";3;0;0;0;3;0;0;3;"-22.935335";"-44.000401";"SR-RJ";"DEL5/3";"UOP01/RJ"
182566;2019-01-02;"quarta-feira";"16:30:00";"SP";116;99,2;"PINDAMONHANGABA";"Falta de Atenção à Condução";"Colisão lateral";"Com Vítimas Feridas";"Pleno dia";"Decrescente";"Céu Claro";"Dupla";"Reta";"Não";4;0;3;0;1;0;3;3;"-22.98237";"-45.464367";"SR-SP";"DEL6";"UOP01/SP"
182567;2019-01-02;"quarta-feira";"17:30:00";"SP";101;48,9;"UBATUBA";"Velocidade Incompatível";"Colisão transversal";"Com Vítimas Feridas";"Pleno dia";"Crescente";"Sol";"Simples";"Reta";"Sim";4;0;1;0;3;0;1;3;"-23.436964";"-45.087685";"SR-SP";"DEL6";"UOP03/SP"
182568;2019-01-02;"quarta-feira";"17:50:00";"RJ";101;67,3;"CAMPOS DOS GOYTACAZES";"Desobediência às normas de trânsito pelo condutor";"Colisão transversal";"Com Vítimas Feridas";"Pleno dia";"Crescente";"Sol";"Simples";"Reta";"Sim";2;0;1;0;1;0;1;2;"-21.767511";"-41.348763";"SR-RJ";"DEL5/8";"UOP02/RJ"
182569;2019-01-02;"quarta-feira";"16:10:00";"RJ";116;40;"TERESOPOLIS";"Falta de Atenção à Condução";"Colisão transversal";"Com Vítimas Feridas";"Pleno dia";"Crescente";"Céu Claro";"Simples";"Interseção de vias";"Não";5;0;3;0;2;0;3;2;"-22.133427";"-42.779522";"SR-RJ";"DEL5/4";"UOP01/RJ"
182570;2019-01-02;"quarta-feira";"17:10:00";"MS";163;362,9;"NOVA ALVORADA DO SUL";"Ingestão de Álcool";"Saída de leito carroçável";"Com Vítimas Feridas";"Pleno dia";"Crescente";"Céu Claro";"Simples";"Reta";"Sim";2;0;1;1;0;0;2;1;"-21.48728498";"-54.39136863";"SR-MS";"DEL2";"UOP02/MS"
182571;2019-01-02;"quarta-feira";"17:40:00";"ES";101;146,7;"LINHARES";"Não guardar distância de segurança";"Colisão traseira";"Com Vítimas Feridas";"Pleno dia";"Decrescente";"Céu Claro";"Simples";"Reta";"Sim";2;0;1;0;1;0;1;2;"-19.37721255";"-40.06620711";"SR-ES";"DEL12/4";"UOP01/ES"
182572;2019-01-02;"quarta-feira";"16:30:00";"BA";242;832;"BARREIRAS";"Ultrapassagem Indevida";"Colisão lateral";"Com Vítimas Feridas";"Pleno dia";"Crescente";"Sol";"Simples";"Reta";"Não";9;0;1;0;8;0;1;2;"-12.10304";"-45.332823";"SR-BA";"DEL10/10";"UOP01/BA"
182573;2019-01-02;"quarta-feira";"17:15:00";"SC";101;35,7;"JOINVILLE";"Desobediência às normas de trânsito pelo condutor";"Queda de ocupante de veículo";"Com Vítimas Feridas";"Pleno dia";"Decrescente";"Céu Claro";"Dupla";"Reta";"Não";2;0;2;0;0;0;2;1;"-26.2766";"-48.8928";"SR-SC";"DEL8/3";"UOP01/SC"
182575;2019-01-02;"quarta-feira";"16:00:00";"RJ";40;116;"DUQUE DE CAXIAS";"Falta de Atenção à Condução";"Capotamento";"Com Vítimas Feridas";"Pleno dia";"Decrescente";"Céu Claro";"Múltipla";"Reta";"Sim";1;0;1;0;0;0;1;1;"-22.7468";"-43.2878";"SR-RJ";"DEL5/1";"UOP01/RJ"
182576;2019-01-02;"quarta-feira";"16:40:00";"SP";116;417,2;"JUQUIA";"Falta de Atenção à Condução";"Colisão com objeto estático";"Com Vítimas Feridas";"Pleno dia";"Crescente";"Chuva";"Dupla";"Curva";"Sim";3;0;2;0;1;0;2;1;"-24.34834778";"-47.65100956";"SR-SP";"DEL6/5";"UOP01/SP"
182577;2019-01-02;"quarta-feira";"16:30:00";"PB";104;100;"SAO SEBASTIAO DE LAGOA DE  ROCA";"Falta de Atenção à Condução";"Colisão traseira";"Sem Vítimas";"Pleno dia";"Decrescente";"Sol";"Simples";"Reta";"Não";2;0;0;0;2;0;0;2;"-7.045145";"-35.857178";"SR-PB";"DEL14/2";"UOP04/PB"
182578;2019-01-02;"quarta-feira";"18:45:00";"SP";116;285;"ITAPECERICA DA SERRA";"Falta de Atenção à Condução";"Colisão traseira";"Com Vítimas Feridas";"Pleno dia";"Decrescente";"Sol";"Dupla";"Reta";"Sim";4;0;1;0;3;0;1;3;"-23.6891079";"-46.86172128";"SR-SP";"DEL6/4";"UOP01/SP"
182579;2019-01-02;"quarta-feira";"18:45:00";"MG";381;528,3;"BRUMADINHO";"Velocidade Incompatível";"Tombamento";"Com Vítimas Feridas";"Anoitecer";"Crescente";"Chuva";"Dupla";"Curva";"Não";5;0;1;2;2;0;3;3;"-20.1634";"-44.3399";"SR-MG";"DEL4/4";"UOP03/MG"
182580;2019-01-02;"quarta-feira";"18:00:00";"SC";101;147;"ITAPEMA";"Falta de Atenção à Condução";"Colisão transversal";"Com Vítimas Feridas";"Pleno dia";"Decrescente";"Céu Claro";"Dupla";"Reta";"Sim";3;0;2;0;1;0;2;2;"-27.1012";"-48.618";"SR-SC";"DEL8/4";"UOP03/SC"
182581;2019-01-02;"quarta-feira";"16:30:00";"RJ";101;46,9;"CAMPOS DOS GOYTACAZES";"Falta de Atenção à Condução";"Colisão transversal";"Com Vítimas Feridas";"Pleno dia";"Crescente";"Céu Claro";"Simples";"Interseção de vias";"Sim";5;0;3;0;2;0;3;2;"-21.60639025";"-41.31675839";"SR-RJ";"DEL5/8";"UOP01/RJ"
182583;2019-01-02;"quarta-feira";"16:40:00";"PB";230;396,4;"SAO BENTINHO";"Mal Súbito";"Queda de ocupante de veículo";"Com Vítimas Fatais";"Pleno dia";"Crescente";"Céu Claro";"Simples";"Reta";"Não";6;1;0;0;5;0;0;1;"-6.841532";"-37.749267";"SR-PB";"DEL14/3";"UOP02/PB"
182584;2019-01-02;"quarta-feira";"19:30:00";"SC";280;21,3;"ARAQUARI";"Falta de Atenção à Condução";"Colisão transversal";"Com Vítimas Feridas";"Anoitecer";"Crescente";"Céu Claro";"Simples";"Reta";"Não";3;0;0;3;0;0;3;2;"-26.370432";"-48.692196";"SR-SC";"DEL8/3";"UOP03/SC"
182585;2019-01-02;"quarta-feira";"17:00:00";"RJ";40;84;"PETROPOLIS";"Restrição de Visibilidade";"Colisão traseira";"Com Vítimas Feridas";"Pleno dia";"Crescente";"Céu Claro";"Simples";"Curva";"Não";7;0;2;0;5;0;2;5;"-22.5511";"-43.2257";"SR-RJ";"DEL5/6";"UOP03/RJ"
182586;2019-01-02;"quarta-feira";"19:30:00";"SP";381;90;"GUARULHOS";"Falta de Atenção do Pedestre";"Atropelamento de Pedestre";"Com Vítimas Feridas";"Anoitecer";"Decrescente";"Céu Claro";"Múltipla";"Reta";"Não";2;0;0;1;0;1;1;1;"-23.49842135";"-46.55950167";"SR-SP";"DEL6/3";"UOP02/SP"
182587;2019-01-02;"quarta-feira";"19:40:00";"DF";20;7,3;"BRASILIA";"Agressão Externa";"Saída de leito carroçável";"Com Vítimas Feridas";"Pleno dia";"Crescente";"Ignorado";"Dupla";"Reta";"Sim";3;0;3;0;0;0;3;1;"-15.662208";"-47.799866";"SR-DF";"DF";"UOP04/DF"
182588;2019-01-02;"quarta-feira";"17:30:00";"BA";101;885;"TEIXEIRA DE FREITAS";"Velocidade Incompatível";"Colisão frontal";"Com Vítimas Feridas";"Pleno dia";"Crescente";"Céu Claro";"Simples";"Curva";"Não";6;0;3;0;3;0;3;2;"-17.5933";"-39.7474";"SR-BA";"DEL10/9";"UOP03/BA"
182589;2019-01-02;"quarta-feira";"18:50:00";"RS";471;183,9;"RIO PARDO";"Ingestão de Álcool";"Colisão frontal";"Com Vítimas Feridas";"Pleno dia";"Crescente";"Céu Claro";"Simples";"Reta";"Não";5;0;3;2;0;0;5;2;"-30.103298";"-52.367062";"SR-RS";"DEL9/2";"UOP03/RS"
182590;2019-01-02;"quarta-feira";"10:30:00";"RJ";101;319;"NITEROI";"Falta de Atenção à Condução";"Queda de ocupante de veículo";"Com Vítimas Feridas";"Pleno dia";"Crescente";"Céu Claro";"Dupla";"Reta";"Sim";2;0;1;0;1;0;1;1;"-22.854151";"-43.101822";"SR-RJ";"DEL5/2";"UOP02/RJ"
182591;2019-01-02;"quarta-feira";"17:00:00";"MG";40;692,6;"ALFREDO VASCONCELOS";"Não guardar distância de segurança";"Colisão traseira";"Com Vítimas Feridas";"Pleno dia";"Crescente";"Nublado";"Simples";"Reta";"Sim";2;0;1;0;1;0;1;2;"-21.1563";"-43.7624";"SR-MG";"DEL5";"UOP02/MG"
182592;2019-01-02;"quarta-feira";"14:40:00";"MG";116;777,2;"LEOPOLDINA";"Condutor Dormindo";"Saída de leito carroçável";"Com Vítimas Feridas";"Pleno dia";"Decrescente";"Céu Claro";"Simples";"Reta";"Não";2;0;2;0;0;0;2;1;"-21.59630793";"-42.69102305";"SR-MG";"DEL4/7";"UOP01/MG"
182593;2019-01-02;"quarta-feira";"19:15:00";"PI";222;21,2;"SAO JOAO DA FRONTEIRA";"Animais na Pista";"Atropelamento de Animal";"Com Vítimas Feridas";"Plena Noite";"Decrescente";"Céu Claro";"Simples";"Reta";"Não";2;0;2;0;0;0;2;1;"-3.985492";"-41.398701";"SR-PI";"DEL17/2";"UOP01/PI"
182594;2019-01-02;"quarta-feira";"19:50:00";"RJ";493;58;"DUQUE DE CAXIAS";"Falta de Atenção à Condução";"Capotamento";"Com Vítimas Feridas";"Anoitecer";"Decrescente";"Céu Claro";"Dupla";"Reta";"Não";6;0;1;0;4;1;1;3;"-22.672079";"-43.285179";"SR-RJ";"DEL5/1";"UOP01/RJ"