"id";"data_inversa";"dia_semana";"horario";"uf";"br";"km";"municipio";"causa_acidente";"tipo_acidente";"classificacao_acidente";"fase_dia";"sentido_via";"condicao_metereologica";"tipo_pista";"tracado_via";"uso_solo";"pessoas";"mortos";"feridos_leves";"feridos_graves";"ilesos";"ignorados";"feridos";"veiculos";"latitude";"longitude";"regional";"delegacia";"uop"
182595;2019-01-02;"quarta-feira";"20:15:00";"SC";101;95,5;"BARRA VELHA";"Falta de Atenção à Condução";"Colisão transversal";"Com Vítimas Feridas";"Plena Noite";"Decrescente";"Nublado";"Simples";"Viaduto";"Não";3;0;1;0;2;0;1;2;"-26.71525374";"-48.70234966";"SR-SC";"DEL8/3";"UOP02/SC"
182596;2019-01-02;"quarta-feira";"19:00:00";"SE";235;2,4;"ARACAJU";"Falta de Atenção à Condução";"Atropelamento de Pedestre";"Com Vítimas Feridas";"Plena Noite";"Crescente";"Nublado";"Dupla";"Interseção de vias";"Sim";2;0;1;0;1;0;1;1;"-10.9062";"-37.1034";"SR-SE";"DEL20/1";"UOP01/SE"
182597;2019-01-02;"quarta-feira";"20:40:00";"PR";116;42,1;"CAMPINA GRANDE DO SUL";"Falta de Atenção à Condução";"Colisão lateral";"Com Vítimas Feridas";"Plena Noite";"Decrescente";"Céu Claro";"Dupla";"Reta";"Não";4;0;2;0;2;0;2;2;"-25.176117";"-48.874256";"SR-PR";"DEL7/1";"UOP02/PR"
182598;2019-01-02;"quarta-feira";"14:20:00";"MG";356;286,5;"EUGENOPOLIS";"Fenômenos da Natureza";"Colisão com objeto em movimento";"Com Vítimas Feridas";"Pleno dia";"Crescente";"Chuva";"Simples";"Reta";"Não";3;0;2;0;1;0;2;1;"-21.13583626";"-42.18437087";"SR-MG";"DEL4/7";"UOP02/MG"
182599;2019-01-02;"quarta-feira";"16:00:00";"MG";116;719,8;"MURIAE";"Velocidade Incompatível";"Capotamento";"Com Vítimas Feridas";"Pleno dia";"Crescente";"Chuva";"Simples";"Curva";"Não";3;0;2;0;1;0;2;1;"-21.2279119";"-42.39441818";"SR-MG";"DEL4/7";"UOP02/MG"
182600;2019-01-02;"quarta-feira";"16:00:00";"MG";116;670,8;"MIRADOURO";"Falta de Atenção à Condução";"Colisão frontal";"Com Vítimas Feridas";"Pleno dia";"Decrescente";"Céu Claro";"Simples";"Reta";"Não";2;0;0;1;1;0;1;2;"-20.85511321";"-42.32146394";"SR-MG";"DEL4/7";"UOP03/MG"
182601;2019-01-02;"quarta-feira";"15:20:00";"RS";153;501;"CACAPAVA DO SUL";"Desobediência às normas de trânsito pelo condutor";"Saída de leito carroçável";"Com Vítimas Feridas";"Pleno dia";"Decrescente";"Sol";"Simples";"Curva";"Não";3;0;1;0;2;0;1;1;"-30.499338";"-53.366756";"SR-RS";"DEL9/9";"UOP02/RS"
182602;2019-01-02;"quarta-feira";"20:30:00";"PR";116;17,3;"COLOMBO";"Animais na Pista";"Colisão traseira";"Sem Vítimas";"Plena Noite";"Crescente";"Céu Claro";"Múltipla";"Desvio Temporário";"Sim";2;0;0;0;2;0;0;2;"-25.389";"-49.1867";"SR-PR";"DEL7/1";"UOP02/PR"
182603;2019-01-02;"quarta-feira";"19:10:00";"RS";386;437;"NOVA SANTA RITA";"Falta de Atenção à Condução";"Saída de leito carroçável";"Com Vítimas Feridas";"Pleno dia";"Crescente";"Céu Claro";"Dupla";"Reta";"Sim";2;0;1;0;1;0;1;1;"-29.85803";"-51.261227";"SR-RS";"DEL9/4";"UOP02/RS"
182604;2019-01-02;"quarta-feira";"21:00:00";"ES";101;149,9;"LINHARES";"Falta de Atenção do Pedestre";"Atropelamento de Pedestre";"Com Vítimas Feridas";"Plena Noite";"Crescente";"Céu Claro";"Simples";"Curva";"Sim";2;0;0;1;0;1;1;1;"-19.40414715";"-40.0607121";"SR-ES";"DEL12/4";"UOP01/ES"
182605;2019-01-02;"quarta-feira";"19:00:00";"CE";116;65,4;"CHOROZINHO";"Desobediência às normas de trânsito pelo condutor";"Colisão transversal";"Com Vítimas Feridas";"Plena Noite";"Decrescente";"Nublado";"Simples";"Curva";"Sim";4;0;3;0;1;0;3;2;"-4.297529";"-38.501347";"SR-CE";"DEL16/3";"UOP02/CE"
182606;2019-01-02;"quarta-feira";"21:15:00";"PR";153;354,4;"RIO AZUL";"Velocidade Incompatível";"Saída de leito carroçável";"Com Vítimas Feridas";"Plena Noite";"Crescente";"Nublado";"Simples";"Reta";"Não";2;0;1;1;0;0;2;1;"-25.73712724";"-50.80215454";"SR-PR";"DEL7/3";"UOP04/PR"
182607;2019-01-02;"quarta-feira";"12:07:00";"TO";153;670;"GURUPI";"Desobediência às normas de trânsito pelo condutor";"Colisão transversal";"Sem Vítimas";"Pleno dia";"Decrescente";"Céu Claro";"Dupla";"Interseção de vias";"Sim";4;0;0;0;4;0;0;2;"-11.70998";"-49.074718";"SR-TO";"UOP01/TO";""
182608;2019-01-02;"quarta-feira";"21:30:00";"PR";376;3,9;"MANDAGUARI";"Falta de Atenção à Condução";"Colisão transversal";"Sem Vítimas";"Plena Noite";"Crescente";"Céu Claro";"Simples";"Interseção de vias";"Sim";3;0;0;0;3;0;0;2;"-23.5218113";"-51.6796875";"SR-PR";"DEL7/7";"UOP04/PR"
182609;2019-01-02;"quarta-feira";"21:15:00";"MG";40;730,2;"OLIVEIRA FORTES";"Condutor Dormindo";"Saída de leito carroçável";"Com Vítimas Feridas";"Plena Noite";"Decrescente";"Ignorado";"Dupla";"Curva";"Não";1;0;1;0;0;0;1;1;"-21.3565";"-43.581";"SR-MG";"DEL5";"UOP01/MG"
182610;2019-01-02;"quarta-feira";"20:31:00";"MG";365;518;"MONTE CARMELO";"Mal Súbito";"Saída de leito carroçável";"Com Vítimas Feridas";"Plena Noite";"Decrescente";"Céu Claro";"Dupla";"Curva";"Não";4;0;3;0;1;0;3;1;"-18.92258662";"-47.34719038";"SR-MG";"DEL4/10";"UOP01/MG"
182611;2019-01-02;"quarta-feira";"21:00:00";"MG";381;933,3;"EXTREMA";"Desobediência às normas de trânsito pelo pedestre";"Atropelamento de Pedestre";"Com Vítimas Feridas";"Plena Noite";"Decrescente";"Garoa/Chuvisco";"Dupla";"Curva";"Não";2;0;1;0;1;0;1;1;"-22.8021";"-46.2602";"SR-MG";"DEL09";"UOP03/MG"
182613;2019-01-02;"quarta-feira";"20:40:00";"GO";60;410;"RIO VERDE";"Restrição de Visibilidade";"Colisão traseira";"Com Vítimas Feridas";"Plena Noite";"Decrescente";"Céu Claro";"Dupla";"Reta";"Não";2;0;1;0;0;1;1;2;"-17.8173";"-51.1472";"SR-GO";"DEL1/4";"UOP01/GO"
182614;2019-01-02;"quarta-feira";"09:45:00";"MA";316;545;"CAXIAS";"Falta de Atenção à Condução";"Colisão lateral";"Com Vítimas Feridas";"Pleno dia";"Decrescente";"Sol";"Simples";"Reta";"Sim";3;0;1;0;1;1;1;2;"-4.871758";"-43.403427";"SR-MA";"DEL18/3";"UOP02/MA"
182615;2019-01-02;"quarta-feira";"22:35:00";"MG";381;323;"NOVA ERA";"Desobediência às normas de trânsito pelo pedestre";"Atropelamento de Pedestre";"Com Vítimas Feridas";"Plena Noite";"Crescente";"Nublado";"Simples";"Reta";"Sim";2;0;0;1;1;0;1;1;"-19.7609";"-43.0306";"SR-MG";"DEL4/3";"UOP02/MG"
182618;2019-01-02;"quarta-feira";"20:21:00";"RS";290;568;"ALEGRETE";"Defeito Mecânico no Veículo";"Tombamento";"Com Vítimas Feridas";"Anoitecer";"Crescente";"Céu Claro";"Simples";"Curva";"Não";2;0;1;1;0;0;2;1;"-29.843456";"-55.662182";"SR-RS";"DEL9/13";"UOP02/RS"
182619;2019-01-02;"quarta-feira";"22:00:00";"PB";230;16,9;"JOAO PESSOA";"Defeito Mecânico no Veículo";"Queda de ocupante de veículo";"Com Vítimas Feridas";"Plena Noite";"Decrescente";"Céu Claro";"Dupla";"Reta";"Sim";2;0;1;0;1;0;1;1;"-7.112502";"-34.84238";"SR-PB";"DEL14/1";"UOP01/PB"
182620;2019-01-02;"quarta-feira";"21:00:00";"RO";364;237;"CACOAL";"Falta de Atenção à Condução";"Colisão transversal";"Com Vítimas Feridas";"Plena Noite";"Decrescente";"Nublado";"Simples";"Reta";"Sim";2;0;2;0;0;0;2;2;"-11.443406";"-61.446743";"SR-RO";"DEL21/2";"UOP02/RO"
182622;2019-01-03;"quinta-feira";"00:20:00";"RJ";493;19;"MAGE";"Sinalização da via insuficiente ou inadequada";"Saída de leito carroçável";"Com Vítimas Feridas";"Plena Noite";"Crescente";"Céu Claro";"Simples";"Não Informado";"Não";5;0;2;3;0;0;5;1;"-22.666386";"-43.027702";"SR-RJ";"DEL5/4";"UOP02/RJ"
182624;2019-01-02;"quarta-feira";"22:50:00";"RN";101;83;"NATAL";"Falta de Atenção do Pedestre";"Atropelamento de Pedestre";"Com Vítimas Feridas";"Plena Noite";"Decrescente";"Céu Claro";"Dupla";"Reta";"Sim";2;0;2;0;0;0;2;1;"-5.771044";"-35.266171";"SR-RN";"DEL15/2";"UOP01/RN"
182625;2019-01-03;"quinta-feira";"00:20:00";"MG";40;520,5;"CONTAGEM";"Condutor Dormindo";"Colisão traseira";"Com Vítimas Feridas";"Plena Noite";"Decrescente";"Nublado";"Dupla";"Reta";"Não";2;0;0;1;1;0;1;2;"-19.85528724";"-44.07212734";"SR-MG";"DEL4/1";"UOP03/MG"
182627;2019-01-02;"quarta-feira";"22:00:00";"SC";101;159;"PORTO BELO";"Falta de Atenção à Condução";"Colisão transversal";"Com Vítimas Feridas";"Pleno dia";"Decrescente";"Céu Claro";"Dupla";"Reta";"Sim";4;0;1;1;2;0;2;3;"-27.2072";"-48.619";"SR-SC";"DEL8/4";"UOP03/SC"
182628;2019-01-02;"quarta-feira";"22:40:00";"SC";101;167;"TIJUCAS";"Não guardar distância de segurança";"Engavetamento";"Com Vítimas Feridas";"Plena Noite";"Decrescente";"Nublado";"Dupla";"Reta";"Não";6;0;3;0;3;0;3;4;"-27.2777";"-48.6313";"SR-SC";"DEL8/4";"UOP03/SC"
182629;2019-01-02;"quarta-feira";"22:30:00";"RN";101;140,2;"ARES";"Agressão Externa";"Colisão lateral";"Sem Vítimas";"Plena Noite";"Decrescente";"Céu Claro";"Dupla";"Reta";"Não";2;0;0;0;2;0;0;2;"-6.206553";"-35.214569";"SR-RN";"DEL15/1";"UOP01/RN"
182630;2019-01-03;"quinta-feira";"00:45:00";"TO";153;701,6;"CARIRI DO TOCANTINS";"Defeito na Via";"Queda de ocupante de veículo";"Com Vítimas Feridas";"Plena Noite";"Decrescente";"Céu Claro";"Simples";"Reta";"Não";1;0;1;0;0;0;1;1;"-11.960903";"-49.199474";"SR-TO";"UOP01/TO";""
182631;2019-01-03;"quinta-feira";"02:05:00";"SC";470;60,8;"BLUMENAU";"Desobediência às normas de trânsito pelo condutor";"Colisão frontal";"Com Vítimas Feridas";"Plena Noite";"Crescente";"Céu Claro";"Simples";"Curva";"Sim";2;0;1;0;1;0;1;2;"-26.8794737";"-49.17276621";"SR-SC";"DEL8/4";"UOP01/SC"
182632;2019-01-02;"quarta-feira";"21:30:00";"CE";222;119;"ITAPAJE";"Velocidade Incompatível";"Tombamento";"Sem Vítimas";"Plena Noite";"Decrescente";"Céu Claro";"Simples";"Curva";"Não";1;0;0;0;1;0;0;1;"-3.722229";"-39.561836";"SR-CE";"DEL16/4";"UOP03/CE"
182635;2019-01-03;"quinta-feira";"03:10:00";"PR";277;122;"CAMPO LARGO";"Falta de Atenção à Condução";"Colisão traseira";"Sem Vítimas";"Plena Noite";"Crescente";"Céu Claro";"Dupla";"Reta";"Sim";3;0;0;0;3;0;0;2;"-25.44308085";"-49.46120024";"SR-PR";"DEL7/1";"UOP05/PR"
182638;2019-01-03;"quinta-feira";"04:15:00";"SP";381;36,7;"ATIBAIA";"Desobediência às normas de trânsito pelo condutor";"Colisão traseira";"Com Vítimas Feridas";"Plena Noite";"Crescente";"Céu Claro";"Dupla";"Desvio Temporário";"Sim";3;0;2;0;1;0;2;2;"-23.097073";"-46.571808";"SR-SP";"DEL6/3";"UOP01/SP"
182639;2019-01-03;"quinta-feira";"03:20:00";"SC";282;520;"XAXIM";"Ingestão de Álcool";"Capotamento";"Sem Vítimas";"Plena Noite";"Decrescente";"Ignorado";"Simples";"Rotatória";"Não";1;0;0;0;1;0;0;1;"-26.950415";"-52.526096";"SR-SC";"DEL7";"UOP01/SC"
182640;2019-01-03;"quinta-feira";"05:20:00";"SC";101;72,8;"ARAQUARI";"Falta de Atenção à Condução";"Saída de leito carroçável";"Com Vítimas Feridas";"Amanhecer";"Decrescente";"Nublado";"Dupla";"Reta";"Não";3;0;1;0;2;0;1;1;"-26.5373";"-48.7127";"SR-SC";"DEL8/3";"UOP02/SC"
182642;2019-01-03;"quinta-feira";"05:45:00";"AL";316;261,5;"PILAR";"Avarias e/ou desgaste excessivo no pneu";"Colisão com objeto estático";"Com Vítimas Feridas";"Amanhecer";"Crescente";"Céu Claro";"Simples";"Reta";"Não";3;0;1;0;2;0;1;2;"-9.588771";"-35.887005";"SR-AL";"DEL13/2";"UOP01/AL"
182643;2019-01-02;"quarta-feira";"14:00:00";"SC";280;203;"MAFRA";"Ultrapassagem Indevida";"Capotamento";"Com Vítimas Feridas";"Pleno dia";"Crescente";"Céu Claro";"Simples";"Reta";"Não";4;0;3;0;1;0;3;1;"-26.168028";"-50.102333";"SR-SC";"DEL8/6";"UOP01/SC"
182644;2019-01-03;"quinta-feira";"07:10:00";"ES";101;64,6;"SAO MATEUS";"Mal Súbito";"Queda de ocupante de veículo";"Com Vítimas Feridas";"Pleno dia";"Crescente";"Céu Claro";"Simples";"Reta";"Não";1;0;0;1;0;0;1;1;"-18.704285";"-39.870659";"SR-ES";"DEL12/4";"UOP02/ES"
182645;2019-01-03;"quinta-feira";"05:45:00";"SP";381;0,1;"VARGEM";"Falta de Atenção à Condução";"Colisão traseira";"Com Vítimas Feridas";"Amanhecer";"Crescente";"Céu Claro";"Dupla";"Reta";"Não";5;0;4;0;1;0;4;1;"-22.878674";"-46.372143";"SR-SP";"DEL6/3";"UOP01/SP"
182646;2019-01-03;"quinta-feira";"05:45:00";"MG";381;826,9;"CAREACU";"Condutor Dormindo";"Capotamento";"Com Vítimas Feridas";"Amanhecer";"Crescente";"Céu Claro";"Dupla";"Reta";"Não";2;0;2;0;0;0;2;1;"-22.1083";"-45.7403";"SR-MG";"DEL09";"UOP02/MG"
182647;2019-01-03;"quinta-feira";"08:00:00";"SC";101;132,5;"BALNEARIO CAMBORIU";"Falta de Atenção à Condução";"Colisão lateral";"Com Vítimas Feridas";"Pleno dia";"Crescente";"Céu Claro";"Simples";"Reta";"Sim";2;0;0;1;1;0;1;2;"-26.9992";"-48.646";"SR-SC";"DEL8/4";"UOP03/SC"
182649;2019-01-03;"quinta-feira";"00:30:00";"RN";427;105,3;"CAICO";"Velocidade Incompatível";"Saída de leito carroçável";"Sem Vítimas";"Plena Noite";"Decrescente";"Céu Claro";"Simples";"Reta";"Não";1;0;0;0;0;1;0;1;"-6.446837";"-37.149277";"SR-RN";"DEL15/3";"UOP01/RN"
182650;2019-01-03;"quinta-feira";"06:30:00";"TO";153;133;"ARAGUAINA";"Falta de Atenção à Condução";"Saída de leito carroçável";"Com Vítimas Feridas";"Amanhecer";"Crescente";"Céu Claro";"Simples";"Rotatória";"Não";4;0;0;1;3;0;1;1;"-7.114655";"-48.187469";"SR-TO";"UOP04/TO";""
182651;2019-01-03;"quinta-feira";"07:25:00";"RS";392;255,5;"CACAPAVA DO SUL";"Pista Escorregadia";"Colisão frontal";"Com Vítimas Feridas";"Amanhecer";"Crescente";"Chuva";"Simples";"Curva";"Não";3;0;0;3;0;0;3;2;"-30.514277";"-53.461494";"SR-RS";"DEL9/9";"UOP02/RS"
182652;2019-01-03;"quinta-feira";"08:00:00";"ES";101;270,6;"SERRA";"Falta de Atenção à Condução";"Tombamento";"Com Vítimas Feridas";"Pleno dia";"Crescente";"Sol";"Dupla";"Reta";"Sim";1;0;1;0;0;0;1;1;"-20.23140757";"-40.27373739";"SR-ES";"DEL12/2";"UOP01/ES"
182655;2019-01-03;"quinta-feira";"08:00:00";"MT";364;278;"JACIARA";"Falta de Atenção à Condução";"Colisão traseira";"Com Vítimas Feridas";"Pleno dia";"Decrescente";"Céu Claro";"Dupla";"Não Informado";"Não";5;0;1;0;4;0;1;2;"-15.945487";"-55.006153";"SR-MT";"DEL2/1";"UOP02/MT"
182656;2019-01-03;"quinta-feira";"07:50:00";"PB";101;81,3;"BAYEUX";"Desobediência às normas de trânsito pelo condutor";"Colisão lateral";"Com Vítimas Feridas";"Pleno dia";"Crescente";"Sol";"Dupla";"Retorno Regulamentado";"Sim";2;0;0;1;1;0;1;2;"-7.126998";"-34.941341";"SR-PB";"DEL14/1";"UOP01/PB"
182659;2019-01-02;"quarta-feira";"17:15:00";"BA";324;420;"RIACHAO DO JACUIPE";"Ultrapassagem Indevida";"Colisão frontal";"Com Vítimas Feridas";"Anoitecer";"Decrescente";"Céu Claro";"Simples";"Reta";"Não";3;0;1;0;2;0;1;2;"-11.71955127";"-39.51004386";"SR-BA";"DEL10/4";"UOP02/BA"
182660;2019-01-03;"quinta-feira";"09:40:00";"MG";50;145;"UBERABA";"Defeito Mecânico no Veículo";"Saída de leito carroçável";"Com Vítimas Feridas";"Pleno dia";"Decrescente";"Céu Claro";"Dupla";"Reta";"Não";2;0;0;2;0;0;2;1;"-19.5298";"-48.038";"SR-MG";"DEL13";"UOP01/MG"
182661;2019-01-03;"quinta-feira";"09:10:00";"MG";262;554,8;"LUZ";"Falta de Atenção à Condução";"Colisão traseira";"Sem Vítimas";"Pleno dia";"Crescente";"Céu Claro";"Simples";"Reta";"Não";8;0;0;0;8;0;0;3;"-19.740187";"-45.860352";"SR-MG";"DEL4/8";"UOP02/MG"
182662;2019-01-03;"quinta-feira";"06:20:00";"BA";116;403;"FEIRA DE SANTANA";"Desobediência às normas de trânsito pelo condutor";"Colisão transversal";"Com Vítimas Feridas";"Pleno dia";"Crescente";"Céu Claro";"Simples";"Interseção de vias";"Não";3;0;0;2;1;0;2;2;"-12.05812309";"-38.97125244";"SR-BA";"DEL10/2";"UOP01/BA"
182663;2019-01-03;"quinta-feira";"08:55:00";"PR";277;233,3;"FERNANDES PINHEIRO";"Velocidade Incompatível";"Engavetamento";"Com Vítimas Feridas";"Pleno dia";"Decrescente";"Sol";"Simples";"Reta";"Sim";6;0;4;0;2;0;4;3;"-25.46437962";"-50.56872265";"SR-PR";"DEL7/3";"UOP04/PR"
182664;2019-01-03;"quinta-feira";"08:50:00";"PR";376;648;"TIJUCAS DO SUL";"Falta de Atenção à Condução";"Colisão traseira";"Com Vítimas Feridas";"Pleno dia";"Decrescente";"Céu Claro";"Dupla";"Reta";"Não";3;0;1;1;1;0;2;2;"-25.84099438";"-49.10459518";"SR-PR";"DEL7/1";"UOP08/PR"
182665;2019-01-03;"quinta-feira";"08:50:00";"PE";232;307,7;"SERTANIA";"Não guardar distância de segurança";"Colisão traseira";"Sem Vítimas";"Pleno dia";"Crescente";"Céu Claro";"Simples";"Reta";"Não";2;0;0;0;2;0;0;2;"-8.179757";"-37.452628";"SR-PE";"DEL11/3";"UOP02/PE"
182666;2019-01-03;"quinta-feira";"08:30:00";"PE";104;61,9;"CARUARU";"Não guardar distância de segurança";"Colisão traseira";"Com Vítimas Feridas";"Pleno dia";"Decrescente";"Céu Claro";"Dupla";"Interseção de vias";"Sim";3;0;1;1;1;0;2;2;"-8.2529";"-35.9751";"SR-PE";"DEL11/2";"UOP01/PE"
182667;2019-01-03;"quinta-feira";"09:00:00";"PI";343;4;"TERESINA";"Não guardar distância de segurança";"Colisão traseira";"Com Vítimas Feridas";"Pleno dia";"Decrescente";"Céu Claro";"Múltipla";"Reta";"Sim";4;0;1;0;3;0;1;3;"-5.08054127";"-42.78572381";"SR-PI";"DEL17/5";"UOP01/PI"
182670;2019-01-03;"quinta-feira";"10:30:00";"MG";50;71;"UBERLANDIA";"Pista Escorregadia";"Queda de ocupante de veículo";"Com Vítimas Feridas";"Pleno dia";"Crescente";"Céu Claro";"Dupla";"Não Informado";"Sim";1;0;1;0;0;0;1;1;"-18.9002";"-48.2401";"SR-MG";"DEL4/15";"UOP01/MG"
182672;2019-01-03;"quinta-feira";"08:45:00";"RO";364;379;"OURO PRETO DO OESTE";"Defeito na Via";"Queda de ocupante de veículo";"Com Vítimas Feridas";"Pleno dia";"Crescente";"Céu Claro";"Simples";"Curva";"Não";1;0;0;1;0;0;1;1;"-10.7414";"-62.217953";"SR-RO";"DEL21/2";"UOP01/RO"
182674;2019-01-03;"quinta-feira";"09:40:00";"RS";290;670;"URUGUAIANA";"Falta de Atenção à Condução";"Colisão frontal";"Com Vítimas Feridas";"Pleno dia";"Crescente";"Chuva";"Simples";"Reta";"Não";4;0;2;0;2;0;2;3;"-29.949526";"-56.606392";"SR-RS";"DEL9/13";"UOP01/RS"
182675;2019-01-03;"quinta-feira";"11:00:00";"ES";101;144;"LINHARES";"Desobediência às normas de trânsito pelo condutor";"Colisão transversal";"Com Vítimas Feridas";"Pleno dia";"Decrescente";"Sol";"Múltipla";"Interseção de vias";"Não";3;0;2;0;1;0;2;2;"-19.34949586";"-40.06345424";"SR-ES";"DEL12/4";"UOP01/ES"
182676;2019-01-03;"quinta-feira";"10:30:00";"ES";101;260;"SERRA";"Ingestão de Álcool";"Colisão frontal";"Com Vítimas Feridas";"Pleno dia";"Decrescente";"Sol";"Dupla";"Reta";"Sim";5;0;1;0;4;0;1;3;"-20.1544401";"-40.27765453";"SR-ES";"DEL12/2";"UOP01/ES"
182677;2019-01-03;"quinta-feira";"08:10:00";"PI";343;618;"FLORIANO";"Não guardar distância de segurança";"Colisão frontal";"Com Vítimas Feridas";"Pleno dia";"Decrescente";"Céu Claro";"Simples";"Reta";"Não";10;0;5;3;1;1;8;4;"-6.935258";"-43.193867";"SR-PI";"DEL17/3";"UOP01/PI"
182678;2019-01-03;"quinta-feira";"11:15:00";"MG";50;70;"UBERLANDIA";"Velocidade Incompatível";"Colisão traseira";"Sem Vítimas";"Pleno dia";"Crescente";"Céu Claro";"Dupla";"Reta";"Sim";2;0;0;0;2;0;0;2;"-18.8957";"-48.2477";"SR-MG";"DEL4/15";"UOP01/MG"
182679;2019-01-03;"quinta-feira";"09:00:00";"PE";232;129;"CARUARU";"Condutor Dormindo";"Saída de leito carroçável";"Com Vítimas Feridas";"Pleno dia";"Crescente";"Sol";"Dupla";"Reta";"Sim";3;0;0;1;2;0;1;2;"-8.301935";"-35.980919";"SR-PE";"DEL11/2";"UOP02/PE"
182680;2019-01-03;"quinta-feira";"09:00:00";"BA";324;549;"AMELIA RODRIGUES";"Falta de Atenção à Condução";"Queda de ocupante de veículo";"Com Vítimas Feridas";"Pleno dia";"Crescente";"Céu Claro";"Simples";"Reta";"Não";2;0;2;0;0;0;2;1;"-12.34980345";"-38.83771703";"SR-BA";"DEL10/1";"UOP01/BA"
182681;2019-01-03;"quinta-feira";"10:30:00";"BA";324;526;"FEIRA DE SANTANA";"Defeito Mecânico no Veículo";"Colisão lateral";"Com Vítimas Feridas";"Pleno dia";"Decrescente";"Céu Claro";"Dupla";"Reta";"Não";2;0;1;0;1;0;1;2;"-12.33513495";"-38.8523933";"SR-BA";"DEL10/1";"UOP01/BA"
182682;2019-01-03;"quinta-feira";"10:20:00";"RN";304;47,1;"MOSSORO";"Falta de Atenção à Condução";"Colisão lateral";"Com Vítimas Feridas";"Pleno dia";"Crescente";"Céu Claro";"Dupla";"Reta";"Não";5;0;1;0;4;0;1;2;"-5.22610353";"-37.32986927";"SR-RN";"DEL15/4";"UOP01/RN"
182683;2019-01-03;"quinta-feira";"11:30:00";"SC";101;234;"PALHOCA";"Não guardar distância de segurança";"Colisão traseira";"Com Vítimas Feridas";"Pleno dia";"Decrescente";"Céu Claro";"Dupla";"Não Informado";"Não";4;0;1;0;3;0;1;3;"-27.8181";"-48.6313";"SR-SC";"DEL8/1";"UOP02/SC"
182686;2019-01-03;"quinta-feira";"09:55:00";"RS";386;426,9;"MONTENEGRO";"Velocidade Incompatível";"Colisão traseira";"Sem Vítimas";"Pleno dia";"Crescente";"Chuva";"Simples";"Reta";"Não";3;0;0;0;3;0;0;2;"-29.82130917";"-51.35319889";"SR-RS";"DEL9/4";"UOP02/RS"
182687;2019-01-03;"quinta-feira";"10:30:00";"RJ";116;286,2;"BARRA MANSA";"Velocidade Incompatível";"Colisão com objeto estático";"Sem Vítimas";"Pleno dia";"Crescente";"Céu Claro";"Dupla";"Reta";"Não";1;0;0;0;1;0;0;1;"-22.547443";"-44.183659";"SR-RJ";"DEL5/7";"UOP02/RJ"
182688;2019-01-03;"quinta-feira";"11:19:00";"PR";376;660;"TIJUCAS DO SUL";"Sinalização da via insuficiente ou inadequada";"Engavetamento";"Com Vítimas Feridas";"Pleno dia";"Crescente";"Céu Claro";"Dupla";"Não Informado";"Não";20;0;4;2;14;0;6;14;"-25.85551615";"-48.99799347";"SR-PR";"DEL7/1";"UOP08/PR"
182690;2019-01-03;"quinta-feira";"12:10:00";"SC";282;341;"CAMPOS NOVOS";"Falta de Atenção à Condução";"Colisão traseira";"Com Vítimas Feridas";"Pleno dia";"Crescente";"Céu Claro";"Simples";"Reta";"Sim";6;0;1;1;4;0;2;3;"-27.389957";"-51.213387";"SR-SC";"DEL7";"UOP08/SC"
182691;2019-01-03;"quinta-feira";"11:50:00";"RJ";116;126;"MAGE";"Falta de Atenção à Condução";"Tombamento";"Com Vítimas Feridas";"Pleno dia";"Decrescente";"Céu Claro";"Dupla";"Curva";"Sim";4;0;4;0;0;0;4;1;"-22.654894";"-43.086365";"SR-RJ";"DEL5/4";"UOP02/RJ"
182692;2019-01-03;"quinta-feira";"12:20:00";"SC";101;114;"ITAJAI";"Falta de Atenção à Condução";"Colisão lateral";"Com Vítimas Feridas";"Pleno dia";"Decrescente";"Sol";"Dupla";"Reta";"Não";2;0;0;1;1;0;1;2;"-26.8708";"-48.7293";"SR-SC";"DEL8/4";"UOP04/SC"
182693;2019-01-03;"quinta-feira";"12:25:00";"RJ";116;283,1;"BARRA MANSA";"Avarias e/ou desgaste excessivo no pneu";"Queda de ocupante de veículo";"Com Vítimas Feridas";"Pleno dia";"Decrescente";"Nublado";"Dupla";"Curva";"Não";1;0;1;0;0;0;1;1;"-22.547443";"-44.183659";"SR-RJ";"DEL5/7";"UOP02/RJ"
182694;2019-01-03;"quinta-feira";"12:25:00";"PR";376;183,2;"SARANDI";"Falta de Atenção à Condução";"Tombamento";"Com Vítimas Feridas";"Pleno dia";"Decrescente";"Nublado";"Dupla";"Reta";"Sim";1;0;1;0;0;0;1;1;"-23.43799765";"-51.87682358";"SR-PR";"DEL7/7";"UOP04/PR"
182695;2019-01-03;"quinta-feira";"10:17:00";"BA";367;46,2;"PORTO SEGURO";"Avarias e/ou desgaste excessivo no pneu";"Tombamento";"Com Vítimas Feridas";"Pleno dia";"Crescente";"Céu Claro";"Simples";"Reta";"Não";2;0;2;0;0;0;2;1;"-16.371447";"-39.262077";"SR-BA";"DEL10/9";"UOP01/BA"
182696;2019-01-03;"quinta-feira";"13:03:00";"MG";262;438,6;"NOVA SERRANA";"Falta de Atenção do Pedestre";"Atropelamento de Pedestre";"Com Vítimas Fatais";"Pleno dia";"Decrescente";"Céu Claro";"Dupla";"Reta";"Sim";2;1;0;0;1;0;0;1;"-19.896221";"-44.869728";"SR-MG";"DEL4/8";"UOP03/MG"