"id";"data_inversa";"dia_semana";"horario";"uf";"br";"km";"municipio";"causa_acidente";"tipo_acidente";"classificacao_acidente";"fase_dia";"sentido_via";"condicao_metereologica";"tipo_pista";"tracado_via";"uso_solo";"pessoas";"mortos";"feridos_leves";"feridos_graves";"ilesos";"ignorados";"feridos";"veiculos";"latitude";"longitude";"regional";"delegacia";"uop"
183363;2019-01-04;"sexta-feira";"09:30:00";"MT";70;184;"GENERAL CARNEIRO";"Ingestão de Álcool";"Saída de leito carroçável";"Com Vítimas Feridas";"Pleno dia";"Decrescente";"Céu Claro";"Simples";"Desvio Temporário";"Não";1;0;1;0;0;0;1;1;"-15.699483";"-53.614403";"SR-MT";"DEL2/5";"UOP01/MT"
183364;2019-01-04;"sexta-feira";"12:00:00";"PI";343;3,4;"TERESINA";"Desobediência às normas de trânsito pelo condutor";"Colisão transversal";"Com Vítimas Feridas";"Pleno dia";"Crescente";"Sol";"Múltipla";"Interseção de vias";"Sim";2;0;1;0;1;0;1;2;"-5.08082931";"-42.78024137";"SR-PI";"DEL17/1";"UOP01/PI"
183365;2019-01-04;"sexta-feira";"13:00:00";"MG";381;737,4;"TRES CORACOES";"Velocidade Incompatível";"Colisão com objeto estático";"Sem Vítimas";"Pleno dia";"Crescente";"Chuva";"Dupla";"Curva";"Não";1;0;0;0;1;0;0;1;"-21.5656";"-45.2439";"SR-MG";"DEL09";"UOP02/MG"
183366;2019-01-04;"sexta-feira";"11:20:00";"PI";316;17;"TERESINA";"Desobediência às normas de trânsito pelo condutor";"Colisão transversal";"Com Vítimas Feridas";"Pleno dia";"Decrescente";"Céu Claro";"Simples";"Reta";"Não";2;0;1;0;1;0;1;2;"-5.238861";"-42.740273";"SR-PI";"DEL17/1";"UOP02/PI"
183367;2019-01-04;"sexta-feira";"10:20:00";"MG";50;68;"UBERLANDIA";"Falta de Atenção à Condução";"Colisão lateral";"Sem Vítimas";"Pleno dia";"Decrescente";"Chuva";"Dupla";"Curva";"Sim";2;0;0;0;2;0;0;2;"-18.8857";"-48.2638";"SR-MG";"DEL4/15";"UOP01/MG"
183368;2019-01-04;"sexta-feira";"12:15:00";"BA";324;619;"SALVADOR";"Falta de Atenção à Condução";"Queda de ocupante de veículo";"Com Vítimas Feridas";"Pleno dia";"Decrescente";"Céu Claro";"Múltipla";"Reta";"Sim";2;0;2;0;0;0;2;1;"-12.91296678";"-38.45965862";"SR-BA";"DEL10/1";"UOP01/BA"
183369;2019-01-04;"sexta-feira";"12:40:00";"CE";116;60,4;"CHOROZINHO";"Ultrapassagem Indevida";"Colisão com objeto estático";"Com Vítimas Feridas";"Pleno dia";"Crescente";"Céu Claro";"Simples";"Reta";"Sim";5;0;3;0;2;0;3;2;"-4.2217";"-38.4761";"SR-CE";"DEL16/3";"UOP02/CE"
183370;2019-01-04;"sexta-feira";"13:45:00";"SP";116;89,9;"PINDAMONHANGABA";"Não guardar distância de segurança";"Colisão traseira";"Com Vítimas Feridas";"Pleno dia";"Crescente";"Nublado";"Dupla";"Reta";"Não";2;0;1;0;1;0;1;2;"-22.939379";"-45.378887";"SR-SP";"DEL6";"UOP01/SP"
183371;2019-01-04;"sexta-feira";"13:00:00";"MG";365;307,9;"JOAO PINHEIRO";"Velocidade Incompatível";"Saída de leito carroçável";"Com Vítimas Feridas";"Pleno dia";"Crescente";"Chuva";"Simples";"Reta";"Não";5;0;5;0;0;0;5;1;"-18.181417";"-45.812325";"SR-MG";"DEL4/10";"UOP01/MG"
183372;2019-01-04;"sexta-feira";"12:30:00";"MT";163;66,7;"RONDONOPOLIS";"Fenômenos da Natureza";"Queda de ocupante de veículo";"Com Vítimas Feridas";"Pleno dia";"Decrescente";"Chuva";"Dupla";"Reta";"Não";1;0;1;0;0;0;1;1;"-16.936388";"-54.733311";"SR-MT";"DEL2/2";"UOP02/MT"
183373;2019-01-04;"sexta-feira";"14:00:00";"SC";101;215;"PALHOCA";"Falta de Atenção à Condução";"Colisão lateral";"Com Vítimas Feridas";"Pleno dia";"Decrescente";"Céu Claro";"Múltipla";"Reta";"Sim";3;0;1;0;2;0;1;3;"-27.6601";"-48.6774";"SR-SC";"DEL8/1";"UOP02/SC"
183374;2019-01-04;"sexta-feira";"13:20:00";"RJ";116;234,6;"PIRAI";"Defeito na Via";"Colisão com objeto estático";"Com Vítimas Feridas";"Pleno dia";"Crescente";"Sol";"Dupla";"Reta";"Não";1;0;1;0;0;0;1;1;"-22.64609597";"-43.89561653";"SR-RJ";"DEL5/7";"UOP01/RJ"
183375;2019-01-04;"sexta-feira";"14:35:00";"RN";304;295,5;"MACAIBA";"Falta de Atenção à Condução";"Engavetamento";"Com Vítimas Feridas";"Pleno dia";"Decrescente";"Céu Claro";"Simples";"Não Informado";"Sim";4;0;1;0;3;0;1;3;"-5.864849";"-35.349312";"SR-RN";"DEL15/1";"UOP02/RN"
183376;2019-01-04;"sexta-feira";"13:35:00";"SP";116;550;"BARRA DO TURVO";"Falta de Atenção à Condução";"Tombamento";"Com Vítimas Feridas";"Pleno dia";"Decrescente";"Chuva";"Dupla";"Curva";"Não";3;0;1;0;2;0;1;1;"-24.96458394";"-48.41125488";"SR-SP";"DEL6/5";"UOP03/SP"
183377;2019-01-04;"sexta-feira";"14:45:00";"SC";470;67;"INDAIAL";"Não guardar distância de segurança";"Colisão traseira";"Com Vítimas Feridas";"Pleno dia";"Crescente";"Chuva";"Simples";"Reta";"Sim";4;0;2;0;2;0;2;2;"-26.872158";"-49.23127";"SR-SC";"DEL8/4";"UOP01/SC"
183378;2019-01-04;"sexta-feira";"13:35:00";"AL";101;225,7;"PORTO REAL DO COLEGIO";"Desobediência às normas de trânsito pelo condutor";"Colisão transversal";"Com Vítimas Fatais";"Pleno dia";"Crescente";"Céu Claro";"Dupla";"Reta";"Não";3;1;0;0;2;0;0;2;"-10.09836";"-36.705189";"SR-AL";"DEL13/2";"UOP02/AL"
183379;2019-01-04;"sexta-feira";"14:35:00";"RJ";101;99;"CAMPOS DOS GOYTACAZES";"Defeito Mecânico no Veículo";"Incêndio";"Sem Vítimas";"Pleno dia";"Crescente";"Céu Claro";"Dupla";"Reta";"Não";1;0;0;0;1;0;0;1;"-21.875847";"-41.583336";"SR-RJ";"DEL5/8";"UOP02/RJ"
183380;2019-01-04;"sexta-feira";"13:20:00";"MG";381;737,1;"TRES CORACOES";"Velocidade Incompatível";"Engavetamento";"Com Vítimas Feridas";"Pleno dia";"Crescente";"Chuva";"Dupla";"Curva";"Não";5;0;1;0;4;0;1;5;"-21.5656";"-45.2439";"SR-MG";"DEL09";"UOP02/MG"
183382;2019-01-04;"sexta-feira";"13:50:00";"BA";135;160;"BARREIRAS";"Velocidade Incompatível";"Saída de leito carroçável";"Com Vítimas Fatais";"Pleno dia";"Crescente";"Céu Claro";"Simples";"Reta";"Não";4;1;3;0;0;0;3;1;"-12.146101";"-44.992408";"SR-BA";"DEL10/10";"UOP01/BA"
183383;2019-01-04;"sexta-feira";"14:15:00";"MG";50;0,1;"ARAGUARI";"Falta de Atenção à Condução";"Colisão com objeto estático";"Com Vítimas Feridas";"Pleno dia";"Decrescente";"Chuva";"Dupla";"Curva";"Não";2;0;0;1;0;1;1;2;"-18.4319";"-48.0609";"SR-MG";"DEL4/15";"UOP02/MG"
183385;2019-01-04;"sexta-feira";"13:15:00";"PB";230;17,8;"JOAO PESSOA";"Não guardar distância de segurança";"Colisão traseira";"Com Vítimas Feridas";"Pleno dia";"Decrescente";"Céu Claro";"Dupla";"Reta";"Não";3;0;1;1;1;0;2;2;"-7.12064741";"-34.84509414";"SR-PB";"DEL14/1";"UOP01/PB"
183386;2019-01-04;"sexta-feira";"13:30:00";"PA";316;87;"SANTA MARIA DO PARA";"Falta de Atenção à Condução";"Colisão transversal";"Com Vítimas Feridas";"Pleno dia";"Crescente";"Sol";"Simples";"Reta";"Não";6;0;6;0;0;0;6;2;"-1.33662198";"-47.61137187";"SR-PA";"DEL19/1";"UOP03/PA"
183387;2019-01-04;"sexta-feira";"14:00:00";"SE";101;154;"ESTANCIA";"Falta de Atenção à Condução";"Colisão transversal";"Com Vítimas Feridas";"Pleno dia";"Crescente";"Céu Claro";"Simples";"Não Informado";"Não";2;0;0;1;1;0;1;2;"-11.2861";"-37.4594";"SR-SE";"DEL20/2";"UOP01/SE"
183388;2019-01-04;"sexta-feira";"14:35:00";"BA";324;602;"SIMOES FILHO";"Falta de Atenção à Condução";"Colisão lateral";"Com Vítimas Feridas";"Pleno dia";"Crescente";"Céu Claro";"Dupla";"Reta";"Não";4;0;2;1;1;0;3;3;"-12.773364";"-38.419178";"SR-BA";"DEL10/1";"UOP01/BA"
183389;2019-01-04;"sexta-feira";"15:40:00";"RJ";101;217,3;"SILVA JARDIM";"Desobediência às normas de trânsito pelo condutor";"Colisão transversal";"Com Vítimas Fatais";"Pleno dia";"Crescente";"Céu Claro";"Simples";"Não Informado";"Não";6;2;0;4;0;0;4;2;"-22.50766";"-42.291695";"SR-RJ";"DEL5/2";"UOP03/RJ"
183390;2019-01-04;"sexta-feira";"16:00:00";"SP";116;67,4;"GUARATINGUETA";"Não guardar distância de segurança";"Colisão com objeto estático";"Sem Vítimas";"Pleno dia";"Decrescente";"Chuva";"Dupla";"Reta";"Sim";1;0;0;0;1;0;0;1;"-22.828665";"-45.20887";"SR-SP";"DEL6/8";"UOP02/SP"
183391;2019-01-04;"sexta-feira";"15:40:00";"RJ";116;309;"RESENDE";"Falta de Atenção à Condução";"Colisão traseira";"Com Vítimas Feridas";"Pleno dia";"Decrescente";"Nublado";"Dupla";"Reta";"Não";3;0;1;1;1;0;2;2;"-22.459236";"-44.434776";"SR-RJ";"DEL5/7";"UOP03/RJ"
183392;2019-01-04;"sexta-feira";"12:05:00";"PR";277;120;"CAMPO LARGO";"Falta de Atenção à Condução";"Colisão lateral";"Com Vítimas Feridas";"Pleno dia";"Decrescente";"Céu Claro";"Dupla";"Interseção de vias";"Sim";3;0;0;2;1;0;2;2;"-25.45405815";"-49.55625091";"SR-PR";"DEL7/1";"UOP05/PR"
183393;2019-01-04;"sexta-feira";"16:15:00";"SP";116;200,9;"ARUJA";"Falta de Atenção à Condução";"Saída de leito carroçável";"Sem Vítimas";"Pleno dia";"Decrescente";"Chuva";"Dupla";"Curva";"Sim";2;0;0;0;2;0;0;1;"-23.40337537";"-46.32864833";"SR-SP";"DEL6/1";"UOP02/SP"
183394;2019-01-04;"sexta-feira";"12:30:00";"PE";232;409,1;"SERRA TALHADA";"Falta de Atenção à Condução";"Colisão traseira";"Com Vítimas Feridas";"Pleno dia";"Crescente";"Céu Claro";"Simples";"Reta";"Sim";5;0;0;3;2;0;3;2;"-7.981944";"-38.289467";"SR-PE";"DEL11/4";"UOP01/PE"
183395;2019-01-04;"sexta-feira";"15:39:00";"RJ";101;321;"NITEROI";"Falta de Atenção à Condução";"Queda de ocupante de veículo";"Com Vítimas Feridas";"Pleno dia";"Decrescente";"Céu Claro";"Dupla";"Reta";"Sim";1;0;0;1;0;0;1;1;"-22.869852";"-43.110458";"SR-RJ";"DEL5/2";"UOP01/RJ"
183396;2019-01-04;"sexta-feira";"10:45:00";"PR";277;103,9;"CAMPO LARGO";"Não guardar distância de segurança";"Engavetamento";"Com Vítimas Feridas";"Pleno dia";"Crescente";"Nublado";"Dupla";"Reta";"Não";8;0;3;0;5;0;3;3;"-25.4306515";"-49.3978505";"SR-PR";"DEL7/1";"UOP04/PR"
183397;2019-01-04;"sexta-feira";"16:10:00";"RJ";101;318,8;"SAO GONCALO";"Defeito Mecânico no Veículo";"Queda de ocupante de veículo";"Com Vítimas Feridas";"Pleno dia";"Decrescente";"Céu Claro";"Dupla";"Reta";"Não";1;0;1;0;0;0;1;1;"-22.845663";"-43.098431";"SR-RJ";"DEL5/2";"UOP02/RJ"
183398;2019-01-04;"sexta-feira";"12:15:00";"MG";381;729,8;"CARMO DA CACHOEIRA";"Velocidade Incompatível";"Saída de leito carroçável";"Com Vítimas Feridas";"Pleno dia";"Crescente";"Chuva";"Dupla";"Curva";"Não";2;0;1;0;1;0;1;1;"-21.503";"-45.215";"SR-MG";"DEL4/4";"UOP02/MG"
183399;2019-01-04;"sexta-feira";"13:50:00";"SC";470;216,6;"SAO CRISTOVAO DO SUL";"Falta de Atenção à Condução";"Colisão lateral";"Com Vítimas Feridas";"Pleno dia";"Decrescente";"Nublado";"Simples";"Reta";"Não";2;0;1;0;1;0;1;2;"-27.303444";"-50.276501";"SR-SC";"DEL8/5";"UOP03/SC"
183400;2019-01-04;"sexta-feira";"17:10:00";"SC";101;77,4;"ARAQUARI";"Defeito Mecânico no Veículo";"Queda de ocupante de veículo";"Com Vítimas Feridas";"Pleno dia";"Decrescente";"Chuva";"Simples";"Curva";"Não";2;0;1;1;0;0;2;1;"-26.57289279";"-48.72251451";"SR-SC";"DEL8/3";"UOP02/SC"
183401;2019-01-04;"sexta-feira";"15:10:00";"MG";116;782,2;"LEOPOLDINA";"Velocidade Incompatível";"Saída de leito carroçável";"Com Vítimas Feridas";"Pleno dia";"Decrescente";"Céu Claro";"Simples";"Curva";"Não";3;0;3;0;0;0;3;1;"-21.5426152";"-42.6557796";"SR-MG";"DEL4/7";"UOP01/MG"
183402;2019-01-04;"sexta-feira";"16:50:00";"RJ";116;258,1;"VOLTA REDONDA";"Pista Escorregadia";"Colisão com objeto estático";"Com Vítimas Feridas";"Pleno dia";"Crescente";"Chuva";"Dupla";"Curva";"Não";1;0;1;0;0;0;1;1;"-22.560883";"-44.122238";"SR-RJ";"DEL5/7";"UOP02/RJ"
183403;2019-01-04;"sexta-feira";"16:18:00";"PR";116;143,3;"MANDIRITUBA";"Pista Escorregadia";"Colisão frontal";"Com Vítimas Feridas";"Pleno dia";"Crescente";"Chuva";"Múltipla";"Não Informado";"Não";4;0;2;0;2;0;2;3;"-25.772902";"-49.323254";"SR-PR";"DEL7/1";"UOP03/PR"
183404;2019-01-04;"sexta-feira";"17:10:00";"PR";476;82,2;"BOCAIUVA DO SUL";"Falta de Atenção à Condução";"Colisão frontal";"Com Vítimas Feridas";"Pleno dia";"Crescente";"Garoa/Chuvisco";"Simples";"Curva";"Não";2;0;1;0;1;0;1;2;"-25.138002";"-49.104736";"SR-PR";"DEL7/1";"UOP01/PR"
183405;2019-01-04;"sexta-feira";"17:00:00";"RS";386;241;"SOLEDADE";"Desobediência às normas de trânsito pelo condutor";"Colisão frontal";"Com Vítimas Fatais";"Pleno dia";"Decrescente";"Sol";"Simples";"Reta";"Não";6;2;1;1;1;1;2;3;"-28.774895";"-52.533451";"SR-RS";"DEL9/4";"UOP04/RS"
183406;2019-01-04;"sexta-feira";"15:15:00";"SP";116;153,2;"SAO JOSE DOS CAMPOS";"Falta de Atenção à Condução";"Saída de leito carroçável";"Com Vítimas Feridas";"Pleno dia";"Decrescente";"Nublado";"Dupla";"Reta";"Sim";1;0;0;1;0;0;1;1;"-23.219809";"-45.899918";"SR-SP";"DEL6/2";"UOP01/SP"
183407;2019-01-04;"sexta-feira";"16:30:00";"RJ";116;114;"MAGE";"Falta de Atenção à Condução";"Tombamento";"Com Vítimas Feridas";"Pleno dia";"Decrescente";"Nublado";"Dupla";"Curva";"Não";1;0;1;0;0;0;1;1;"-22.580149";"-43.011547";"SR-RJ";"DEL5/4";"UOP02/RJ"
183408;2019-01-04;"sexta-feira";"17:20:00";"SC";470;64;"INDAIAL";"Falta de Atenção à Condução";"Colisão traseira";"Com Vítimas Feridas";"Pleno dia";"Crescente";"Chuva";"Simples";"Reta";"Não";3;0;1;0;2;0;1;2;"-26.869867";"-49.201859";"SR-SC";"DEL8/4";"UOP01/SC"
183409;2019-01-04;"sexta-feira";"17:00:00";"GO";153;510,7;"APARECIDA DE GOIANIA";"Não guardar distância de segurança";"Colisão lateral";"Com Vítimas Feridas";"Pleno dia";"Crescente";"Nublado";"Simples";"Reta";"Sim";2;0;1;0;1;0;1;2;"-16.7977";"-49.2386";"SR-GO";"DEL1/1";"UOP03/GO"
183410;2019-01-04;"sexta-feira";"17:00:00";"MG";365;636,9;"UBERLANDIA";"Defeito Mecânico no Veículo";"Colisão com objeto estático";"Com Vítimas Feridas";"Pleno dia";"Decrescente";"Céu Claro";"Dupla";"Reta";"Não";9;0;1;0;1;7;1;1;"-18.89920354";"-48.37003469";"SR-MG";"DEL4/15";"UOP01/MG"
183411;2019-01-04;"sexta-feira";"15:35:00";"RJ";101;302;"SAO GONCALO";"Falta de Atenção à Condução";"Capotamento";"Com Vítimas Feridas";"Pleno dia";"Crescente";"Céu Claro";"Dupla";"Reta";"Não";2;0;0;2;0;0;2;1;"-22.780695";"-42.967072";"SR-RJ";"DEL5/2";"UOP02/RJ"
183412;2019-01-04;"sexta-feira";"14:00:00";"MG";146;445,2;"MUZAMBINHO";"Não guardar distância de segurança";"Colisão lateral";"Com Vítimas Feridas";"Pleno dia";"Crescente";"Céu Claro";"Simples";"Não Informado";"Não";2;0;1;0;1;0;1;2;"-21.33678";"-46.556315";"SR-MG";"PM/MG";""
183413;2019-01-04;"sexta-feira";"13:10:00";"SC";470;242,6;"CURITIBANOS";"Velocidade Incompatível";"Tombamento";"Com Vítimas Feridas";"Pleno dia";"Decrescente";"Nublado";"Simples";"Rotatória";"Não";2;0;2;0;0;0;2;1;"-27.31504416";"-50.51530838";"SR-SC";"DEL8/5";"UOP03/SC"
183414;2019-01-04;"sexta-feira";"16:00:00";"PI";316;360;"CAMPO GRANDE DO PIAUI";"Falta de Atenção à Condução";"Saída de leito carroçável";"Com Vítimas Feridas";"Pleno dia";"Decrescente";"Céu Claro";"Simples";"Reta";"Não";3;0;1;0;2;0;1;1;"-7.13666367";"-41.00406647";"SR-PI";"DEL17/4";"UOP03/PI"
183415;2019-01-04;"sexta-feira";"17:10:00";"MG";50;65,7;"UBERLANDIA";"Falta de Atenção à Condução";"Saída de leito carroçável";"Com Vítimas Feridas";"Pleno dia";"Crescente";"Céu Claro";"Dupla";"Interseção de vias";"Não";1;0;0;1;0;0;1;1;"-18.85968638";"-48.25716197";"SR-MG";"DEL4/15";"UOP02/MG"
183416;2019-01-04;"sexta-feira";"16:15:00";"PR";277;279,7;"PRUDENTOPOLIS";"Fenômenos da Natureza";"Saída de leito carroçável";"Com Vítimas Feridas";"Pleno dia";"Decrescente";"Chuva";"Simples";"Curva";"Não";2;0;1;0;1;0;1;1;"-25.32115797";"-50.96812519";"SR-PR";"DEL7/3";"UOP04/PR"
183417;2019-01-04;"sexta-feira";"16:30:00";"SP";116;489;"CAJATI";"Velocidade Incompatível";"Capotamento";"Com Vítimas Feridas";"Pleno dia";"Crescente";"Céu Claro";"Dupla";"Curva";"Sim";3;0;3;0;0;0;3;1;"-24.73934801";"-48.11462402";"SR-SP";"DEL6/5";"UOP02/SP"
183418;2019-01-04;"sexta-feira";"18:13:00";"SC";101;215,8;"PALHOCA";"Desobediência às normas de trânsito pelo condutor";"Colisão transversal";"Com Vítimas Feridas";"Pleno dia";"Crescente";"Sol";"Dupla";"Interseção de vias";"Sim";2;0;1;0;1;0;1;2;"-27.6601";"-48.6774";"SR-SC";"DEL8/1";"UOP02/SC"
183420;2019-01-04;"sexta-feira";"18:19:00";"SC";101;215,9;"PALHOCA";"Falta de Atenção à Condução";"Colisão traseira";"Com Vítimas Feridas";"Anoitecer";"Crescente";"Nublado";"Dupla";"Reta";"Não";2;0;2;0;0;0;2;2;"-27.6601";"-48.6774";"SR-SC";"DEL8/1";"UOP02/SC"
183421;2019-01-04;"sexta-feira";"17:15:00";"SC";282;610,9;"MARAVILHA";"Velocidade Incompatível";"Saída de leito carroçável";"Sem Vítimas";"Pleno dia";"Crescente";"Chuva";"Simples";"Não Informado";"Não";2;0;0;0;1;1;0;2;"-26.756321";"-53.230247";"SR-SC";"DEL7";"UOP02/SC"
183422;2019-01-04;"sexta-feira";"17:50:00";"SP";116;69,2;"APARECIDA";"Não guardar distância de segurança";"Colisão traseira";"Com Vítimas Feridas";"Pleno dia";"Decrescente";"Chuva";"Dupla";"Não Informado";"Não";3;0;1;0;2;0;1;2;"-22.840126";"-45.223633";"SR-SP";"DEL6/8";"UOP02/SP"
183423;2019-01-04;"sexta-feira";"17:00:00";"SC";116;245,7;"LAGES";"Falta de Atenção à Condução";"Colisão traseira";"Com Vítimas Feridas";"Pleno dia";"Crescente";"Céu Claro";"Simples";"Rotatória";"Sim";2;0;1;0;1;0;1;2;"-27.795443";"-50.361874";"SR-SC";"DEL8/5";"UOP02/SC"
183425;2019-01-04;"sexta-feira";"18:45:00";"RS";116;258;"ESTEIO";"Falta de Atenção à Condução";"Colisão traseira";"Com Vítimas Feridas";"Pleno dia";"Crescente";"Céu Claro";"Dupla";"Reta";"Não";2;0;1;0;1;0;1;2;"-29.86158";"-51.180912";"SR-RS";"DEL9/1";"UOP02/RS"
183426;2019-01-04;"sexta-feira";"18:50:00";"SC";470;65,9;"INDAIAL";"Falta de Atenção à Condução";"Colisão transversal";"Com Vítimas Feridas";"Pleno dia";"Decrescente";"Nublado";"Simples";"Reta";"Sim";5;0;3;0;2;0;3;2;"-26.870411";"-49.211864";"SR-SC";"DEL8/4";"UOP01/SC"
183427;2019-01-04;"sexta-feira";"18:55:00";"MG";40;553,3;"NOVA LIMA";"Desobediência às normas de trânsito pelo pedestre";"Atropelamento de Pedestre";"Com Vítimas Feridas";"Anoitecer";"Crescente";"Nublado";"Dupla";"Curva";"Sim";5;0;1;0;2;2;1;2;"-20.077";"-43.9823";"SR-MG";"DEL4/1";"UOP02/MG"
183428;2019-01-04;"sexta-feira";"18:50:00";"DF";80;31,8;"BRASILIA";"Ingestão de Álcool";"Colisão lateral";"Com Vítimas Feridas";"Anoitecer";"Crescente";"Chuva";"Simples";"Não Informado";"Não";2;0;1;0;1;0;1;2;"-15.58047304";"-48.18481207";"SR-DF";"DF";"UOP06/DF"
183429;2019-01-04;"sexta-feira";"17:30:00";"SP";101;43,3;"UBATUBA";"Falta de Atenção à Condução";"Colisão transversal";"Com Vítimas Feridas";"Pleno dia";"Crescente";"Sol";"Simples";"Curva";"Sim";3;0;2;0;1;0;2;2;"-23.40831806";"-45.06173372";"SR-SP";"DEL6";"UOP03/SP"
183430;2019-01-04;"sexta-feira";"17:10:00";"PE";104;46,4;"CARUARU";"Falta de Atenção à Condução";"Colisão traseira";"Com Vítimas Feridas";"Anoitecer";"Crescente";"Céu Claro";"Dupla";"Curva";"Não";1;0;1;0;0;0;1;1;"-8.1203";"-35.999";"SR-PE";"DEL11/2";"UOP01/PE"
183431;2019-01-04;"sexta-feira";"18:15:00";"SP";381;60,9;"MAIRIPORA";"Velocidade Incompatível";"Colisão com objeto estático";"Sem Vítimas";"Pleno dia";"Crescente";"Chuva";"Dupla";"Curva";"Não";1;0;0;0;0;1;0;1;"-23.29355673";"-46.57466269";"SR-SP";"DEL6/3";"UOP02/SP"
183434;2019-01-04;"sexta-feira";"19:15:00";"SC";101;208;"SAO JOSE";"Ingestão de Álcool";"Colisão traseira";"Com Vítimas Feridas";"Pleno dia";"Decrescente";"Céu Claro";"Dupla";"Reta";"Sim";2;0;0;1;1;0;1;2;"-27.6101";"-48.6388";"SR-SC";"DEL8/1";"UOP01/SC"
183435;2019-01-04;"sexta-feira";"17:25:00";"PA";230;114;"MARABA";"Restrição de Visibilidade";"Colisão traseira";"Com Vítimas Feridas";"Anoitecer";"Crescente";"Sol";"Simples";"Reta";"Não";2;0;0;1;1;0;1;2;"-5.364642";"-49.066322";"SR-PA";"DEL19/3";"UOP01/PA"
183436;2019-01-04;"sexta-feira";"19:00:00";"ES";101;263,8;"SERRA";"Desobediência às normas de trânsito pelo condutor";"Colisão transversal";"Com Vítimas Feridas";"Plena Noite";"Decrescente";"Céu Claro";"Dupla";"Interseção de vias";"Sim";3;0;2;0;1;0;2;2;"-20.17324364";"-40.26726549";"SR-ES";"DEL12/2";"UOP01/ES"
183437;2019-01-04;"sexta-feira";"17:30:00";"ES";101;269,9;"SERRA";"Falta de Atenção à Condução";"Colisão traseira";"Com Vítimas Feridas";"Anoitecer";"Decrescente";"Céu Claro";"Dupla";"Reta";"Sim";2;0;1;0;1;0;1;2;"-20.21676298";"-40.27010864";"SR-ES";"DEL12/2";"UOP01/ES"
183438;2019-01-04;"sexta-feira";"19:00:00";"RJ";40;38;"AREAL";"Falta de Atenção à Condução";"Tombamento";"Com Vítimas Feridas";"Plena Noite";"Decrescente";"Chuva";"Dupla";"Curva";"Não";2;0;1;0;1;0;1;1;"-22.22962";"-43.118694";"SR-RJ";"DEL5/6";"UOP01/RJ"
183439;2019-01-04;"sexta-feira";"16:25:00";"MG";116;517,3;"UBAPORANGA";"Velocidade Incompatível";"Saída de leito carroçável";"Com Vítimas Feridas";"Pleno dia";"Crescente";"Céu Claro";"Simples";"Curva";"Não";2;0;1;1;0;0;2;1;"-19.693707";"-42.118003";"SR-MG";"DEL4/6";"UOP02/MG"
183440;2019-01-04;"sexta-feira";"18:20:00";"CE";304;68,4;"ARACATI";"Falta de Atenção do Pedestre";"Atropelamento de Pedestre";"Com Vítimas Fatais";"Plena Noite";"Crescente";"Céu Claro";"Simples";"Reta";"Não";6;1;0;0;4;1;0;3;"-4.646055";"-37.626686";"SR-CE";"DEL16/3";"UOP03/CE"
183441;2019-01-04;"sexta-feira";"17:25:00";"PE";232;181;"BELO JARDIM";"Falta de Atenção à Condução";"Colisão lateral";"Com Vítimas Feridas";"Anoitecer";"Decrescente";"Céu Claro";"Simples";"Reta";"Não";2;0;0;1;1;0;1;2;"-8.34628";"-36.437763";"SR-PE";"DEL11/2";"UOP02/PE"
183444;2019-01-04;"sexta-feira";"19:35:00";"PR";376;474,7;"PONTA GROSSA";"Velocidade Incompatível";"Saída de leito carroçável";"Com Vítimas Feridas";"Anoitecer";"Decrescente";"Chuva";"Dupla";"Curva";"Não";4;0;2;2;0;0;4;1;"-25.03518992";"-50.30054659";"SR-PR";"DEL7/3";"UOP01/PR"
183445;2019-01-04;"sexta-feira";"17:45:00";"SC";282;80;"RANCHO QUEIMADO";"Pista Escorregadia";"Colisão frontal";"Com Vítimas Feridas";"Pleno dia";"Decrescente";"Nublado";"Simples";"Curva";"Não";5;0;2;3;0;0;5;2;"-27.663555";"-49.159309";"SR-SC";"DEL8/1";"UOP03/SC"
183446;2019-01-04;"sexta-feira";"20:00:00";"RS";290;94;"PORTO ALEGRE";"Defeito Mecânico no Veículo";"Tombamento";"Com Vítimas Feridas";"Pleno dia";"Crescente";"Céu Claro";"Dupla";"Reta";"Sim";2;0;2;0;0;0;2;1;"-29.973856";"-51.197853";"SR-RS";"DEL9/1";"UOP01/RS"
183447;2019-01-04;"sexta-feira";"20:39:00";"PR";369;151,9;"LONDRINA";"Desobediência às normas de trânsito pelo condutor";"Colisão lateral";"Com Vítimas Fatais";"Plena Noite";"Crescente";"Céu Claro";"Dupla";"Reta";"Sim";2;1;0;0;1;0;0;2;"-23.292753";"-51.180611";"SR-PR";"DEL7/7";"UOP01/PR"
183448;2019-01-04;"sexta-feira";"18:30:00";"MG";381;683,3;"PERDOES";"Velocidade Incompatível";"Saída de leito carroçável";"Com Vítimas Feridas";"Anoitecer";"Decrescente";"Chuva";"Dupla";"Curva";"Não";2;0;1;0;1;0;1;1;"-21.158";"-45.1171";"SR-MG";"DEL4/4";"UOP02/MG"
183449;2019-01-04;"sexta-feira";"21:00:00";"GO";40;8;"VALPARAISO DE GOIAS";"Falta de Atenção do Pedestre";"Atropelamento de Pedestre";"Com Vítimas Feridas";"Plena Noite";"Crescente";"Céu Claro";"Dupla";"Reta";"Sim";2;0;1;0;1;0;1;1;"-16.116158";"-47.96761";"SR-DF";"GO";"UOP01/DF"