"id";"data_inversa";"dia_semana";"horario";"uf";"br";"km";"municipio";"causa_acidente";"tipo_acidente";"classificacao_acidente";"fase_dia";"sentido_via";"condicao_metereologica";"tipo_pista";"tracado_via";"uso_solo";"pessoas";"mortos";"feridos_leves";"feridos_graves";"ilesos";"ignorados";"feridos";"veiculos";"latitude";"longitude";"regional";"delegacia";"uop"
183633;2019-01-05;"sábado";"20:50:00";"SC";101;136;"BALNEARIO CAMBORIU";"Não guardar distância de segurança";"Colisão lateral";"Com Vítimas Feridas";"Plena Noite";"Decrescente";"Céu Claro";"Dupla";"Reta";"Sim";3;0;2;0;1;0;2;2;"-27.0158";"-48.6117";"SR-SC";"DEL8/4";"UOP03/SC"
183634;2019-01-05;"sábado";"19:35:00";"MS";163;260,4;"DOURADOS";"Pista Escorregadia";"Colisão com objeto estático";"Com Vítimas Feridas";"Plena Noite";"Decrescente";"Chuva";"Dupla";"Curva";"Não";1;0;0;1;0;0;1;1;"-22.24030769";"-54.76871762";"SR-MS";"DEL3/4";"UOP01/MS"
183635;2019-01-05;"sábado";"20:40:00";"GO";20;181;"SIMOLANDIA";"Falta de Atenção à Condução";"Colisão transversal";"Com Vítimas Feridas";"Plena Noite";"Crescente";"Céu Claro";"Simples";"Reta";"Não";2;0;1;0;1;0;1;2;"-14.470801";"-46.486183";"SR-DF";"GO";"UOP05/DF"
183636;2019-01-05;"sábado";"18:00:00";"MT";163;1103;"GUARANTA DO NORTE";"Falta de Atenção à Condução";"Tombamento";"Com Vítimas Feridas";"Anoitecer";"Decrescente";"Nublado";"Simples";"Curva";"Não";1;0;1;0;0;0;1;1;"-9.67749088";"-54.88300834";"SR-MT";"DEL2/6";"UOP02/MT"
183637;2019-01-05;"sábado";"20:00:00";"RN";110;45,3;"MOSSORO";"Ingestão de Álcool";"Saída de leito carroçável";"Com Vítimas Feridas";"Plena Noite";"Decrescente";"Nublado";"Simples";"Reta";"Sim";1;0;0;1;0;0;1;1;"-5.19466488";"-37.31392806";"SR-RN";"DEL15/4";"UOP01/RN"
183639;2019-01-05;"sábado";"19:30:00";"TO";153;477,9;"BARROLANDIA";"Velocidade Incompatível";"Colisão transversal";"Com Vítimas Feridas";"Plena Noite";"Crescente";"Ignorado";"Simples";"Reta";"Não";4;0;2;2;0;0;4;2;"-10.0457365";"-48.81475568";"SR-TO";"UOP02/TO";""
183640;2019-01-05;"sábado";"21:10:00";"RS";287;257,2;"SANTA MARIA";"Velocidade Incompatível";"Saída de leito carroçável";"Com Vítimas Feridas";"Plena Noite";"Decrescente";"Céu Claro";"Simples";"Curva";"Não";3;0;2;0;0;1;2;2;"-29.681389";"-53.941212";"SR-RS";"DEL9/9";"UOP01/RS"
183641;2019-01-05;"sábado";"21:20:00";"RS";101;8,8;"TORRES";"Falta de Atenção à Condução";"Capotamento";"Com Vítimas Feridas";"Plena Noite";"Crescente";"Nublado";"Dupla";"Reta";"Não";2;0;2;0;0;0;2;1;"-29.360483";"-49.807865";"SR-RS";"DEL9/3";"UOP03/RS"
183642;2019-01-05;"sábado";"10:00:00";"MG";116;142;"PONTO DOS VOLANTES";"Falta de Atenção à Condução";"Colisão traseira";"Com Vítimas Feridas";"Pleno dia";"Crescente";"Sol";"Simples";"Curva";"Não";4;0;1;1;2;0;2;2;"-16.86369095";"-41.47373199";"SR-MG";"DEL4/11";"UOP02/MG"
183643;2019-01-05;"sábado";"21:40:00";"RJ";116;120,4;"MAGE";"Falta de Atenção à Condução";"Queda de ocupante de veículo";"Com Vítimas Feridas";"Plena Noite";"Decrescente";"Chuva";"Dupla";"Reta";"Não";1;0;1;0;0;0;1;1;"-22.621939";"-43.04364";"SR-RJ";"DEL5/4";"UOP02/RJ"
183644;2019-01-05;"sábado";"20:50:00";"GO";40;24,8;"LUZIANIA";"Desobediência às normas de trânsito pelo condutor";"Colisão frontal";"Com Vítimas Feridas";"Plena Noite";"Crescente";"Céu Claro";"Simples";"Reta";"Não";2;0;0;1;0;1;1;2;"-16.252738";"-47.900437";"SR-DF";"GO";"UOP01/DF"
183645;2019-01-05;"sábado";"20:35:00";"PE";232;152,8;"SAO CAITANO";"Ultrapassagem Indevida";"Saída de leito carroçável";"Com Vítimas Feridas";"Plena Noite";"Decrescente";"Céu Claro";"Simples";"Não Informado";"Não";1;0;1;0;0;0;1;1;"-8.327275";"-36.18582";"SR-PE";"DEL11/2";"UOP02/PE"
183646;2019-01-05;"sábado";"17:30:00";"PA";316;22;"BENEVIDES";"Falta de Atenção à Condução";"Saída de leito carroçável";"Com Vítimas Feridas";"Anoitecer";"Decrescente";"Chuva";"Dupla";"Reta";"Sim";1;0;1;0;0;0;1;1;"-1.360972";"-48.262413";"SR-PA";"DEL19/1";"UOP01/PA"
183647;2019-01-05;"sábado";"21:00:00";"BA";418;75,5;"CARAVELAS";"Animais na Pista";"Atropelamento de Animal";"Com Vítimas Feridas";"Plena Noite";"Crescente";"Nublado";"Simples";"Reta";"Não";4;0;3;0;1;0;3;1;"-17.734264";"-39.553185";"SR-BA";"DEL10/9";"UOP03/BA"
183648;2019-01-05;"sábado";"17:15:00";"SC";116;133;"SANTA CECILIA";"Carga excessiva e/ou mal acondicionada";"Derramamento de carga";"Sem Vítimas";"Pleno dia";"Crescente";"Garoa/Chuvisco";"Simples";"Rotatória";"Não";1;0;0;0;1;0;0;1;"-26.91588";"-50.445751";"SR-SC";"DEL8/6";"UOP02/SC"
183649;2019-01-05;"sábado";"19:00:00";"BA";116;555;"NOVA ITARANA";"Carga excessiva e/ou mal acondicionada";"Tombamento";"Sem Vítimas";"Plena Noite";"Crescente";"Céu Claro";"Simples";"Curva";"Não";1;0;0;0;1;0;0;1;"-12.93383";"-39.9037";"SR-BA";"DEL10/3";"UOP02/BA"
183650;2019-01-05;"sábado";"21:10:00";"RS";287;257,2;"SANTA MARIA";"Objeto estático sobre o leito carroçável";"Colisão lateral";"Com Vítimas Feridas";"Plena Noite";"Decrescente";"Céu Claro";"Simples";"Reta";"Não";5;0;1;0;3;1;1;2;"-29.681389";"-53.941212";"SR-RS";"DEL9/9";"UOP01/RS"
183651;2019-01-05;"sábado";"07:00:00";"DF";60;2;"BRASILIA";"Falta de Atenção à Condução";"Capotamento";"Com Vítimas Feridas";"Pleno dia";"Decrescente";"Céu Claro";"Dupla";"Reta";"Sim";1;0;1;0;0;0;1;1;"-15.887383";"-48.077988";"SR-DF";"DF";"UOP03/DF"
183653;2019-01-05;"sábado";"18:30:00";"MT";364;574;"NOBRES";"Defeito Mecânico no Veículo";"Incêndio";"Sem Vítimas";"Amanhecer";"Decrescente";"Céu Claro";"Dupla";"Desvio Temporário";"Não";1;0;0;0;1;0;0;1;"-14.699872";"-56.317268";"SR-MT";"DEL2/4";"UOP01/MT"
183654;2019-01-05;"sábado";"22:40:00";"PR";376;191,6;"MARIALVA";"Desobediência às normas de trânsito pelo pedestre";"Saída de leito carroçável";"Sem Vítimas";"Plena Noite";"Decrescente";"Céu Claro";"Dupla";"Reta";"Não";2;0;0;0;2;0;0;2;"-23.471231";"-51.819515";"SR-PR";"DEL7/7";"UOP04/PR"
183655;2019-01-05;"sábado";"22:50:00";"PR";376;642,5;"TIJUCAS DO SUL";"Falta de Atenção à Condução";"Saída de leito carroçável";"Com Vítimas Feridas";"Plena Noite";"Crescente";"Garoa/Chuvisco";"Dupla";"Reta";"Não";3;0;0;1;2;0;1;2;"-25.81194548";"-49.13291931";"SR-PR";"DEL7/1";"UOP08/PR"
183656;2019-01-05;"sábado";"22:00:00";"RJ";101;297;"ITABORAI";"Falta de Atenção à Condução";"Colisão traseira";"Com Vítimas Feridas";"Plena Noite";"Decrescente";"Céu Claro";"Dupla";"Reta";"Sim";2;0;1;0;1;0;1;2;"-22.769421";"-42.918736";"SR-RJ";"DEL5/2";"UOP02/RJ"
183657;2019-01-05;"sábado";"21:05:00";"MG";381;423,9;"CAETE";"Sinalização da via insuficiente ou inadequada";"Colisão frontal";"Com Vítimas Fatais";"Plena Noite";"Crescente";"Céu Claro";"Simples";"Túnel";"Não";2;1;0;0;1;0;0;2;"-19.76356851";"-43.64190906";"SR-MG";"DEL4/1";"UOP01/MG"
183658;2019-01-05;"sábado";"21:30:00";"MA";10;225;"GOVERNADOR EDISON LOBAO";"Desobediência às normas de trânsito pelo condutor";"Colisão transversal";"Com Vítimas Feridas";"Plena Noite";"Crescente";"Nublado";"Simples";"Reta";"Sim";6;0;4;2;0;0;6;2;"-5.745605";"-47.359642";"SR-MA";"DEL18/4";"UOP01/MA"
183659;2019-01-05;"sábado";"18:30:00";"MS";262;324,7;"CAMPO GRANDE";"Falta de Atenção à Condução";"Colisão lateral";"Com Vítimas Feridas";"Pleno dia";"Crescente";"Céu Claro";"Simples";"Reta";"Não";2;0;0;2;0;0;2;2;"-20.46848049";"-54.52354076";"SR-MS";"DEL3/1";"UOP01/MS"
183660;2019-01-06;"domingo";"00:30:00";"SP";116;545,9;"BARRA DO TURVO";"Velocidade Incompatível";"Colisão traseira";"Com Vítimas Feridas";"Plena Noite";"Crescente";"Chuva";"Dupla";"Curva";"Não";5;0;1;0;4;0;1;2;"-24.99369656";"-48.50824356";"SR-SP";"DEL6/5";"UOP03/SP"
183661;2019-01-05;"sábado";"23:30:00";"PE";101;49,4;"ABREU E LIMA";"Falta de Atenção à Condução";"Colisão traseira";"Sem Vítimas";"Plena Noite";"Decrescente";"Céu Claro";"Dupla";"Reta";"Sim";2;0;0;0;2;0;0;2;"-7.9068";"-34.9013";"SR-PE";"DEL11/1";"UOP02/PE"
183662;2019-01-05;"sábado";"23:30:00";"MT";364;0,5;"ALTO ARAGUAIA";"Falta de Atenção à Condução";"Colisão lateral";"Com Vítimas Feridas";"Plena Noite";"Decrescente";"Nublado";"Dupla";"Não Informado";"Sim";2;0;0;1;1;0;1;2;"-17.31871";"-53.211903";"SR-MT";"DEL2/2";"UOP04/MT"
183664;2019-01-05;"sábado";"21:15:00";"PE";110;139,6;"IBIMIRIM";"Animais na Pista";"Atropelamento de Animal";"Com Vítimas Feridas";"Plena Noite";"Decrescente";"Céu Claro";"Simples";"Reta";"Não";2;0;0;2;0;0;2;1;"-8.510826";"-37.623413";"SR-PE";"DEL11/3";"UOP02/PE"
183665;2019-01-05;"sábado";"15:50:00";"PI";343;346,8;"TERESINA";"Pista Escorregadia";"Tombamento";"Com Vítimas Fatais";"Pleno dia";"Crescente";"Céu Claro";"Dupla";"Rotatória";"Sim";2;1;0;0;1;0;0;2;"-5.110751";"-42.770531";"SR-PI";"DEL17/1";"UOP01/PI"
183666;2019-01-06;"domingo";"01:30:00";"RJ";356;152;"CAMPOS DOS GOYTACAZES";"Não guardar distância de segurança";"Colisão traseira";"Com Vítimas Feridas";"Plena Noite";"Decrescente";"Céu Claro";"Simples";"Reta";"Não";2;0;1;0;1;0;1;2;"-21.777777";"-41.306713";"SR-RJ";"DEL5/8";"UOP02/RJ"
183667;2019-01-06;"domingo";"01:30:00";"SP";116;229;"SAO PAULO";"Ingestão de Álcool";"Saída de leito carroçável";"Sem Vítimas";"Plena Noite";"Decrescente";"Nublado";"Múltipla";"Reta";"Sim";1;0;0;0;1;0;0;1;"-23.50877124";"-46.57235384";"SR-SP";"DEL6/1";"UOP01/SP"
183668;2019-01-05;"sábado";"23:40:00";"PE";101;88,9;"CABO DE SANTO AGOSTINHO";"Ultrapassagem Indevida";"Colisão frontal";"Com Vítimas Feridas";"Plena Noite";"Decrescente";"Nublado";"Simples";"Reta";"Sim";2;0;0;1;1;0;1;2;"-8.2073";"-34.9836";"SR-PE";"DEL11/1";"UOP03/PE"
183669;2019-01-06;"domingo";"01:00:00";"MG";116;272,7;"TEOFILO OTONI";"Animais na Pista";"Atropelamento de Animal";"Com Vítimas Feridas";"Plena Noite";"Crescente";"Nublado";"Simples";"Reta";"Não";2;0;1;1;0;0;2;1;"-17.82975968";"-41.50909424";"SR-MG";"DEL4/11";"UOP01/MG"
183670;2019-01-06;"domingo";"01:00:00";"CE";222;79,9;"UMIRIM";"Não guardar distância de segurança";"Colisão lateral";"Com Vítimas Feridas";"Plena Noite";"Decrescente";"Céu Claro";"Simples";"Reta";"Não";3;0;0;3;0;0;3;2;"-3.674422";"-39.250706";"SR-CE";"DEL16/4";"UOP03/CE"
183671;2019-01-06;"domingo";"02:00:00";"MG";116;271;"TEOFILO OTONI";"Condutor Dormindo";"Colisão lateral";"Com Vítimas Fatais";"Plena Noite";"Crescente";"Céu Claro";"Simples";"Reta";"Não";6;1;4;0;1;0;4;2;"-17.80398269";"-41.49712086";"SR-MG";"DEL4/11";"UOP01/MG"
183672;2019-01-06;"domingo";"01:00:00";"RJ";40;63;"PETROPOLIS";"Condutor Dormindo";"Capotamento";"Com Vítimas Feridas";"Plena Noite";"Crescente";"Nublado";"Dupla";"Reta";"Não";1;0;1;0;0;0;1;1;"-22.419571";"-43.154518";"SR-RJ";"DEL5/6";"UOP03/RJ"
183673;2019-01-06;"domingo";"01:50:00";"TO";153;629,9;"ALIANCA DO TOCANTINS";"Ultrapassagem Indevida";"Colisão frontal";"Com Vítimas Feridas";"Plena Noite";"Crescente";"Nublado";"Simples";"Não Informado";"Não";2;0;1;0;1;0;1;2;"-11.352674";"-48.957588";"SR-TO";"UOP01/TO";""
183674;2019-01-06;"domingo";"04:00:00";"PR";467;108;"CASCAVEL";"Velocidade Incompatível";"Tombamento";"Com Vítimas Feridas";"Plena Noite";"Decrescente";"Céu Claro";"Dupla";"Reta";"Não";1;0;1;0;0;0;1;1;"-24.9209";"-53.4764";"SR-PR";"DEL7/4";"UOP01/PR"
183675;2019-01-06;"domingo";"03:00:00";"MT";70;82,8;"GENERAL CARNEIRO";"Condutor Dormindo";"Saída de leito carroçável";"Com Vítimas Feridas";"Plena Noite";"Crescente";"Nublado";"Simples";"Reta";"Não";3;0;1;0;2;0;1;1;"-15.630925";"-52.817566";"SR-MT";"DEL2/8";"UOP01/MT"
183676;2019-01-06;"domingo";"05:30:00";"MG";381;501;"BETIM";"Mal Súbito";"Colisão traseira";"Com Vítimas Feridas";"Amanhecer";"Crescente";"Céu Claro";"Dupla";"Reta";"Não";4;0;2;0;1;1;2;2;"-20.0173";"-44.2243";"SR-MG";"DEL4/1";"UOP03/MG"
183677;2019-01-06;"domingo";"00:00:00";"MG";40;576;"ITABIRITO";"Velocidade Incompatível";"Saída de leito carroçável";"Sem Vítimas";"Plena Noite";"Decrescente";"Nublado";"Simples";"Reta";"Não";1;0;0;0;0;1;0;1;"-20.2702";"-43.9536";"SR-MG";"DEL4/1";"UOP02/MG"
183678;2019-01-06;"domingo";"04:55:00";"PR";116;125;"FAZENDA RIO GRANDE";"Ultrapassagem Indevida";"Colisão transversal";"Com Vítimas Feridas";"Plena Noite";"Crescente";"Céu Claro";"Dupla";"Reta";"Sim";3;0;0;1;1;1;1;2;"-25.621508";"-49.316216";"SR-PR";"DEL7/1";"UOP03/PR"
183679;2019-01-06;"domingo";"05:00:00";"SE";101;74,5;"MARUIM";"Condutor Dormindo";"Colisão lateral";"Com Vítimas Feridas";"Amanhecer";"Decrescente";"Céu Claro";"Simples";"Reta";"Não";2;0;1;0;1;0;1;2;"-10.7853";"-37.1421";"SR-SE";"DEL20/1";"UOP01/SE"
183680;2019-01-06;"domingo";"05:00:00";"AL";316;154;"PALMEIRA DOS INDIOS";"Animais na Pista";"Atropelamento de Animal";"Com Vítimas Feridas";"Amanhecer";"Decrescente";"Nublado";"Simples";"Reta";"Não";2;0;1;1;0;0;2;1;"-9.4290448";"-36.63811863";"SR-AL";"DEL13/3";"UOP01/AL"
183681;2019-01-06;"domingo";"05:30:00";"PR";369;244;"BOM SUCESSO";"Objeto estático sobre o leito carroçável";"Colisão com objeto estático";"Com Vítimas Feridas";"Plena Noite";"Decrescente";"Nublado";"Simples";"Não Informado";"Não";2;0;0;1;1;0;1;2;"-23.70062208";"-51.71993136";"SR-PR";"DEL7/7";"UOP03/PR"
183682;2019-01-06;"domingo";"06:00:00";"MG";381;365;"SAO GONCALO DO RIO ABAIXO";"Velocidade Incompatível";"Colisão frontal";"Com Vítimas Feridas";"Amanhecer";"Decrescente";"Nublado";"Simples";"Curva";"Não";3;0;1;1;1;0;2;2;"-19.85579179";"-43.2201094";"SR-MG";"DEL4/3";"UOP01/MG"
183683;2019-01-05;"sábado";"20:30:00";"MT";174;484;"COMODORO";"Animais na Pista";"Atropelamento de Animal";"Sem Vítimas";"Plena Noite";"Decrescente";"Céu Claro";"Simples";"Reta";"Não";3;0;0;0;3;0;0;1;"-13.67674146";"-59.79085922";"SR-MT";"DEL2/7";"UOP01/MT"
183684;2019-01-06;"domingo";"04:02:00";"PI";343;13,4;"PARNAIBA";"Ingestão de Álcool";"Saída de leito carroçável";"Com Vítimas Fatais";"Amanhecer";"Crescente";"Céu Claro";"Dupla";"Curva";"Sim";2;1;0;1;0;0;1;1;"-2.919029";"-41.754124";"SR-PI";"DEL17/5";"UOP01/PI"
183685;2019-01-06;"domingo";"04:50:00";"PR";116;117;"CURITIBA";"Falta de Atenção à Condução";"Queda de ocupante de veículo";"Com Vítimas Feridas";"Amanhecer";"Crescente";"Céu Claro";"Dupla";"Curva";"Sim";1;0;1;0;0;0;1;1;"-25.544559";"-49.30146";"SR-PR";"DEL7/1";"UOP06/PR"
183686;2019-01-06;"domingo";"06:00:00";"MG";381;773,2;"CAMPANHA";"Condutor Dormindo";"Saída de leito carroçável";"Com Vítimas Feridas";"Amanhecer";"Decrescente";"Céu Claro";"Dupla";"Reta";"Não";4;0;1;0;3;0;1;1;"-21.77097824";"-45.42507648";"SR-MG";"DEL09";"UOP02/MG"
183687;2019-01-06;"domingo";"05:00:00";"MA";316;574,9;"CAXIAS";"Condutor Dormindo";"Saída de leito carroçável";"Com Vítimas Fatais";"Plena Noite";"Decrescente";"Nublado";"Simples";"Não Informado";"Não";1;1;0;0;0;0;0;1;"-4.933609";"-43.176388";"SR-MA";"DEL18/3";"UOP02/MA"
183688;2019-01-05;"sábado";"21:30:00";"MG";40;515;"RIBEIRAO DAS NEVES";"Ingestão de álcool e/ou substâncias psicoativas pelo pedestre";"Saída de leito carroçável";"Com Vítimas Feridas";"Plena Noite";"Crescente";"Céu Claro";"Dupla";"Reta";"Sim";1;0;1;0;0;0;1;1;"-19.819";"-44.0869";"SR-MG";"DEL4/1";"UOP03/MG"
183689;2019-01-06;"domingo";"06:00:00";"GO";50;210,3;"CAMPO ALEGRE DE GOIAS";"Falta de Atenção à Condução";"Saída de leito carroçável";"Sem Vítimas";"Amanhecer";"Crescente";"Nublado";"Dupla";"Não Informado";"Não";1;0;0;0;0;1;0;1;"-17.647";"-47.757";"SR-GO";"DEL1/6";"UOP01/GO"
183690;2019-01-06;"domingo";"07:00:00";"SC";101;205,6;"SAO JOSE";"Condutor Dormindo";"Saída de leito carroçável";"Com Vítimas Feridas";"Amanhecer";"Crescente";"Céu Claro";"Múltipla";"Interseção de vias";"Sim";1;0;1;0;0;0;1;1;"-27.54497279";"-48.73163402";"SR-SC";"DEL8/1";"UOP01/SC"
183691;2019-01-06;"domingo";"06:29:00";"MG";262;813;"UBERABA";"Falta de Atenção à Condução";"Saída de leito carroçável";"Com Vítimas Feridas";"Amanhecer";"Crescente";"Nublado";"Dupla";"Retorno Regulamentado";"Sim";1;0;1;0;0;0;1;1;"-19.76475";"-48.112064";"SR-MG";"DEL13";"UOP01/MG"
183692;2019-01-06;"domingo";"07:40:00";"SC";470;51,1;"BLUMENAU";"Desobediência às normas de trânsito pelo condutor";"Colisão transversal";"Com Vítimas Feridas";"Pleno dia";"Crescente";"Nublado";"Simples";"Rotatória";"Sim";3;0;2;0;1;0;2;2;"-26.862339";"-49.084038";"SR-SC";"DEL8/4";"UOP01/SC"
183693;2019-01-05;"sábado";"18:29:00";"RJ";40;87;"PETROPOLIS";"Defeito na Via";"Capotamento";"Com Vítimas Feridas";"Pleno dia";"Crescente";"Céu Claro";"Simples";"Reta";"Não";3;0;2;0;1;0;2;1;"-22.5577";"-43.2279";"SR-RJ";"DEL5/6";"UOP03/RJ"
183694;2019-01-06;"domingo";"08:20:00";"SC";101;210;"SAO JOSE";"Defeito Mecânico no Veículo";"Colisão lateral";"Com Vítimas Feridas";"Pleno dia";"Decrescente";"Céu Claro";"Dupla";"Reta";"Sim";2;0;1;0;1;0;1;2;"-27.6235";"-48.6524";"SR-SC";"DEL8/1";"UOP01/SC"
183697;2019-01-06;"domingo";"06:45:00";"MG";50;16;"ARAGUARI";"Velocidade Incompatível";"Saída de leito carroçável";"Sem Vítimas";"Pleno dia";"Decrescente";"Céu Claro";"Dupla";"Reta";"Não";1;0;0;0;1;0;0;1;"-18.5561";"-48.0562";"SR-MG";"DEL4/15";"UOP02/MG"
183698;2019-01-06;"domingo";"07:15:00";"PE";101;75,8;"RECIFE";"Não guardar distância de segurança";"Colisão traseira";"Com Vítimas Feridas";"Pleno dia";"Crescente";"Céu Claro";"Simples";"Não Informado";"Sim";2;0;0;1;1;0;1;2;"-8.1194";"-34.9429";"SR-PE";"DEL11/1";"UOP01/PE"
183699;2019-01-06;"domingo";"08:30:00";"MG";50;23,6;"ARAGUARI";"Falta de Atenção à Condução";"Colisão traseira";"Com Vítimas Feridas";"Pleno dia";"Crescente";"Sol";"Dupla";"Reta";"Não";4;0;1;0;3;0;1;2;"-18.60474";"-48.051437";"SR-MG";"DEL4/15";"UOP02/MG"
183700;2019-01-06;"domingo";"04:30:00";"PI";343;527;"AMARANTE";"Falta de Atenção à Condução";"Saída de leito carroçável";"Com Vítimas Feridas";"Plena Noite";"Crescente";"Céu Claro";"Simples";"Reta";"Não";4;0;4;0;0;0;4;1;"-6.423353";"-42.79665";"SR-PI";"DEL17/3";"UOP01/PI"
183701;2019-01-06;"domingo";"08:30:00";"RS";101;51,1;"TERRA DE AREIA";"Falta de Atenção à Condução";"Saída de leito carroçável";"Com Vítimas Feridas";"Pleno dia";"Crescente";"Céu Claro";"Dupla";"Reta";"Não";2;0;2;0;0;0;2;1;"-29.61577417";"-50.09199142";"SR-RS";"DEL9/3";"UOP03/RS"
183702;2019-01-06;"domingo";"07:15:00";"RJ";116;259;"PIRAI";"Falta de Atenção à Condução";"Saída de leito carroçável";"Sem Vítimas";"Pleno dia";"Crescente";"Céu Claro";"Dupla";"Reta";"Não";1;0;0;0;1;0;0;1;"-22.58758828";"-44.09098193";"SR-RJ";"DEL5/7";"UOP02/RJ"
183703;2019-01-06;"domingo";"07:00:00";"SC";280;289,2;"PORTO UNIAO";"Falta de Atenção à Condução";"Saída de leito carroçável";"Com Vítimas Feridas";"Pleno dia";"Crescente";"Garoa/Chuvisco";"Simples";"Reta";"Não";5;0;5;0;0;0;5;1;"-26.296299";"-50.915482";"SR-SC";"DEL8/6";"UOP04/SC"
183705;2019-01-06;"domingo";"09:30:00";"MG";262;33,9;"MANHUACU";"Desobediência às normas de trânsito pelo condutor";"Colisão traseira";"Com Vítimas Feridas";"Pleno dia";"Crescente";"Céu Claro";"Simples";"Reta";"Sim";2;0;1;0;1;0;1;2;"-20.256927";"-42.011028";"SR-MG";"DEL4/6";"UOP04/MG"
183706;2019-01-06;"domingo";"09:10:00";"RJ";493;15;"GUAPIMIRIM";"Defeito Mecânico no Veículo";"Engavetamento";"Com Vítimas Feridas";"Pleno dia";"Crescente";"Céu Claro";"Simples";"Reta";"Não";5;0;3;0;2;0;3;3;"-22.665804";"-42.991043";"SR-RJ";"DEL5/4";"UOP02/RJ"
183709;2019-01-06;"domingo";"10:20:00";"PR";376;615;"SAO JOSE DOS PINHAIS";"Desobediência às normas de trânsito pelo condutor";"Colisão lateral";"Com Vítimas Feridas";"Pleno dia";"Crescente";"Nublado";"Dupla";"Não Informado";"Não";2;0;0;1;1;0;1;2;"-25.57465306";"-49.17973995";"SR-PR";"DEL7/1";"UOP01/PR"
183710;2019-01-05;"sábado";"08:30:00";"BA";101;448,5;"AURELINO LEAL";"Defeito Mecânico no Veículo";"Incêndio";"Sem Vítimas";"Pleno dia";"Crescente";"Céu Claro";"Simples";"Reta";"Não";1;0;0;0;0;1;0;1;"-14.3318";"-39.3155";"SR-BA";"DEL10/5";"UOP01/BA"
183711;2019-01-05;"sábado";"12:00:00";"MG";365;269,9;"JOAO PINHEIRO";"Ultrapassagem Indevida";"Saída de leito carroçável";"Sem Vítimas";"Pleno dia";"Crescente";"Nublado";"Simples";"Curva";"Não";1;0;0;0;1;0;0;1;"-17.925312";"-45.568447";"SR-MG";"DEL4/14";"UOP03/MG"
183712;2019-01-06;"domingo";"09:00:00";"RJ";101;329;"RIO DE JANEIRO";"Falta de Atenção à Condução";"Colisão traseira";"Com Vítimas Feridas";"Pleno dia";"Decrescente";"Céu Claro";"Dupla";"Reta";"Não";5;0;3;0;2;0;3;2;"-22.869379";"-43.175808";"SR-RJ";"DEL5/2";"UOP01/RJ"
183713;2019-01-06;"domingo";"09:20:00";"BA";242;600;"MUQUEM DE SAO FRANCISCO";"Pista Escorregadia";"Saída de leito carroçável";"Com Vítimas Feridas";"Pleno dia";"Crescente";"Chuva";"Simples";"Curva";"Não";2;0;1;0;1;0;1;1;"-12.145242";"-43.362629";"SR-BA";"DEL 10/10";"UOP02/BA"
183714;2019-01-06;"domingo";"09:50:00";"AL";101;235;"PORTO REAL DO COLEGIO";"Velocidade Incompatível";"Capotamento";"Com Vítimas Feridas";"Pleno dia";"Crescente";"Nublado";"Dupla";"Curva";"Não";3;0;0;1;2;0;1;1;"-10.104141";"-36.712292";"SR-AL";"DEL13/2";"UOP02/AL"
183715;2019-01-06;"domingo";"11:00:00";"SP";116;405,5;"MIRACATU";"Falta de Atenção à Condução";"Colisão traseira";"Com Vítimas Feridas";"Pleno dia";"Decrescente";"Nublado";"Dupla";"Reta";"Não";3;0;0;1;2;0;1;2;"-24.32400189";"-47.55050182";"SR-SP";"DEL6/4";"UOP03/SP"
183718;2019-01-06;"domingo";"10:00:00";"PA";230;101;"SAO JOAO DO ARAGUAIA";"Ingestão de Álcool";"Colisão frontal";"Com Vítimas Feridas";"Pleno dia";"Crescente";"Céu Claro";"Simples";"Reta";"Não";3;0;0;1;2;0;1;2;"-5.400636";"-48.956333";"SR-PA";"DEL19/3";"UOP01/PA"
183720;2019-01-06;"domingo";"10:30:00";"BA";116;805;"VITORIA DA CONQUISTA";"Falta de Atenção à Condução";"Queda de ocupante de veículo";"Com Vítimas Feridas";"Pleno dia";"Crescente";"Sol";"Simples";"Reta";"Não";2;0;2;0;0;0;2;1;"-14.76647933";"-40.70922732";"SR-BA";"DEL10/8";"UOP01/BA"
183721;2019-01-06;"domingo";"11:55:00";"SC";101;193;"BIGUACU";"Falta de Atenção à Condução";"Engavetamento";"Sem Vítimas";"Pleno dia";"Decrescente";"Céu Claro";"Dupla";"Não Informado";"Sim";3;0;0;0;3;0;0;3;"-27.4982";"-48.6565";"SR-SC";"DEL8/1";"UOP01/SC"
183722;2019-01-06;"domingo";"10:00:00";"PB";101;62,6;"SANTA RITA";"Defeito Mecânico no Veículo";"Incêndio";"Sem Vítimas";"Pleno dia";"Crescente";"Nublado";"Dupla";"Curva";"Não";1;0;0;0;1;0;0;1;"-7.0299";"-35.0579";"SR-PB";"DEL14/1";"UOP04/PB"
183723;2019-01-06;"domingo";"11:15:00";"MG";40;340,9;"FELIXLANDIA";"Defeito Mecânico no Veículo";"Incêndio";"Sem Vítimas";"Pleno dia";"Crescente";"Nublado";"Simples";"Desvio Temporário";"Não";1;0;0;0;1;0;0;1;"-18.659832";"-44.99744";"SR-MG";"DEL4/2";"UOP01/MG"
183725;2019-01-06;"domingo";"11:05:00";"PE";104;57,5;"CARUARU";"Falta de Atenção à Condução";"Colisão frontal";"Com Vítimas Fatais";"Pleno dia";"Decrescente";"Nublado";"Dupla";"Reta";"Sim";8;1;3;4;0;0;7;2;"-8.21473968";"-35.97340107";"SR-PE";"DEL11/2";"UOP01/PE"