"id";"data_inversa";"dia_semana";"horario";"uf";"br";"km";"municipio";"causa_acidente";"tipo_acidente";"classificacao_acidente";"fase_dia";"sentido_via";"condicao_metereologica";"tipo_pista";"tracado_via";"uso_solo";"pessoas";"mortos";"feridos_leves";"feridos_graves";"ilesos";"ignorados";"feridos";"veiculos";"latitude";"longitude";"regional";"delegacia";"uop"
183821;2019-01-06;"domingo";"21:30:00";"PR";376;665;"GUARATUBA";"Defeito Mecânico no Veículo";"Saída de leito carroçável";"Sem Vítimas";"Plena Noite";"Crescente";"Nublado";"Dupla";"Curva";"Não";1;0;0;0;1;0;0;1;"-25.86663801";"-48.94683838";"SR-PR";"DEL7/1";"UOP08/PR"
183822;2019-01-06;"domingo";"20:30:00";"ES";393;0,8;"CACHOEIRO DE ITAPEMIRIM";"Ultrapassagem Indevida";"Colisão traseira";"Com Vítimas Feridas";"Plena Noite";"Crescente";"Céu Claro";"Simples";"Reta";"Sim";2;0;1;0;1;0;1;2;"-20.841324";"-41.15929";"SR-ES";"DEL12/3";"UOP02/ES"
183823;2019-01-06;"domingo";"22:05:00";"GO";414;393,1;"CORUMBA DE GOIAS";"Ingestão de Álcool";"Colisão com objeto estático";"Sem Vítimas";"Plena Noite";"Decrescente";"Nublado";"Simples";"Reta";"Sim";3;0;0;0;3;0;0;1;"-15.92370597";"-48.80612969";"SR-GO";"DEL1/2";"UOP01/GO"
183825;2019-01-06;"domingo";"21:10:00";"BA";116;453,4;"SANTO ESTEVAO";"Desobediência às normas de trânsito pelo condutor";"Colisão lateral";"Com Vítimas Feridas";"Plena Noite";"Decrescente";"Céu Claro";"Dupla";"Reta";"Não";14;0;8;3;2;1;11;3;"-12.41099908";"-39.18352392";"SR-BA";"DEL10/2";"UOP01/BA"
183826;2019-01-06;"domingo";"21:30:00";"MG";381;938,3;"EXTREMA";"Velocidade Incompatível";"Colisão lateral";"Com Vítimas Feridas";"Plena Noite";"Crescente";"Chuva";"Dupla";"Curva";"Não";3;0;2;0;1;0;2;2;"-22.8194";"-46.2984";"SR-MG";"DEL09";"UOP03/MG"
183827;2019-01-06;"domingo";"22:00:00";"RJ";116;280;"BARRA MANSA";"Velocidade Incompatível";"Colisão com objeto estático";"Com Vítimas Feridas";"Plena Noite";"Crescente";"Céu Claro";"Dupla";"Curva";"Não";2;0;2;0;0;0;2;2;"-22.547443";"-44.183659";"SR-RJ";"DEL5/7";"UOP02/RJ"
183828;2019-01-06;"domingo";"22:10:00";"RJ";101;51,2;"CAMPOS DOS GOYTACAZES";"Falta de Atenção à Condução";"Tombamento";"Com Vítimas Feridas";"Plena Noite";"Decrescente";"Céu Claro";"Simples";"Reta";"Sim";2;0;2;0;0;0;2;1;"-21.642723";"-41.311703";"SR-RJ";"DEL5/8";"UOP01/RJ"
183829;2019-01-06;"domingo";"22:20:00";"RJ";116;169;"SAO JOAO DE MERITI";"Falta de Atenção à Condução";"Colisão lateral";"Com Vítimas Feridas";"Plena Noite";"Decrescente";"Céu Claro";"Múltipla";"Reta";"Sim";2;0;1;0;1;0;1;1;"-22.816206";"-43.324463";"SR-RJ";"DEL5/1";"UOP02/RJ"
183830;2019-01-06;"domingo";"18:15:00";"BA";101;350;"WENCESLAU GUIMARAES";"Velocidade Incompatível";"Saída de leito carroçável";"Sem Vítimas";"Anoitecer";"Decrescente";"Céu Claro";"Simples";"Curva";"Não";1;0;0;0;1;0;0;1;"-13.617";"-39.4967";"SR-BA";"DEL10/5";"UOP03/BA"
183831;2019-01-06;"domingo";"21:25:00";"PB";101;10;"MAMANGUAPE";"Falta de Atenção à Condução";"Colisão traseira";"Com Vítimas Feridas";"Plena Noite";"Decrescente";"Céu Claro";"Dupla";"Não Informado";"Não";4;0;0;1;2;1;1;2;"-6.5959";"-35.1448";"SR-PB";"DEL14/1";"UOP04/PB"
183834;2019-01-06;"domingo";"21:00:00";"BA";116;777;"PLANALTO";"Ingestão de Álcool";"Atropelamento de Pedestre";"Com Vítimas Feridas";"Plena Noite";"Crescente";"Céu Claro";"Simples";"Reta";"Sim";2;0;2;0;0;0;2;1;"-14.6792539";"-40.49285889";"SR-BA";"DEL10/8";"UOP02/BA"
183835;2019-01-06;"domingo";"08:40:00";"PB";230;501,8;"CAJAZEIRAS";"Não guardar distância de segurança";"Tombamento";"Com Vítimas Feridas";"Plena Noite";"Crescente";"Nublado";"Simples";"Reta";"Não";2;0;1;0;1;0;1;2;"-6.899";"-38.5159";"SR-PB";"DEL14/3";"UOP03/PB"
183837;2019-01-06;"domingo";"21:40:00";"PR";376;527,5;"PONTA GROSSA";"Avarias e/ou desgaste excessivo no pneu";"Saída de leito carroçável";"Com Vítimas Feridas";"Plena Noite";"Crescente";"Chuva";"Dupla";"Reta";"Não";3;0;2;0;1;0;2;1;"-25.15820284";"-50.12774728";"SR-PR";"DEL7/3";"UOP03/PR"
183838;2019-01-06;"domingo";"23:00:00";"SP";116;370,9;"MIRACATU";"Falta de Atenção à Condução";"Atropelamento de Pedestre";"Com Vítimas Feridas";"Plena Noite";"Decrescente";"Céu Claro";"Dupla";"Reta";"Não";5;0;1;0;4;0;1;1;"-24.15881929";"-47.32622087";"SR-SP";"DEL6/4";"UOP03/SP"
183839;2019-01-06;"domingo";"23:30:00";"RJ";356;151,6;"CAMPOS DOS GOYTACAZES";"Falta de Atenção à Condução";"Colisão lateral";"Com Vítimas Feridas";"Plena Noite";"Decrescente";"Céu Claro";"Simples";"Reta";"Não";3;0;2;0;0;1;2;2;"-21.76683333";"-41.26945496";"SR-RJ";"DEL5/8";"UOP02/RJ"
183841;2019-01-06;"domingo";"22:50:00";"SP";116;439;"REGISTRO";"Falta de Atenção à Condução";"Colisão com objeto estático";"Sem Vítimas";"Plena Noite";"Crescente";"Chuva";"Dupla";"Reta";"Sim";5;0;0;0;4;1;0;2;"-24.46718973";"-47.8211689";"SR-SP";"DEL6/5";"UOP01/SP"
183842;2019-01-06;"domingo";"23:45:00";"PE";428;190,1;"PETROLINA";"Ingestão de Álcool";"Colisão com objeto estático";"Com Vítimas Feridas";"Plena Noite";"Crescente";"Céu Claro";"Dupla";"Reta";"Sim";3;0;3;0;0;0;3;1;"-9.3802214";"-40.50985336";"SR-PE";"DEL11/6";"UOP01/PE"
183843;2019-01-07;"segunda-feira";"00:30:00";"RS";290;34,8;"SANTO ANTONIO DA PATRULHA";"Velocidade Incompatível";"Colisão traseira";"Com Vítimas Feridas";"Plena Noite";"Crescente";"Céu Claro";"Dupla";"Reta";"Não";2;0;1;0;1;0;1;2;"-29.885969";"-50.596653";"SR-RS";"DEL9/3";"UOP02/RS"
183844;2019-01-06;"domingo";"11:30:00";"AC";317;119,1;"CAPIXABA";"Velocidade Incompatível";"Saída de leito carroçável";"Sem Vítimas";"Pleno dia";"Decrescente";"Sol";"Simples";"Curva";"Não";1;0;0;0;1;0;0;1;"-10.361917";"-67.705177";"SR-AC";"UOP01/AC";""
183846;2019-01-07;"segunda-feira";"00:40:00";"MG";116;278;"TEOFILO OTONI";"Ingestão de Álcool";"Colisão lateral";"Sem Vítimas";"Plena Noite";"Decrescente";"Céu Claro";"Múltipla";"Reta";"Sim";2;0;0;0;2;0;0;2;"-17.86701476";"-41.51630402";"SR-MG";"DEL4/11";"UOP01/MG"
183847;2019-01-06;"domingo";"19:50:00";"BA";242;365;"LENCOIS";"Falta de Atenção à Condução";"Saída de leito carroçável";"Com Vítimas Feridas";"Plena Noite";"Decrescente";"Céu Claro";"Simples";"Reta";"Não";1;0;0;1;0;0;1;1;"-12.464735";"-41.430176";"SR-BA";"DEL10/6";"UOP01/BA"
183848;2019-01-07;"segunda-feira";"00:05:00";"RJ";116;279;"BARRA MANSA";"Ingestão de Álcool";"Capotamento";"Com Vítimas Feridas";"Plena Noite";"Decrescente";"Céu Claro";"Dupla";"Curva";"Não";2;0;2;0;0;0;2;1;"-22.51104548";"-44.21751916";"SR-RJ";"DEL5/7";"UOP02/RJ"
183849;2019-01-07;"segunda-feira";"01:10:00";"MG";381;480,6;"BETIM";"Condutor Dormindo";"Colisão com objeto estático";"Com Vítimas Feridas";"Plena Noite";"Decrescente";"Céu Claro";"Dupla";"Curva";"Sim";1;0;1;0;0;0;1;1;"-19.9586";"-44.0608";"SR-MG";"DEL4/1";"UOP03/MG"
183853;2019-01-07;"segunda-feira";"02:00:00";"PE";101;75,1;"RECIFE";"Falta de Atenção à Condução";"Tombamento";"Sem Vítimas";"Plena Noite";"Decrescente";"Chuva";"Simples";"Não Informado";"Sim";1;0;0;0;1;0;0;1;"-8.1194";"-34.9429";"SR-PE";"DEL11/1";"UOP01/PE"
183854;2019-01-07;"segunda-feira";"02:00:00";"PR";116;19,3;"ANTONINA";"Falta de Atenção à Condução";"Colisão com objeto estático";"Com Vítimas Feridas";"Plena Noite";"Decrescente";"Nublado";"Dupla";"Reta";"Não";3;0;1;0;2;0;1;2;"-25.103069";"-48.720436";"SR-PR";"DEL7/1";"UOP02/PR"
183855;2019-01-07;"segunda-feira";"02:40:00";"SP";381;22;"BRAGANCA PAULISTA";"Defeito Mecânico no Veículo";"Tombamento";"Com Vítimas Feridas";"Plena Noite";"Decrescente";"Nevoeiro/Neblina";"Dupla";"Reta";"Não";1;0;0;1;0;0;1;1;"-22.996984";"-46.516323";"SR-SP";"DEL6/3";"UOP01/SP"
183856;2019-01-07;"segunda-feira";"02:50:00";"PR";153;379,9;"MALLET";"Ingestão de Álcool";"Colisão frontal";"Com Vítimas Feridas";"Plena Noite";"Crescente";"Nublado";"Simples";"Reta";"Não";2;0;1;0;1;0;1;2;"-25.880728";"-50.836525";"SR-PR";"DEL7/3";"UOP04/PR"
183857;2019-01-07;"segunda-feira";"03:00:00";"PE";101;137;"RIBEIRAO";"Carga excessiva e/ou mal acondicionada";"Saída de leito carroçável";"Sem Vítimas";"Pleno dia";"Decrescente";"Nublado";"Dupla";"Curva";"Não";1;0;0;0;1;0;0;1;"-8.4193";"-35.3166";"SR-PE";"DEL11/1";"UOP03/PE"
183858;2019-01-07;"segunda-feira";"00:40:00";"MG";459;102;"POUSO ALEGRE";"Ingestão de Álcool";"Colisão com objeto estático";"Com Vítimas Feridas";"Plena Noite";"Crescente";"Céu Claro";"Dupla";"Curva";"Sim";1;0;1;0;0;0;1;1;"-22.211775";"-45.924671";"SR-MG";"DEL09";"UOP01/MG"
183859;2019-01-06;"domingo";"23:45:00";"SP";116;490;"CAJATI";"Velocidade Incompatível";"Tombamento";"Com Vítimas Feridas";"Plena Noite";"Decrescente";"Céu Claro";"Dupla";"Curva";"Sim";1;0;1;0;0;0;1;1;"-24.73704195";"-48.12049617";"SR-SP";"DEL6/5";"UOP02/SP"
183860;2019-01-07;"segunda-feira";"04:00:00";"RJ";116;107,9;"GUAPIMIRIM";"Falta de Atenção à Condução";"Colisão com objeto estático";"Com Vítimas Feridas";"Plena Noite";"Decrescente";"Céu Claro";"Múltipla";"Curva";"Sim";1;0;0;1;0;0;1;1;"-22.53479601";"-42.99218416";"SR-RJ";"DEL5/4";"UOP02/RJ"
183861;2019-01-07;"segunda-feira";"04:40:00";"MG";365;321;"JOAO PINHEIRO";"Animais na Pista";"Capotamento";"Com Vítimas Feridas";"Plena Noite";"Crescente";"Ignorado";"Simples";"Reta";"Não";4;0;2;2;0;0;4;1;"-18.259";"-45.881";"SR-MG";"DEL4/10";"UOP01/MG"
183862;2019-01-07;"segunda-feira";"05:00:00";"SP";381;49,9;"ATIBAIA";"Falta de Atenção do Pedestre";"Atropelamento de Pedestre";"Com Vítimas Feridas";"Amanhecer";"Crescente";"Céu Claro";"Dupla";"Reta";"Sim";2;0;0;1;0;1;1;1;"-23.138622";"-46.575844";"SR-SP";"DEL6/3";"UOP02/SP"
183864;2019-01-06;"domingo";"21:15:00";"RS";153;520,8;"CACAPAVA DO SUL";"Velocidade Incompatível";"Saída de leito carroçável";"Com Vítimas Feridas";"Plena Noite";"Decrescente";"Chuva";"Simples";"Curva";"Não";1;0;1;0;0;0;1;1;"-30.654991";"-53.411526";"SR-RS";"DEL9/9";"UOP02/RS"
183865;2019-01-07;"segunda-feira";"04:10:00";"RS";386;401,6;"TRIUNFO";"Condutor Dormindo";"Saída de leito carroçável";"Sem Vítimas";"Plena Noite";"Decrescente";"Céu Claro";"Simples";"Curva";"Não";1;0;0;0;1;0;0;1;"-29.758154";"-51.594955";"SR-RS";"DEL9/4";"UOP02/RS"
183866;2019-01-07;"segunda-feira";"06:00:00";"GO";60;114;"GOIANAPOLIS";"Condutor Dormindo";"Colisão traseira";"Com Vítimas Feridas";"Amanhecer";"Crescente";"Ignorado";"Dupla";"Curva";"Não";8;0;5;0;3;0;5;3;"-16.4633";"-49.0636";"SR-GO";"DEL1/1";"UOP01/GO"
183868;2019-01-07;"segunda-feira";"06:00:00";"SP";153;331,1;"SALTO GRANDE";"Condutor Dormindo";"Colisão traseira";"Sem Vítimas";"Plena Noite";"Decrescente";"Céu Claro";"Simples";"Reta";"Não";2;0;0;0;2;0;0;2;"-22.86499752";"-49.88961071";"SR-SP";"DEL6/07";"UOP03/SP"
183869;2019-01-07;"segunda-feira";"06:30:00";"SC";470;61,4;"BLUMENAU";"Ultrapassagem Indevida";"Colisão frontal";"Com Vítimas Fatais";"Pleno dia";"Crescente";"Céu Claro";"Simples";"Reta";"Sim";7;1;1;4;1;0;5;3;"-26.87719175";"-49.17802149";"SR-SC";"DEL8/4";"UOP01/SC"
183871;2019-01-07;"segunda-feira";"06:19:00";"SC";101;210;"SAO JOSE";"Falta de Atenção à Condução";"Colisão lateral";"Com Vítimas Feridas";"Amanhecer";"Decrescente";"Céu Claro";"Dupla";"Reta";"Não";2;0;1;0;1;0;1;2;"-27.6235";"-48.6524";"SR-SC";"DEL8/1";"UOP01/SC"
183872;2019-01-07;"segunda-feira";"05:05:00";"PI";316;172,1;"ELESBAO VELOSO";"Falta de Atenção à Condução";"Saída de leito carroçável";"Com Vítimas Fatais";"Amanhecer";"Decrescente";"Nublado";"Simples";"Reta";"Não";1;1;0;0;0;0;0;1;"-6.22265981";"-42.0440501";"SR-PI";"DEL17/4";"UOP02/PI"
183873;2019-01-07;"segunda-feira";"05:30:00";"MS";262;529;"MIRANDA";"Ingestão de Álcool";"Saída de leito carroçável";"Com Vítimas Feridas";"Pleno dia";"Decrescente";"Céu Claro";"Simples";"Reta";"Não";1;0;1;0;0;0;1;1;"-20.30914031";"-56.25020117";"SR-MS";"DEL3/3";"UOP01/MS"
183874;2019-01-07;"segunda-feira";"06:45:00";"PA";316;57;"CASTANHAL";"Falta de Atenção à Condução";"Colisão frontal";"Com Vítimas Feridas";"Pleno dia";"Decrescente";"Nublado";"Dupla";"Reta";"Não";3;0;3;0;0;0;3;2;"-1.306961";"-48.034779";"SR-PA";"DEL19/1";"UOP02/PA"
183875;2019-01-07;"segunda-feira";"04:15:00";"RO";364;279;"PRESIDENTE MEDICI";"Animais na Pista";"Atropelamento de Animal";"Com Vítimas Feridas";"Plena Noite";"Decrescente";"Nublado";"Simples";"Reta";"Não";1;0;0;1;0;0;1;1;"-11.382097";"-61.795319";"SR-RO";"DEL21/2";"UOP01/RO"
183876;2019-01-07;"segunda-feira";"00:13:00";"BA";101;355,8;"WENCESLAU GUIMARAES";"Velocidade Incompatível";"Saída de leito carroçável";"Sem Vítimas";"Pleno dia";"Crescente";"Ignorado";"Simples";"Curva";"Não";1;0;0;0;1;0;0;1;"-13.6579";"-39.4853";"SR-BA";"DEL10/5";"UOP03/BA"
183877;2019-01-07;"segunda-feira";"08:30:00";"ES";101;266,5;"SERRA";"Não guardar distância de segurança";"Colisão traseira";"Com Vítimas Feridas";"Pleno dia";"Crescente";"Céu Claro";"Múltipla";"Reta";"Sim";2;0;1;0;1;0;1;2;"-20.1007104";"-40.3341312";"SR-ES";"DEL12/2";"UOP01/ES"
183880;2019-01-07;"segunda-feira";"08:00:00";"RJ";101;320;"NITEROI";"Falta de Atenção à Condução";"Colisão lateral";"Com Vítimas Feridas";"Pleno dia";"Decrescente";"Céu Claro";"Dupla";"Reta";"Sim";2;0;1;0;1;0;1;2;"-22.861752";"-43.107143";"SR-RJ";"DEL5/2";"UOP01/RJ"
183881;2019-01-07;"segunda-feira";"06:30:00";"RJ";116;175;"NOVA IGUACU";"Condutor Dormindo";"Colisão com objeto estático";"Sem Vítimas";"Pleno dia";"Decrescente";"Céu Claro";"Dupla";"Reta";"Sim";1;0;0;0;1;0;0;1;"-22.789236";"-43.372753";"SR-RJ";"DEL5/1";"UOP02/RJ"
183882;2019-01-07;"segunda-feira";"07:40:00";"RJ";101;57,2;"CAMPOS DOS GOYTACAZES";"Animais na Pista";"Tombamento";"Com Vítimas Feridas";"Pleno dia";"Crescente";"Céu Claro";"Simples";"Reta";"Sim";2;0;2;0;0;0;2;1;"-21.696001";"-41.310173";"SR-RJ";"DEL5/8";"UOP01/RJ"
183884;2019-01-07;"segunda-feira";"07:30:00";"RJ";493;104;"SEROPEDICA";"Falta de Atenção à Condução";"Saída de leito carroçável";"Com Vítimas Feridas";"Pleno dia";"Crescente";"Céu Claro";"Dupla";"Reta";"Não";3;0;1;2;0;0;3;1;"-22.7718";"-43.74115";"SR-RJ";"DEL5/3";"UOP01/RJ"
183886;2019-01-07;"segunda-feira";"08:00:00";"AL";316;247;"ATALAIA";"Não guardar distância de segurança";"Colisão traseira";"Sem Vítimas";"Pleno dia";"Crescente";"Chuva";"Simples";"Reta";"Não";2;0;0;0;2;0;0;2;"-9.517871";"-35.999893";"SR-AL";"DEL13/1";"UOP01/AL"
183887;2019-01-07;"segunda-feira";"07:50:00";"BA";101;699,2;"EUNAPOLIS";"Condutor Dormindo";"Colisão frontal";"Com Vítimas Feridas";"Pleno dia";"Crescente";"Sol";"Simples";"Curva";"Não";7;0;1;1;5;0;2;3;"-16.2616";"-39.5882";"SR-BA";"DEL10/9";"UOP01/BA"
183888;2019-01-07;"segunda-feira";"09:00:00";"RN";101;97;"NATAL";"Ingestão de Álcool";"Atropelamento de Pedestre";"Com Vítimas Feridas";"Pleno dia";"Decrescente";"Céu Claro";"Múltipla";"Reta";"Sim";2;0;1;0;1;0;1;1;"-5.857612";"-35.212723";"SR-RN";"DEL15/1";"UOP01/RN"
183889;2019-01-07;"segunda-feira";"07:40:00";"PR";153;333;"IRATI";"Falta de Atenção à Condução";"Colisão transversal";"Com Vítimas Feridas";"Pleno dia";"Decrescente";"Nublado";"Simples";"Reta";"Não";2;0;1;0;1;0;1;2;"-25.466806";"-50.63031";"SR-PR";"DEL7/3";"UOP04/PR"
183890;2019-01-07;"segunda-feira";"09:40:00";"CE";116;6;"FORTALEZA";"Falta de Atenção à Condução";"Colisão lateral";"Com Vítimas Feridas";"Pleno dia";"Crescente";"Céu Claro";"Múltipla";"Reta";"Sim";2;0;1;0;1;0;1;2;"-3.8126";"-38.5007";"SR-CE";"DEL16/1";"UOP02/CE"
183891;2019-01-07;"segunda-feira";"09:20:00";"SC";163;75,2;"SAO MIGUEL DO OESTE";"Ultrapassagem Indevida";"Colisão lateral";"Com Vítimas Feridas";"Pleno dia";"Crescente";"Nublado";"Simples";"Reta";"Não";3;0;1;0;2;0;1;2;"-26.67549947";"-53.51709187";"SR-SC";"DEL7";"UOP03/SC"
183892;2019-01-07;"segunda-feira";"09:45:00";"RJ";101;298;"ITABORAI";"Condutor Dormindo";"Colisão traseira";"Com Vítimas Feridas";"Pleno dia";"Crescente";"Céu Claro";"Dupla";"Viaduto";"Sim";6;0;2;0;4;0;2;4;"-22.7714";"-42.928959";"SR-RJ";"DEL5/2";"UOP02/RJ"
183893;2019-01-07;"segunda-feira";"10:15:00";"RS";470;213,6;"BENTO GONCALVES";"Ingestão de Álcool";"Colisão lateral";"Sem Vítimas";"Pleno dia";"Decrescente";"Nublado";"Simples";"Interseção de vias";"Não";2;0;0;0;2;0;0;2;"-29.14899424";"-51.53049231";"SR-RS";"DEL9/6";"UOP01/RS"
183894;2019-01-07;"segunda-feira";"10:10:00";"SC";280;56,9;"GUARAMIRIM";"Não guardar distância de segurança";"Colisão traseira";"Com Vítimas Feridas";"Pleno dia";"Crescente";"Sol";"Simples";"Reta";"Sim";3;0;2;0;1;0;2;2;"-26.479477";"-49.002987";"SR-SC";"DEL8/3";"UOP03/SC"
183895;2019-01-07;"segunda-feira";"10:55:00";"GO";60;18,7;"ALEXANIA";"Velocidade Incompatível";"Saída de leito carroçável";"Com Vítimas Feridas";"Pleno dia";"Crescente";"Céu Claro";"Dupla";"Curva";"Não";5;0;4;1;0;0;5;1;"-16.0963";"-48.5202";"SR-DF";"GO";"UOP03/DF"
183898;2019-01-07;"segunda-feira";"08:40:00";"BA";20;46;"CORRENTINA";"Animais na Pista";"Atropelamento de Animal";"Com Vítimas Feridas";"Pleno dia";"Decrescente";"Sol";"Simples";"Reta";"Não";5;0;2;2;0;1;4;1;"-13.567064";"-46.113859";"SR-BA";"DEL10/10";"UOP01/BA"
183899;2019-01-07;"segunda-feira";"10:00:00";"BA";110;76;"JEREMOABO";"Falta de Atenção à Condução";"Colisão lateral";"Com Vítimas Feridas";"Pleno dia";"Crescente";"Sol";"Simples";"Interseção de vias";"Não";7;0;1;0;6;0;1;2;"-10.0749";"-38.3419";"SR-BA";"DEL10/7";"UOP01/BA"
183900;2019-01-07;"segunda-feira";"10:30:00";"GO";20;5,7;"FORMOSA";"Falta de Atenção à Condução";"Colisão transversal";"Com Vítimas Feridas";"Pleno dia";"Crescente";"Céu Claro";"Simples";"Reta";"Sim";3;0;2;0;1;0;2;2;"-15.55123439";"-47.30253696";"SR-DF";"GO";"UOP04/DF"
183901;2019-01-07;"segunda-feira";"11:35:00";"SP";116;173,9;"GUARAREMA";"Defeito Mecânico no Veículo";"Incêndio";"Sem Vítimas";"Pleno dia";"Crescente";"Céu Claro";"Múltipla";"Não Informado";"Não";1;0;0;0;1;0;0;1;"-23.31940018";"-46.0871315";"SR-SP";"DEL6/2";"UOP01/SP"
183903;2019-01-07;"segunda-feira";"12:20:00";"SC";470;52,7;"BLUMENAU";"Falta de Atenção à Condução";"Atropelamento de Pedestre";"Com Vítimas Feridas";"Pleno dia";"Crescente";"Sol";"Simples";"Reta";"Não";2;0;1;0;1;0;1;1;"-26.86537188";"-49.09997642";"SR-SC";"DEL8/4";"UOP01/SC"
183906;2019-01-07;"segunda-feira";"11:00:00";"PE";101;128;"ESCADA";"Sinalização da via insuficiente ou inadequada";"Colisão traseira";"Com Vítimas Feridas";"Pleno dia";"Decrescente";"Chuva";"Simples";"Reta";"Sim";6;0;1;0;5;0;1;2;"-8.3839";"-35.2487";"SR-PE";"DEL11/1";"UOP03/PE"
183907;2019-01-07;"segunda-feira";"12:50:00";"SP";116;221,6;"GUARULHOS";"Falta de Atenção à Condução";"Colisão lateral";"Com Vítimas Fatais";"Pleno dia";"Decrescente";"Sol";"Múltipla";"Reta";"Não";2;1;0;0;1;0;0;2;"-23.47127694";"-46.51688576";"SR-SP";"DEL6/1";"UOP01/SP"
183908;2019-01-07;"segunda-feira";"07:00:00";"MG";381;250,6;"SANTANA DO PARAISO";"Falta de Atenção à Condução";"Colisão transversal";"Com Vítimas Feridas";"Pleno dia";"Crescente";"Céu Claro";"Simples";"Retorno Regulamentado";"Sim";2;0;0;1;1;0;1;2;"-19.3243";"-42.4169";"SR-MG";"DEL4/6";"UOP01/MG"
183909;2019-01-07;"segunda-feira";"12:20:00";"RN";226;3,4;"NATAL";"Desobediência às normas de trânsito pelo condutor";"Colisão traseira";"Com Vítimas Feridas";"Pleno dia";"Crescente";"Céu Claro";"Simples";"Reta";"Não";2;0;1;0;1;0;1;2;"-5.821187";"-35.254928";"SR-RN";"DEL15/1";"UOP02/RN"
183911;2019-01-07;"segunda-feira";"13:20:00";"SP";153;74,4;"BADY BASSITT";"Defeito Mecânico no Veículo";"Tombamento";"Com Vítimas Feridas";"Pleno dia";"Crescente";"Céu Claro";"Dupla";"Reta";"Não";2;0;0;2;0;0;2;1;"-20.885351";"-49.426739";"SR-SP";"DEL6/9";"UOP01/SP"
183912;2019-01-07;"segunda-feira";"11:10:00";"PR";369;56;"BANDEIRANTES";"Sinalização da via insuficiente ou inadequada";"Colisão transversal";"Com Vítimas Feridas";"Pleno dia";"Decrescente";"Céu Claro";"Simples";"Interseção de vias";"Sim";2;0;1;0;1;0;1;2;"-23.10881851";"-50.36753207";"SR-PR";"DEL7/7";"UOP06/PR"
183913;2019-01-07;"segunda-feira";"12:30:00";"SE";101;111;"SAO CRISTOVAO";"Falta de Atenção à Condução";"Colisão com objeto estático";"Com Vítimas Feridas";"Pleno dia";"Decrescente";"Nublado";"Dupla";"Reta";"Não";1;0;1;0;0;0;1;1;"-10.9935";"-37.2986";"SR-SE";"DEL20/2";"UOP01/SE"
183914;2019-01-07;"segunda-feira";"13:20:00";"MG";365;625,6;"UBERLANDIA";"Falta de Atenção à Condução";"Colisão traseira";"Com Vítimas Feridas";"Pleno dia";"Decrescente";"Céu Claro";"Dupla";"Curva";"Sim";3;0;1;0;2;0;1;2;"-18.905";"-48.2879";"SR-MG";"DEL4/15";"UOP01/MG"
183915;2019-01-07;"segunda-feira";"06:20:00";"BA";101;446,8;"AURELINO LEAL";"Falta de Atenção à Condução";"Saída de leito carroçável";"Com Vítimas Feridas";"Pleno dia";"Decrescente";"Céu Claro";"Simples";"Curva";"Não";1;0;1;0;0;0;1;1;"-14.3234";"-39.3138";"SR-BA";"DEL10/5";"UOP01/BA"
183916;2019-01-07;"segunda-feira";"13:30:00";"SC";101;148;"ITAPEMA";"Falta de Atenção à Condução";"Colisão traseira";"Com Vítimas Feridas";"Pleno dia";"Decrescente";"Céu Claro";"Dupla";"Reta";"Sim";2;0;1;0;1;0;1;2;"-27.109";"-48.6126";"SR-SC";"DEL8/4";"UOP03/SC"
183917;2019-01-07;"segunda-feira";"13:35:00";"SC";101;357;"SANGAO";"Falta de Atenção à Condução";"Colisão traseira";"Com Vítimas Feridas";"Pleno dia";"Decrescente";"Nublado";"Dupla";"Reta";"Não";2;0;1;0;1;0;1;2;"-28.6375";"-49.0971";"SR-SC";"DEL8/2";"UOP01/SC"
183918;2019-01-07;"segunda-feira";"11:50:00";"MG";365;163;"PIRAPORA";"Falta de Atenção à Condução";"Saída de leito carroçável";"Com Vítimas Feridas";"Pleno dia";"Crescente";"Sol";"Simples";"Reta";"Sim";2;0;1;1;0;0;2;1;"-17.371075";"-44.945316";"SR-MG";"DEL4/12";"UOP01/MG"
183919;2019-01-07;"segunda-feira";"11:20:00";"MG";381;838,1;"SAO SEBASTIAO DA BELA VISTA";"Defeito Mecânico no Veículo";"Tombamento";"Com Vítimas Feridas";"Pleno dia";"Crescente";"Sol";"Dupla";"Reta";"Não";2;0;2;0;0;0;2;1;"-22.1586";"-45.8273";"SR-MG";"DEL09";"UOP01/MG"
183920;2019-01-07;"segunda-feira";"12:05:00";"MG";381;838,7;"SAO SEBASTIAO DA BELA VISTA";"Velocidade Incompatível";"Saída de leito carroçável";"Com Vítimas Feridas";"Pleno dia";"Crescente";"Céu Claro";"Dupla";"Reta";"Não";2;0;2;0;0;0;2;1;"-22.15607335";"-45.82553029";"SR-MG";"DEL09";"UOP01/MG"
183921;2019-01-07;"segunda-feira";"12:00:00";"MT";163;588;"NOVA MUTUM";"Velocidade Incompatível";"Saída de leito carroçável";"Com Vítimas Feridas";"Pleno dia";"Crescente";"Chuva";"Simples";"Reta";"Não";2;0;2;0;0;0;2;1;"-13.9405805";"-56.09556377";"SR-MT";"DEL2/4";"UOP01/MT"