"id";"data_inversa";"dia_semana";"horario";"uf";"br";"km";"municipio";"causa_acidente";"tipo_acidente";"classificacao_acidente";"fase_dia";"sentido_via";"condicao_metereologica";"tipo_pista";"tracado_via";"uso_solo";"pessoas";"mortos";"feridos_leves";"feridos_graves";"ilesos";"ignorados";"feridos";"veiculos";"latitude";"longitude";"regional";"delegacia";"uop"
184105;2019-01-08;"terça-feira";"22:00:00";"TO";153;705;"CARIRI DO TOCANTINS";"Desobediência às normas de trânsito pelo condutor";"Queda de ocupante de veículo";"Com Vítimas Feridas";"Plena Noite";"Crescente";"Céu Claro";"Simples";"Desvio Temporário";"Não";4;0;0;1;3;0;1;3;"-11.995826";"-49.201508";"SR-TO";"UOP01/TO";""
184106;2019-01-08;"terça-feira";"19:20:00";"PR";376;176,2;"MARINGA";"Ingestão de Álcool";"Colisão traseira";"Sem Vítimas";"Pleno dia";"Crescente";"Céu Claro";"Dupla";"Reta";"Sim";3;0;0;0;3;0;0;3;"-23.412691";"-51.931583";"SR-PR";"DEL7/7";"UOP04/PR"
184107;2019-01-07;"segunda-feira";"17:15:00";"MA";10;273,9;"IMPERATRIZ";"Não guardar distância de segurança";"Saída de leito carroçável";"Com Vítimas Fatais";"Pleno dia";"Crescente";"Céu Claro";"Simples";"Reta";"Não";2;1;0;1;0;0;1;1;"-5.339613";"-47.487582";"SR-MA";"DEL18/4";"UOP01/MA"
184108;2019-01-09;"quarta-feira";"00:01:00";"MS";262;370;"TERENOS";"Animais na Pista";"Atropelamento de Animal";"Com Vítimas Feridas";"Plena Noite";"Crescente";"Céu Claro";"Simples";"Reta";"Não";2;0;2;0;0;0;2;1;"-20.482578";"-54.781143";"SR-MS";"DEL3/1";"UOP03/MS"
184109;2019-01-09;"quarta-feira";"01:15:00";"PR";373;206,7;"IPIRANGA";"Velocidade Incompatível";"Saída de leito carroçável";"Com Vítimas Feridas";"Plena Noite";"Crescente";"Céu Claro";"Simples";"Reta";"Não";2;0;2;0;0;0;2;1;"-25.12679137";"-50.45402527";"SR-PR";"DEL7/3";"UOP01/PR"
184110;2019-01-09;"quarta-feira";"00:10:00";"MG";356;268;"MURIAE";"Falta de Atenção à Condução";"Colisão com objeto estático";"Com Vítimas Feridas";"Amanhecer";"Crescente";"Céu Claro";"Simples";"Curva";"Sim";1;0;1;0;0;0;1;1;"-21.125526";"-42.375477";"SR-MG";"DEL4/7";"UOP02/MG"
184111;2019-01-09;"quarta-feira";"00:55:00";"PE";101;68;"RECIFE";"Falta de Atenção à Condução";"Colisão com objeto estático";"Com Vítimas Fatais";"Plena Noite";"Decrescente";"Chuva";"Dupla";"Reta";"Sim";1;1;0;0;0;0;0;1;"-8.0595";"-34.9458";"SR-PE";"DEL11/1";"UOP01/PE"
184112;2019-01-09;"quarta-feira";"01:20:00";"MG";40;65,1;"PARACATU";"Ultrapassagem Indevida";"Saída de leito carroçável";"Com Vítimas Feridas";"Plena Noite";"Decrescente";"Céu Claro";"Simples";"Reta";"Não";5;0;5;0;0;0;5;1;"-17.360519";"-46.746902";"SR-MG";"DEL4/14";"UOP01/MG"
184113;2019-01-09;"quarta-feira";"02:30:00";"GO";452;91;"GOIATUBA";"Velocidade Incompatível";"Capotamento";"Com Vítimas Feridas";"Plena Noite";"Decrescente";"Céu Claro";"Simples";"Reta";"Não";1;0;0;1;0;0;1;1;"-18.051043";"-50.184875";"SR-GO";"DEL1/3";"UOP02/GO"
184115;2019-01-09;"quarta-feira";"04:00:00";"PR";277;133,5;"BALSA NOVA";"Defeito Mecânico no Veículo";"Saída de leito carroçável";"Com Vítimas Feridas";"Plena Noite";"Decrescente";"Céu Claro";"Dupla";"Reta";"Sim";3;0;3;0;0;0;3;1;"-25.47181779";"-49.66591538";"SR-PR";"DEL7/1";"UOP05/PR"
184116;2019-01-09;"quarta-feira";"04:00:00";"GO";60;137,9;"GOIANIA";"Condutor Dormindo";"Saída de leito carroçável";"Sem Vítimas";"Plena Noite";"Crescente";"Céu Claro";"Dupla";"Reta";"Sim";1;0;0;0;1;0;0;1;"-16.603";"-49.2023";"SR-GO";"DEL1/1";"UOP01/GO"
184118;2019-01-09;"quarta-feira";"05:40:00";"SP";116;215;"GUARULHOS";"Falta de Atenção à Condução";"Colisão lateral";"Com Vítimas Feridas";"Amanhecer";"Decrescente";"Céu Claro";"Múltipla";"Reta";"Não";2;0;1;0;1;0;1;2;"-23.45100265";"-46.46379948";"SR-SP";"DEL6/1";"UOP01/SP"
184119;2019-01-08;"terça-feira";"23:50:00";"PI";343;227,9;"COCAL DE TELHA";"Falta de Atenção à Condução";"Colisão traseira";"Com Vítimas Fatais";"Plena Noite";"Crescente";"Nevoeiro/Neblina";"Simples";"Reta";"Não";3;1;0;1;0;1;1;2;"-4.573768";"-41.97813";"SR-PI";"DEL17/2";"UOP02/PI"
184120;2019-01-09;"quarta-feira";"05:00:00";"MS";267;203,2;"NOVA ALVORADA DO SUL";"Condutor Dormindo";"Colisão frontal";"Com Vítimas Fatais";"Amanhecer";"Crescente";"Céu Claro";"Simples";"Não Informado";"Não";3;1;1;0;1;0;1;2;"-21.58944676";"-53.98784637";"SR-MS";"DEL2";"UOP03/MS"
184122;2019-01-09;"quarta-feira";"07:30:00";"SC";101;333,7;"TUBARAO";"Desobediência às normas de trânsito pelo condutor";"Colisão transversal";"Com Vítimas Feridas";"Pleno dia";"Crescente";"Sol";"Dupla";"Viaduto";"Sim";2;0;0;1;1;0;1;2;"-28.4674";"-49.0071";"SR-SC";"DEL8/2";"UOP01/SC"
184123;2019-01-09;"quarta-feira";"07:00:00";"PR";277;79,4;"CURITIBA";"Defeito Mecânico no Veículo";"Colisão com objeto estático";"Com Vítimas Feridas";"Pleno dia";"Crescente";"Céu Claro";"Dupla";"Reta";"Sim";1;0;1;0;0;0;1;1;"-25.47865093";"-49.20186281";"SR-PR";"DEL7/1";"UOP01/PR"
184124;2019-01-09;"quarta-feira";"07:40:00";"SP";116;145,4;"SAO JOSE DOS CAMPOS";"Não guardar distância de segurança";"Colisão traseira";"Com Vítimas Feridas";"Pleno dia";"Crescente";"Céu Claro";"Múltipla";"Reta";"Sim";3;0;2;0;1;0;2;2;"-23.187023";"-45.854885";"SR-SP";"DEL6/2";"UOP01/SP"
184125;2019-01-09;"quarta-feira";"07:45:00";"SP";116;145,2;"SAO JOSE DOS CAMPOS";"Falta de Atenção à Condução";"Colisão lateral";"Com Vítimas Feridas";"Pleno dia";"Crescente";"Céu Claro";"Dupla";"Reta";"Sim";2;0;1;0;1;0;1;2;"-23.187023";"-45.854885";"SR-SP";"DEL6/2";"UOP01/SP"
184126;2019-01-09;"quarta-feira";"08:00:00";"MG";50;72;"UBERLANDIA";"Falta de Atenção à Condução";"Colisão traseira";"Com Vítimas Feridas";"Pleno dia";"Decrescente";"Céu Claro";"Dupla";"Reta";"Sim";3;0;1;0;2;0;1;3;"-18.9051";"-48.2318";"SR-MG";"DEL4/15";"UOP01/MG"
184128;2019-01-09;"quarta-feira";"07:50:00";"MG";40;531;"BELO HORIZONTE";"Falta de Atenção à Condução";"Colisão lateral";"Com Vítimas Feridas";"Pleno dia";"Crescente";"Céu Claro";"Dupla";"Reta";"Sim";2;0;1;0;1;0;1;2;"-19.9243";"-44.0151";"SR-MG";"DEL4/1";"UOP03/MG"
184129;2019-01-09;"quarta-feira";"07:50:00";"GO";40;7;"LUZIANIA";"Falta de Atenção à Condução";"Colisão transversal";"Com Vítimas Feridas";"Pleno dia";"Decrescente";"Céu Claro";"Dupla";"Reta";"Sim";3;0;2;0;1;0;2;3;"-16.108482";"-47.972524";"SR-DF";"GO";"UOP01/DF"
184131;2019-01-09;"quarta-feira";"07:40:00";"RN";304;298,9;"MACAIBA";"Desobediência às normas de trânsito pelo condutor";"Colisão transversal";"Com Vítimas Feridas";"Pleno dia";"Crescente";"Nublado";"Dupla";"Reta";"Não";2;0;1;0;0;1;1;2;"-5.865341";"-35.340694";"SR-RN";"DEL15/1";"UOP02/RN"
184133;2019-01-09;"quarta-feira";"08:10:00";"PR";277;593;"CASCAVEL";"Não guardar distância de segurança";"Colisão traseira";"Com Vítimas Feridas";"Pleno dia";"Crescente";"Sol";"Simples";"Interseção de vias";"Sim";3;0;1;0;2;0;1;2;"-24.98061737";"-53.48233765";"SR-PR";"DEL7/4";"UOP01/PR"
184134;2019-01-08;"terça-feira";"12:25:00";"PI";230;309;"FLORIANO";"Falta de Atenção à Condução";"Colisão transversal";"Com Vítimas Feridas";"Pleno dia";"Crescente";"Céu Claro";"Simples";"Reta";"Não";2;0;0;1;1;0;1;2;"-6.76962511";"-43.0083847";"SR-PI";"DEL17/3";"UOP01/PI"
184135;2019-01-09;"quarta-feira";"05:30:00";"SC";282;247,3;"SAO JOSE DO CERRITO";"Falta de Atenção à Condução";"Colisão com objeto estático";"Com Vítimas Feridas";"Plena Noite";"Decrescente";"Nublado";"Simples";"Curva";"Não";1;0;1;0;0;0;1;1;"-27.719036";"-50.527447";"SR-SC";"DEL8/5";"UOP02/SC"
184136;2019-01-09;"quarta-feira";"08:30:00";"SC";101;463;"PASSO DE TORRES";"Defeito Mecânico no Veículo";"Saída de leito carroçável";"Com Vítimas Feridas";"Pleno dia";"Decrescente";"Nublado";"Dupla";"Reta";"Não";5;0;2;0;3;0;2;1;"-29.2923";"-49.7617";"SR-RS";"DEL9/3";"UOP03/RS"
184139;2019-01-09;"quarta-feira";"08:35:00";"ES";101;278,5;"SERRA";"Desobediência às normas de trânsito pelo condutor";"Colisão lateral";"Com Vítimas Feridas";"Pleno dia";"Crescente";"Sol";"Dupla";"Reta";"Não";2;0;0;1;1;0;1;2;"-20.21765902";"-40.33440655";"SR-ES";"DEL12/2";"UOP01/ES"
184140;2019-01-09;"quarta-feira";"07:55:00";"SP";116;32,3;"CRUZEIRO";"Defeito Mecânico no Veículo";"Incêndio";"Sem Vítimas";"Pleno dia";"Crescente";"Sol";"Dupla";"Reta";"Não";1;0;0;0;1;0;0;1;"-22.642225";"-44.947342";"SR-SP";"DEL6/8";"UOP01/SP"
184141;2019-01-09;"quarta-feira";"08:50:00";"GO";153;506;"APARECIDA DE GOIANIA";"Falta de Atenção à Condução";"Engavetamento";"Com Vítimas Feridas";"Amanhecer";"Decrescente";"Nublado";"Dupla";"Reta";"Sim";3;0;0;1;1;1;1;1;"-16.7633";"-49.24";"SR-GO";"DEL1/1";"UOP01/GO"
184142;2019-01-09;"quarta-feira";"08:15:00";"SP";116;228;"GUARULHOS";"Falta de Atenção à Condução";"Colisão traseira";"Com Vítimas Feridas";"Pleno dia";"Crescente";"Céu Claro";"Múltipla";"Reta";"Sim";2;0;1;0;0;1;1;2;"-23.50383722";"-46.5677619";"SR-SP";"DEL6/1";"UOP01/SP"
184143;2019-01-09;"quarta-feira";"07:55:00";"RS";392;7,1;"RIO GRANDE";"Falta de Atenção à Condução";"Colisão frontal";"Sem Vítimas";"Pleno dia";"Crescente";"Chuva";"Simples";"Reta";"Não";2;0;0;0;2;0;0;2;"-32.093723";"-52.108898";"SR-RS";"DEL9/7";"UOP02/RS"
184144;2019-01-09;"quarta-feira";"09:05:00";"MG";381;801,4;"SAO GONCALO DO SAPUCAI";"Falta de Atenção à Condução";"Saída de leito carroçável";"Com Vítimas Feridas";"Pleno dia";"Crescente";"Céu Claro";"Dupla";"Reta";"Não";5;0;0;1;4;0;1;1;"-21.9453";"-45.6199";"SR-MG";"DEL09";"UOP02/MG"
184145;2019-01-09;"quarta-feira";"08:45:00";"PR";116;5;"QUATRO BARRAS";"Falta de Atenção à Condução";"Colisão lateral";"Com Vítimas Feridas";"Pleno dia";"Crescente";"Sol";"Dupla";"Reta";"Não";2;0;1;0;1;0;1;2;"-25.3653";"-49.0906";"SR-PR";"DEL7/1";"UOP02/PR"
184146;2019-01-07;"segunda-feira";"17:35:00";"PR";369;150,7;"LONDRINA";"Velocidade Incompatível";"Colisão traseira";"Com Vítimas Feridas";"Pleno dia";"Crescente";"Céu Claro";"Dupla";"Reta";"Sim";2;0;1;0;1;0;1;2;"-23.2926634";"-51.16715491";"SR-PR";"DEL7/7";"UOP01/PR"
184147;2019-01-09;"quarta-feira";"08:20:00";"MG";40;532;"BELO HORIZONTE";"Desobediência às normas de trânsito pelo condutor";"Colisão traseira";"Com Vítimas Feridas";"Pleno dia";"Crescente";"Céu Claro";"Dupla";"Reta";"Sim";5;0;1;0;4;0;1;4;"-19.9256";"-44.0053";"SR-MG";"DEL4/1";"UOP03/MG"
184149;2019-01-09;"quarta-feira";"09:36:00";"SP";116;140;"SAO JOSE DOS CAMPOS";"Não guardar distância de segurança";"Colisão traseira";"Com Vítimas Feridas";"Pleno dia";"Crescente";"Céu Claro";"Dupla";"Reta";"Sim";2;0;0;1;1;0;1;2;"-23.165804";"-45.812515";"SR-SP";"DEL6";"UOP02/SP"
184150;2019-01-09;"quarta-feira";"09:00:00";"SP";116;270;"TABOAO DA SERRA";"Falta de Atenção à Condução";"Colisão traseira";"Com Vítimas Feridas";"Pleno dia";"Decrescente";"Céu Claro";"Dupla";"Reta";"Não";2;0;1;0;1;0;1;2;"-23.61432859";"-46.78218842";"SR-SP";"DEL6/4";"UOP01/SP"
184151;2019-01-09;"quarta-feira";"09:30:00";"SC";280;55,1;"GUARAMIRIM";"Falta de Atenção à Condução";"Tombamento";"Com Vítimas Feridas";"Pleno dia";"Decrescente";"Céu Claro";"Simples";"Reta";"Sim";3;0;2;0;1;0;2;2;"-26.475843";"-48.993786";"SR-SC";"DEL8/3";"UOP03/SC"
184152;2019-01-09;"quarta-feira";"08:55:00";"SP";116;326;"JUQUITIBA";"Falta de Atenção à Condução";"Colisão lateral";"Sem Vítimas";"Pleno dia";"Crescente";"Céu Claro";"Dupla";"Reta";"Sim";2;0;0;0;2;0;0;2;"-23.938357";"-47.06337";"SR-SP";"DEL6/4";"UOP02/SP"
184158;2019-01-02;"quarta-feira";"06:15:00";"MG";381;284;"JAGUARACU";"Falta de Atenção à Condução";"Colisão frontal";"Com Vítimas Feridas";"Pleno dia";"Decrescente";"Céu Claro";"Simples";"Reta";"Não";3;0;0;1;2;0;1;2;"-19.59756334";"-42.74689155";"SR-MG";"DEL4/3";"UOP02/MG"
184159;2019-01-09;"quarta-feira";"10:00:00";"PE";232;5;"RECIFE";"Falta de Atenção à Condução";"Colisão traseira";"Sem Vítimas";"Pleno dia";"Decrescente";"Céu Claro";"Simples";"Reta";"Sim";4;0;0;0;4;0;0;4;"-8.067958";"-34.945354";"SR-PE";"DEL11/1";"UOP01/PE"
184161;2019-01-09;"quarta-feira";"11:02:00";"ES";101;146,7;"LINHARES";"Falta de Atenção à Condução";"Colisão lateral";"Com Vítimas Feridas";"Pleno dia";"Crescente";"Céu Claro";"Dupla";"Reta";"Sim";2;0;1;0;1;0;1;2;"-19.37626117";"-40.0664646";"SR-ES";"DEL12/4";"UOP01/ES"
184162;2019-01-09;"quarta-feira";"10:15:00";"CE";402;286,2;"TURURU";"Desobediência às normas de trânsito pelo condutor";"Colisão traseira";"Com Vítimas Feridas";"Pleno dia";"Decrescente";"Nublado";"Simples";"Reta";"Sim";3;0;1;0;2;0;1;2;"-3.59909229";"-39.43699341";"SR-CE";"DEL16/1";"UOP03/CE"
184163;2019-01-09;"quarta-feira";"08:10:00";"SC";101;345,1;"TUBARAO";"Falta de Atenção à Condução";"Colisão com objeto estático";"Com Vítimas Fatais";"Pleno dia";"Decrescente";"Céu Claro";"Dupla";"Reta";"Não";2;1;0;1;0;0;1;1;"-28.56190859";"-49.05455589";"SR-SC";"DEL8/2";"UOP01/SC"
184164;2019-01-09;"quarta-feira";"11:00:00";"PR";376;177,2;"MARINGA";"Falta de Atenção à Condução";"Colisão lateral";"Com Vítimas Feridas";"Pleno dia";"Crescente";"Céu Claro";"Dupla";"Reta";"Sim";3;0;1;0;2;0;1;3;"-23.412691";"-51.931583";"SR-PR";"DEL7/7";"UOP04/PR"
184168;2019-01-09;"quarta-feira";"10:54:00";"MG";381;506;"BETIM";"Falta de Atenção à Condução";"Colisão traseira";"Com Vítimas Feridas";"Pleno dia";"Decrescente";"Sol";"Dupla";"Reta";"Não";2;0;1;0;1;0;1;2;"-20.0411";"-44.2619";"SR-MG";"DEL4/1";"UOP03/MG"
184169;2019-01-09;"quarta-feira";"11:20:00";"SC";101;203;"SAO JOSE";"Falta de Atenção à Condução";"Colisão lateral";"Com Vítimas Feridas";"Pleno dia";"Decrescente";"Céu Claro";"Múltipla";"Reta";"Sim";3;0;2;0;1;0;2;2;"-27.5742";"-48.6134";"SR-SC";"DEL8/1";"UOP01/SC"
184170;2019-01-09;"quarta-feira";"11:30:00";"RS";285;271;"MATO CASTELHANO";"Ingestão de Álcool";"Colisão transversal";"Sem Vítimas";"Pleno dia";"Decrescente";"Nublado";"Simples";"Reta";"Sim";2;0;0;0;2;0;0;2;"-28.282991";"-52.177471";"SR-RS";"DEL08";"UOP03/RS"
184172;2019-01-07;"segunda-feira";"17:55:00";"SC";470;88,3;"ASCURRA";"Velocidade Incompatível";"Colisão transversal";"Com Vítimas Feridas";"Pleno dia";"Crescente";"Céu Claro";"Simples";"Curva";"Sim";5;0;3;0;2;0;3;4;"-26.95905588";"-49.37572896";"SR-SC";"DEL8/4";"UOP01/SC"
184173;2019-01-09;"quarta-feira";"11:20:00";"PE";101;66,9;"RECIFE";"Falta de Atenção à Condução";"Colisão lateral";"Com Vítimas Feridas";"Pleno dia";"Crescente";"Nublado";"Dupla";"Reta";"Sim";3;0;2;0;1;0;2;2;"-8.04006551";"-34.9424243";"SR-PE";"DEL11/1";"UOP01/PE"
184174;2019-01-09;"quarta-feira";"11:50:00";"MG";116;704,5;"MURIAE";"Falta de Atenção à Condução";"Colisão transversal";"Com Vítimas Feridas";"Pleno dia";"Decrescente";"Céu Claro";"Simples";"Rotatória";"Sim";2;0;1;0;1;0;1;2;"-21.126823";"-42.383221";"SR-MG";"DEL4/7";"UOP02/MG"
184175;2019-01-09;"quarta-feira";"10:30:00";"PA";222;59,1;"DOM ELISEU";"Condutor Dormindo";"Saída de leito carroçável";"Com Vítimas Feridas";"Pleno dia";"Crescente";"Céu Claro";"Simples";"Curva";"Não";5;0;0;1;4;0;1;1;"-4.475503";"-47.818012";"SR-PA";"DEL19/2";"UOP03/PA"
184176;2019-01-09;"quarta-feira";"08:00:00";"BA";415;54,8;"ITABUNA";"Falta de Atenção do Pedestre";"Atropelamento de Pedestre";"Com Vítimas Feridas";"Pleno dia";"Crescente";"Céu Claro";"Simples";"Reta";"Sim";4;0;1;0;2;1;1;1;"-14.814651";"-39.296741";"SR-BA";"DEL10/5";"UOP01/BA"
184177;2019-01-09;"quarta-feira";"11:50:00";"MT";70;8,3;"BARRA DO GARCAS";"Falta de Atenção à Condução";"Saída de leito carroçável";"Com Vítimas Feridas";"Pleno dia";"Decrescente";"Sol";"Simples";"Não Informado";"Não";2;0;2;0;0;0;2;2;"-15.878259";"-52.325825";"SR-MT";"DEL2/8";"UOP01/MT"
184178;2019-01-09;"quarta-feira";"10:30:00";"PB";230;462,2;"SOUSA";"Desobediência às normas de trânsito pelo condutor";"Colisão transversal";"Com Vítimas Feridas";"Pleno dia";"Decrescente";"Nublado";"Simples";"Reta";"Sim";2;0;0;1;1;0;1;2;"-6.7768";"-38.215";"SR-PB";"DEL14/3";"UOP03/PB"
184179;2019-01-09;"quarta-feira";"13:20:00";"SP";381;58,8;"MAIRIPORA";"Não guardar distância de segurança";"Colisão traseira";"Com Vítimas Feridas";"Pleno dia";"Crescente";"Céu Claro";"Dupla";"Reta";"Não";4;0;3;0;1;0;3;2;"-23.279867";"-46.586505";"SR-SP";"DEL6/3";"UOP02/SP"
184180;2019-01-09;"quarta-feira";"11:00:00";"RO";364;239,3;"CACOAL";"Desobediência às normas de trânsito pelo condutor";"Colisão traseira";"Com Vítimas Feridas";"Pleno dia";"Crescente";"Nublado";"Simples";"Curva";"Sim";2;0;0;1;1;0;1;2;"-11.434251";"-61.462673";"SR-RO";"DEL21/2";"UOP02/RO"
184181;2019-01-09;"quarta-feira";"13:20:00";"RS";290;64,7;"GRAVATAI";"Velocidade Incompatível";"Saída de leito carroçável";"Com Vítimas Feridas";"Pleno dia";"Decrescente";"Céu Claro";"Dupla";"Reta";"Não";3;0;3;0;0;0;3;1;"-29.940449";"-50.895531";"SR-RS";"DEL9/3";"UOP02/RS"
184182;2019-01-05;"sábado";"10:50:00";"MG";381;376;"SAO GONCALO DO RIO ABAIXO";"Carga excessiva e/ou mal acondicionada";"Derramamento de carga";"Sem Vítimas";"Pleno dia";"Decrescente";"Céu Claro";"Simples";"Curva";"Não";1;0;0;0;1;0;0;1;"-19.85068565";"-43.21781158";"SR-MG";"DEL4/1";"UOP01/MG"
184183;2019-01-09;"quarta-feira";"12:40:00";"PA";230;113;"MARABA";"Falta de Atenção à Condução";"Colisão traseira";"Sem Vítimas";"Pleno dia";"Crescente";"Céu Claro";"Simples";"Rotatória";"Sim";4;0;0;0;4;0;0;2;"-5.36128815";"-49.07854926";"SR-PA";"DEL19/3";"UOP01/PA"
184184;2019-01-09;"quarta-feira";"08:00:00";"MS";158;1;"CASSILANDIA";"Defeito Mecânico no Veículo";"Incêndio";"Sem Vítimas";"Pleno dia";"Crescente";"Céu Claro";"Simples";"Não Informado";"Sim";1;0;0;0;0;1;0;1;"-19.119783";"-51.73276";"SR-MS";"DEL3/8";"UOP01/MS"
184186;2019-01-09;"quarta-feira";"14:15:00";"MG";459;92,9;"POUSO ALEGRE";"Velocidade Incompatível";"Colisão lateral";"Com Vítimas Feridas";"Pleno dia";"Crescente";"Céu Claro";"Simples";"Curva";"Não";2;0;2;0;0;0;2;2;"-22.173647";"-46.001644";"SR-MG";"DEL13";"UOP01/MG"
184187;2019-01-09;"quarta-feira";"13:20:00";"SP";153;110,6;"JOSE BONIFACIO";"Desobediência às normas de trânsito pelo condutor";"Capotamento";"Com Vítimas Feridas";"Pleno dia";"Crescente";"Céu Claro";"Simples";"Reta";"Não";1;0;1;0;0;0;1;1;"-21.088455";"-49.674664";"SR-SP";"DEL6/9";"UOP01/SP"
184188;2019-01-09;"quarta-feira";"13:30:00";"RS";285;673,5;"SAO BORJA";"Falta de Atenção à Condução";"Saída de leito carroçável";"Sem Vítimas";"Pleno dia";"Crescente";"Chuva";"Simples";"Reta";"Não";1;0;0;0;1;0;0;1;"-28.664228";"-55.987453";"SR-RS";"DEL9/12";"UOP01/RS"
184189;2019-01-09;"quarta-feira";"11:20:00";"SC";101;406,2;"ARARANGUA";"Falta de Atenção à Condução";"Colisão traseira";"Sem Vítimas";"Pleno dia";"Crescente";"Céu Claro";"Dupla";"Reta";"Não";2;0;0;0;2;0;0;2;"-28.9026";"-49.4766";"SR-SC";"DEL8/2";"UOP02/SC"
184191;2019-01-09;"quarta-feira";"12:50:00";"RJ";101;402;"ITAGUAI";"Carga excessiva e/ou mal acondicionada";"Tombamento";"Com Vítimas Feridas";"Pleno dia";"Crescente";"Sol";"Dupla";"Reta";"Não";2;0;2;0;0;0;2;1;"-22.854378";"-43.784405";"SR-RJ";"DEL5/3";"UOP01/RJ"
184192;2019-01-09;"quarta-feira";"12:00:00";"MA";135;5,7;"SAO LUIS";"Falta de Atenção à Condução";"Colisão transversal";"Com Vítimas Feridas";"Pleno dia";"Decrescente";"Nublado";"Dupla";"Retorno Regulamentado";"Sim";2;0;1;0;1;0;1;2;"-2.621546";"-44.258041";"SR-MA";"DEL18/1";"UOP01/MA"
184193;2019-01-09;"quarta-feira";"09:00:00";"RJ";116;80;"TERESOPOLIS";"Falta de Atenção à Condução";"Atropelamento de Pedestre";"Com Vítimas Feridas";"Pleno dia";"Crescente";"Sol";"Simples";"Não Informado";"Sim";2;0;1;0;1;0;1;1;"-22.39007";"-42.953365";"SR-RJ";"DEL5/4";"UOP01/RJ"
184194;2019-01-09;"quarta-feira";"12:15:00";"PR";476;268;"SAO MATEUS DO SUL";"Falta de Atenção à Condução";"Colisão transversal";"Com Vítimas Feridas";"Pleno dia";"Decrescente";"Sol";"Dupla";"Reta";"Não";2;0;1;0;1;0;1;2;"-25.896599";"-50.320179";"SR-PR";"DEL7/2";"UOP03/PR"
184195;2019-01-07;"segunda-feira";"17:30:00";"SC";153;59;"IRANI";"Desobediência às normas de trânsito pelo condutor";"Colisão transversal";"Com Vítimas Feridas";"Pleno dia";"Decrescente";"Chuva";"Simples";"Interseção de vias";"Não";3;0;3;0;0;0;3;2;"-26.96970971";"-51.85449271";"SR-SC";"DEL7";"UOP05/SC"
184196;2019-01-09;"quarta-feira";"14:15:00";"MG";381;495;"BETIM";"Defeito Mecânico no Veículo";"Queda de ocupante de veículo";"Com Vítimas Feridas";"Pleno dia";"Crescente";"Céu Claro";"Dupla";"Reta";"Sim";2;0;2;0;0;0;2;1;"-19.9754";"-44.1937";"SR-MG";"DEL4/1";"UOP03/MG"
184197;2019-01-09;"quarta-feira";"13:10:00";"RJ";493;96;"SEROPEDICA";"Falta de Atenção à Condução";"Colisão com objeto estático";"Com Vítimas Feridas";"Pleno dia";"Crescente";"Sol";"Dupla";"Reta";"Sim";2;0;1;0;1;0;1;1;"-22.71412324";"-43.70326996";"SR-RJ";"DEL5/1";"UOP03/RJ"
184198;2019-01-09;"quarta-feira";"12:40:00";"PR";476;268;"SAO MATEUS DO SUL";"Defeito Mecânico no Veículo";"Colisão com objeto em movimento";"Com Vítimas Feridas";"Pleno dia";"Crescente";"Sol";"Simples";"Reta";"Não";2;0;0;1;1;0;1;1;"-25.896599";"-50.320179";"SR-PR";"DEL7/2";"UOP03/PR"
184199;2019-01-09;"quarta-feira";"11:20:00";"SC";101;331,6;"TUBARAO";"Falta de Atenção à Condução";"Colisão traseira";"Sem Vítimas";"Pleno dia";"Decrescente";"Sol";"Dupla";"Viaduto";"Sim";3;0;0;0;3;0;0;3;"-28.4608";"-48.9902";"SR-SC";"DEL8/2";"UOP01/SC"
184200;2019-01-09;"quarta-feira";"14:20:00";"PR";277;455,2;"LARANJEIRAS DO SUL";"Ultrapassagem Indevida";"Colisão lateral";"Sem Vítimas";"Pleno dia";"Decrescente";"Céu Claro";"Múltipla";"Curva";"Sim";3;0;0;0;3;0;0;3;"-25.376922";"-52.3938277";"SR-PR";"DEL7/4";"UOP03/PR"
184201;2019-01-09;"quarta-feira";"13:58:00";"SP";116;131,9;"CACAPAVA";"Condutor Dormindo";"Colisão com objeto estático";"Com Vítimas Feridas";"Pleno dia";"Decrescente";"Sol";"Dupla";"Reta";"Sim";1;0;1;0;0;0;1;1;"-23.127428";"-45.736378";"SR-SP";"DEL6";"UOP02/SP"
184203;2019-01-09;"quarta-feira";"10:55:00";"RS";285;219;"CASEIROS";"Falta de Atenção à Condução";"Colisão transversal";"Com Vítimas Feridas";"Pleno dia";"Decrescente";"Céu Claro";"Simples";"Desvio Temporário";"Não";2;0;1;0;1;0;1;2;"-28.266254";"-51.696014";"SR-RS";"DEL08";"UOP05/RS"
184204;2019-01-09;"quarta-feira";"14:00:00";"AP";210;6,6;"MACAPA";"Falta de Atenção à Condução";"Atropelamento de Pedestre";"Com Vítimas Feridas";"Pleno dia";"Decrescente";"Chuva";"Dupla";"Reta";"Sim";3;0;0;1;1;1;1;1;"0.09349";"-51.112221";"SR-AP";"UOP01/AP";""
184205;2019-01-09;"quarta-feira";"12:50:00";"MS";163;476,3;"CAMPO GRANDE";"Ultrapassagem Indevida";"Colisão lateral";"Com Vítimas Feridas";"Pleno dia";"Decrescente";"Céu Claro";"Simples";"Curva";"Sim";3;0;0;1;1;1;1;2;"-20.52195";"-54.568606";"SR-MS";"DEL3/1";"UOP01/MS"
184206;2019-01-09;"quarta-feira";"14:05:00";"GO";40;59,9;"CRISTALINA";"Falta de Atenção à Condução";"Colisão transversal";"Com Vítimas Feridas";"Pleno dia";"Decrescente";"Céu Claro";"Simples";"Curva";"Não";4;0;2;0;2;0;2;2;"-16.520111";"-47.810818";"SR-DF";"GO";"UOP02/DF"