"id";"data_inversa";"dia_semana";"horario";"uf";"br";"km";"municipio";"causa_acidente";"tipo_acidente";"classificacao_acidente";"fase_dia";"sentido_via";"condicao_metereologica";"tipo_pista";"tracado_via";"uso_solo";"pessoas";"mortos";"feridos_leves";"feridos_graves";"ilesos";"ignorados";"feridos";"veiculos";"latitude";"longitude";"regional";"delegacia";"uop"
184207;2019-01-09;"quarta-feira";"15:50:00";"DF";60;29,6;"BRASILIA";"Falta de Atenção à Condução";"Saída de leito carroçável";"Com Vítimas Feridas";"Pleno dia";"Decrescente";"Céu Claro";"Dupla";"Curva";"Sim";2;0;0;1;1;0;1;1;"-16.029184";"-48.25354";"SR-DF";"DF";"UOP03/DF"
184208;2019-01-09;"quarta-feira";"14:40:00";"PA";222;240;"MARABA";"Falta de Atenção à Condução";"Colisão transversal";"Com Vítimas Feridas";"Pleno dia";"Decrescente";"Céu Claro";"Dupla";"Curva";"Sim";2;0;1;0;1;0;1;2;"-5.322347";"-49.084007";"SR-PA";"DEL19/3";"UOP01/PA"
184209;2019-01-09;"quarta-feira";"13:45:00";"MG";40;434;"PARAOPEBA";"Falta de Atenção à Condução";"Saída de leito carroçável";"Com Vítimas Feridas";"Pleno dia";"Decrescente";"Sol";"Dupla";"Reta";"Não";4;0;2;2;0;0;4;1;"-19.2228";"-44.4464";"SR-MG";"DEL4/2";"UOP01/MG"
184210;2019-01-09;"quarta-feira";"16:05:00";"ES";101;298;"VIANA";"Falta de Atenção à Condução";"Colisão transversal";"Com Vítimas Feridas";"Pleno dia";"Crescente";"Céu Claro";"Múltipla";"Reta";"Sim";3;0;1;0;2;0;1;2;"-20.35455085";"-40.41690057";"SR-ES";"DEL12/1";"UOP01/ES"
184211;2019-01-09;"quarta-feira";"15:20:00";"PE";101;73,9;"RECIFE";"Falta de Atenção à Condução";"Queda de ocupante de veículo";"Com Vítimas Feridas";"Pleno dia";"Decrescente";"Nublado";"Simples";"Não Informado";"Sim";2;0;2;0;0;0;2;1;"-8.1027";"-34.9483";"SR-PE";"DEL11/1";"UOP01/PE"
184212;2019-01-09;"quarta-feira";"16:30:00";"SP";101;27;"UBATUBA";"Condutor Dormindo";"Colisão frontal";"Sem Vítimas";"Pleno dia";"Decrescente";"Sol";"Simples";"Curva";"Não";2;0;0;0;2;0;0;2;"-23.36791861";"-44.9492535";"SR-SP";"DEL6";"UOP03/SP"
184213;2019-01-09;"quarta-feira";"14:50:00";"PI";343;4;"TERESINA";"Ingestão de Álcool";"Colisão traseira";"Com Vítimas Feridas";"Pleno dia";"Decrescente";"Céu Claro";"Dupla";"Reta";"Sim";4;0;1;0;3;0;1;2;"-5.089569";"-42.802288";"SR-PI";"DEL17/1";"UOP01/PI"
184214;2019-01-09;"quarta-feira";"16:00:00";"DF";20;53;"BRASILIA";"Carga excessiva e/ou mal acondicionada";"Tombamento";"Com Vítimas Feridas";"Pleno dia";"Crescente";"Céu Claro";"Dupla";"Reta";"Sim";2;0;1;0;1;0;1;1;"-15.57917";"-47.394028";"SR-DF";"DF";"UOP04/DF"
184215;2019-01-09;"quarta-feira";"15:20:00";"MG";381;457;"BELO HORIZONTE";"Velocidade Incompatível";"Capotamento";"Com Vítimas Feridas";"Pleno dia";"Crescente";"Sol";"Simples";"Reta";"Não";2;0;1;0;1;0;1;1;"-19.83883341";"-43.87934625";"SR-MG";"DEL4/1";"UOP01/MG"
184216;2019-01-09;"quarta-feira";"07:55:00";"BA";101;613;"MASCOTE";"Pista Escorregadia";"Colisão frontal";"Com Vítimas Feridas";"Pleno dia";"Decrescente";"Chuva";"Simples";"Curva";"Não";4;0;1;2;1;0;3;2;"-15.586";"-39.4202";"SR-BA";"DEL10/5";"UOP02/BA"
184218;2019-01-09;"quarta-feira";"16:00:00";"ES";101;296;"CARIACICA";"Falta de Atenção à Condução";"Colisão com objeto estático";"Com Vítimas Feridas";"Pleno dia";"Decrescente";"Céu Claro";"Dupla";"Não Informado";"Sim";2;0;1;0;1;0;1;1;"-20.34343991";"-40.40554762";"SR-ES";"DEL12/1";"UOP01/ES"
184219;2019-01-09;"quarta-feira";"16:00:00";"CE";116;485,2;"MILAGRES";"Falta de Atenção à Condução";"Saída de leito carroçável";"Sem Vítimas";"Pleno dia";"Decrescente";"Nublado";"Simples";"Reta";"Não";1;0;0;0;1;0;0;1;"-7.35054948";"-38.94207001";"SR-CE";"DEL16/5";"UOP03/CE"
184221;2019-01-09;"quarta-feira";"16:30:00";"RJ";101;314;"SAO GONCALO";"Falta de Atenção à Condução";"Colisão lateral";"Com Vítimas Feridas";"Pleno dia";"Decrescente";"Sol";"Dupla";"Reta";"Sim";2;0;1;0;1;0;1;2;"-22.816507";"-43.077309";"SR-RJ";"DEL5/2";"UOP02/RJ"
184222;2019-01-09;"quarta-feira";"17:00:00";"SP";116;341;"MIRACATU";"Mal Súbito";"Colisão com objeto estático";"Sem Vítimas";"Pleno dia";"Crescente";"Céu Claro";"Dupla";"Não Informado";"Não";3;0;0;0;3;0;0;1;"-24.01185373";"-47.16593742";"SR-SP";"DEL6/4";"UOP02/SP"
184224;2019-01-09;"quarta-feira";"16:20:00";"MG";116;716,4;"MURIAE";"Falta de Atenção à Condução";"Colisão traseira";"Com Vítimas Feridas";"Pleno dia";"Crescente";"Sol";"Simples";"Não Informado";"Não";11;0;3;0;8;0;3;2;"-21.20230522";"-42.3861185";"SR-MG";"DEL4/7";"UOP02/MG"
184225;2019-01-09;"quarta-feira";"17:40:00";"GO";40;1,8;"VALPARAISO DE GOIAS";"Falta de Atenção do Pedestre";"Atropelamento de Pedestre";"Com Vítimas Feridas";"Pleno dia";"Crescente";"Sol";"Dupla";"Reta";"Sim";2;0;1;0;1;0;1;1;"-16.067129";"-47.984235";"SR-DF";"GO";"UOP01/DF"
184226;2019-01-09;"quarta-feira";"16:30:00";"BA";367;23;"PORTO SEGURO";"Ingestão de Álcool";"Colisão lateral";"Sem Vítimas";"Pleno dia";"Crescente";"Céu Claro";"Simples";"Reta";"Sim";2;0;0;0;2;0;0;2;"-16.435177";"-39.072018";"SR-BA";"DEL10/9";"UOP01/BA"
184227;2019-01-09;"quarta-feira";"14:00:00";"RJ";116;310;"ITATIAIA";"Avarias e/ou desgaste excessivo no pneu";"Queda de ocupante de veículo";"Com Vítimas Feridas";"Pleno dia";"Decrescente";"Céu Claro";"Dupla";"Reta";"Sim";2;0;0;2;0;0;2;1;"-22.459236";"-44.434776";"SR-RJ";"DEL5/7";"UOP03/RJ"
184228;2019-01-09;"quarta-feira";"15:40:00";"PR";277;561,5;"CASCAVEL";"Ultrapassagem Indevida";"Capotamento";"Com Vítimas Feridas";"Pleno dia";"Decrescente";"Nublado";"Simples";"Reta";"Não";2;0;1;0;0;1;1;1;"-25.05625848";"-53.22529242";"SR-PR";"DEL7/4";"UOP02/PR"
184230;2019-01-09;"quarta-feira";"17:50:00";"DF";80;10;"BRASILIA";"Não guardar distância de segurança";"Colisão traseira";"Com Vítimas Feridas";"Pleno dia";"Crescente";"Céu Claro";"Dupla";"Rotatória";"Não";3;0;1;0;2;0;1;2;"-15.731";"-48.168938";"SR-DF";"DF";"UOP06/DF"
184231;2019-01-09;"quarta-feira";"14:00:00";"SC";101;214,3;"PALHOCA";"Desobediência às normas de trânsito pelo condutor";"Colisão traseira";"Com Vítimas Feridas";"Pleno dia";"Decrescente";"Céu Claro";"Múltipla";"Reta";"Sim";3;0;1;0;2;0;1;2;"-27.652";"-48.676";"SR-SC";"DEL8/1";"UOP02/SC"
184234;2019-01-09;"quarta-feira";"17:30:00";"SP";116;487;"CAJATI";"Não guardar distância de segurança";"Colisão traseira";"Com Vítimas Feridas";"Pleno dia";"Decrescente";"Sol";"Dupla";"Reta";"Não";3;0;0;2;1;0;2;2;"-24.72694309";"-48.0909133";"SR-SP";"DEL6/5";"UOP02/SP"
184235;2019-01-09;"quarta-feira";"16:20:00";"BA";367;38,5;"PORTO SEGURO";"Desobediência às normas de trânsito pelo condutor";"Colisão frontal";"Com Vítimas Feridas";"Pleno dia";"Crescente";"Sol";"Simples";"Reta";"Não";2;0;0;1;1;0;1;2;"-16.395948";"-39.193439";"SR-BA";"DEL10/9";"UOP01/BA"
184236;2019-01-09;"quarta-feira";"17:55:00";"MG";381;888,9;"CAMBUI";"Velocidade Incompatível";"Tombamento";"Com Vítimas Feridas";"Pleno dia";"Decrescente";"Sol";"Dupla";"Curva";"Não";1;0;1;0;0;0;1;1;"-22.5331";"-46.0297";"SR-MG";"DEL09";"UOP03/MG"
184237;2019-01-09;"quarta-feira";"14:10:00";"MT";163;83,1;"RONDONOPOLIS";"Falta de Atenção à Condução";"Capotamento";"Com Vítimas Feridas";"Pleno dia";"Decrescente";"Chuva";"Dupla";"Curva";"Não";2;0;2;0;0;0;2;1;"-16.795879";"-54.675625";"SR-MT";"DEL2/2";"UOP02/MT"
184238;2019-01-09;"quarta-feira";"18:00:00";"SP";116;278;"EMBU DAS ARTES";"Falta de Atenção do Pedestre";"Colisão traseira";"Com Vítimas Feridas";"Anoitecer";"Crescente";"Céu Claro";"Dupla";"Reta";"Sim";2;0;1;0;1;0;1;2;"-23.6891667";"-46.8618638";"SR-SP";"DEL6/4";"UOP01/SP"
184239;2019-01-09;"quarta-feira";"15:00:00";"BA";116;367;"SERRINHA";"Falta de Atenção à Condução";"Colisão traseira";"Sem Vítimas";"Pleno dia";"Decrescente";"Sol";"Simples";"Reta";"Não";2;0;0;0;2;0;0;2;"-11.69191076";"-38.98601532";"SR-BA";"DEL10/2";"UOP01/BA"
184240;2019-01-09;"quarta-feira";"18:30:00";"MG";40;387,8;"CURVELO";"Ultrapassagem Indevida";"Colisão frontal";"Com Vítimas Feridas";"Pleno dia";"Decrescente";"Céu Claro";"Simples";"Reta";"Não";5;0;3;2;0;0;5;2;"-18.922731";"-44.683674";"SR-MG";"DEL4/2";"UOP01/MG"
184241;2019-01-09;"quarta-feira";"17:30:00";"MG";381;270;"CORONEL FABRICIANO";"Desobediência às normas de trânsito pelo condutor";"Colisão frontal";"Com Vítimas Feridas";"Pleno dia";"Decrescente";"Céu Claro";"Simples";"Reta";"Não";5;0;3;0;2;0;3;2;"-19.52589885";"-42.66514778";"SR-MG";"DEL4/3";"UOP02/MG"
184242;2019-01-09;"quarta-feira";"17:55:00";"MT";364;401;"CUIABA";"Falta de Atenção à Condução";"Queda de ocupante de veículo";"Com Vítimas Feridas";"Anoitecer";"Crescente";"Céu Claro";"Simples";"Reta";"Não";1;0;1;0;0;0;1;1;"-15.67207";"-55.946564";"SR-MT";"DEL2/1";"UOP01/MT"
184244;2019-01-09;"quarta-feira";"18:40:00";"MG";50;35,7;"ARAGUARI";"Falta de Atenção à Condução";"Capotamento";"Com Vítimas Feridas";"Pleno dia";"Decrescente";"Céu Claro";"Dupla";"Reta";"Não";5;0;2;0;3;0;2;3;"-18.6551";"-48.1484";"SR-MG";"DEL4/15";"UOP02/MG"
184245;2019-01-09;"quarta-feira";"16:50:00";"RR";174;448;"MUCAJAI";"Falta de Atenção à Condução";"Colisão lateral";"Com Vítimas Feridas";"Pleno dia";"Decrescente";"Céu Claro";"Simples";"Reta";"Não";2;0;1;0;1;0;1;2;"2.43553809";"-60.91907144";"SR-RR";"UOP01/RR";""
184246;2019-01-09;"quarta-feira";"17:45:00";"SC";280;56;"GUARAMIRIM";"Falta de Atenção à Condução";"Colisão traseira";"Sem Vítimas";"Pleno dia";"Crescente";"Céu Claro";"Simples";"Reta";"Sim";2;0;0;0;2;0;0;2;"-26.479477";"-49.002987";"SR-SC";"DEL8/3";"UOP03/SC"
184247;2019-01-09;"quarta-feira";"15:44:00";"PR";277;723;"FOZ DO IGUACU";"Falta de Atenção à Condução";"Colisão traseira";"Com Vítimas Feridas";"Pleno dia";"Decrescente";"Céu Claro";"Dupla";"Reta";"Não";2;0;1;0;1;0;1;2;"-25.498783";"-54.529865";"SR-PR";"DEL7/5";"UOP01/PR"
184248;2019-01-09;"quarta-feira";"18:55:00";"RS";116;256,3;"ESTEIO";"Não guardar distância de segurança";"Atropelamento de Pedestre";"Com Vítimas Feridas";"Pleno dia";"Decrescente";"Nublado";"Dupla";"Reta";"Sim";2;0;1;0;1;0;1;2;"-29.843962";"-51.177292";"SR-RS";"DEL9/1";"UOP02/RS"
184249;2019-01-09;"quarta-feira";"17:10:00";"RR";174;26;"BOA VISTA";"Ingestão de Álcool";"Saída de leito carroçável";"Com Vítimas Feridas";"Pleno dia";"Crescente";"Céu Claro";"Simples";"Reta";"Não";1;0;1;0;0;0;1;1;"2.95114118";"-60.74804306";"SR-RR";"UOP01/RR";""
184250;2019-01-09;"quarta-feira";"19:20:00";"RS";116;144;"CAXIAS DO SUL";"Velocidade Incompatível";"Capotamento";"Com Vítimas Feridas";"Pleno dia";"Crescente";"Chuva";"Dupla";"Curva";"Sim";1;0;1;0;0;0;1;1;"-29.126745";"-51.127689";"SR-RS";"DEL9/5";"UOP01/RS"
184251;2019-01-09;"quarta-feira";"19:00:00";"SP";116;220;"GUARULHOS";"Não guardar distância de segurança";"Colisão traseira";"Sem Vítimas";"Anoitecer";"Decrescente";"Céu Claro";"Simples";"Reta";"Não";2;0;0;0;2;0;0;2;"-23.4887943";"-46.54573202";"SR-SP";"DEL6/1";"UOP01/SP"
184252;2019-01-09;"quarta-feira";"17:30:00";"PB";230;336;"PATOS";"Pista Escorregadia";"Tombamento";"Com Vítimas Feridas";"Pleno dia";"Decrescente";"Céu Claro";"Simples";"Não Informado";"Sim";1;0;1;0;0;0;1;1;"-7.0128";"-37.2644";"SR-PB";"DEL14/3";"UOP01/PB"
184253;2019-01-09;"quarta-feira";"19:30:00";"SC";101;134;"BALNEARIO CAMBORIU";"Desobediência às normas de trânsito pelo condutor";"Colisão transversal";"Com Vítimas Feridas";"Anoitecer";"Crescente";"Céu Claro";"Simples";"Interseção de vias";"Sim";2;0;1;0;1;0;1;2;"-27.0049";"-48.6266";"SR-SC";"DEL8/4";"UOP03/SC"
184254;2019-01-09;"quarta-feira";"16:50:00";"MS";262;350,2;"CAMPO GRANDE";"Defeito Mecânico no Veículo";"Incêndio";"Sem Vítimas";"Pleno dia";"Crescente";"Nublado";"Dupla";"Reta";"Não";1;0;0;0;1;0;0;1;"-20.56802826";"-54.6342802";"SR-MS";"DEL3/1";"UOP03/MS"
184255;2019-01-09;"quarta-feira";"14:50:00";"MG";40;57,4;"PARACATU";"Falta de Atenção à Condução";"Saída de leito carroçável";"Com Vítimas Feridas";"Pleno dia";"Crescente";"Céu Claro";"Simples";"Reta";"Não";2;0;2;0;0;0;2;1;"-17.293518";"-46.773457";"SR-MG";"DEL4/14";"UOP01/MG"
184256;2019-01-09;"quarta-feira";"19:20:00";"SC";470;232,1;"SAO CRISTOVAO DO SUL";"Velocidade Incompatível";"Saída de leito carroçável";"Com Vítimas Feridas";"Anoitecer";"Crescente";"Chuva";"Simples";"Curva";"Não";1;0;1;0;0;0;1;1;"-27.303314";"-50.411404";"SR-SC";"DEL8/5";"UOP03/SC"
184257;2019-01-09;"quarta-feira";"18:41:00";"CE";116;3;"FORTALEZA";"Falta de Atenção à Condução";"Colisão lateral";"Sem Vítimas";"Plena Noite";"Decrescente";"Nublado";"Simples";"Reta";"Sim";2;0;0;0;2;0;0;2;"-3.7874";"-38.5109";"SR-CE";"DEL16/1";"UOP02/CE"
184258;2019-01-09;"quarta-feira";"19:30:00";"RJ";101;313;"SAO GONCALO";"Falta de Atenção à Condução";"Colisão traseira";"Com Vítimas Feridas";"Plena Noite";"Decrescente";"Céu Claro";"Dupla";"Reta";"Sim";2;0;1;0;1;0;1;2;"-22.810507";"-43.069859";"SR-RJ";"DEL5/2";"UOP02/RJ"
184259;2019-01-09;"quarta-feira";"19:00:00";"RJ";101;310;"SAO GONCALO";"Falta de Atenção à Condução";"Colisão lateral";"Com Vítimas Feridas";"Anoitecer";"Decrescente";"Céu Claro";"Dupla";"Reta";"Sim";2;0;1;0;1;0;1;2;"-22.797176";"-43.044071";"SR-RJ";"DEL5/2";"UOP02/RJ"
184260;2019-01-09;"quarta-feira";"19:00:00";"PE";101;147,9;"RIBEIRAO";"Falta de Atenção do Pedestre";"Atropelamento de Pedestre";"Com Vítimas Fatais";"Plena Noite";"Crescente";"Ignorado";"Dupla";"Reta";"Não";2;1;0;0;0;1;0;1;"-8.475417";"-35.37169";"SR-PE";"DEL11/1";"UOP03/PE"
184261;2019-01-07;"segunda-feira";"18:25:00";"BA";20;136,1;"SAO DESIDERIO";"Defeito Mecânico no Veículo";"Saída de leito carroçável";"Com Vítimas Feridas";"Anoitecer";"Crescente";"Céu Claro";"Simples";"Não Informado";"Não";3;0;2;0;1;0;2;1;"-12.7571";"-45.9444";"SR-BA";"DEL10/10";"UOP01/BA"
184262;2019-01-09;"quarta-feira";"13:40:00";"BA";101;269,8;"SANTO ANTONIO DE JESUS";"Falta de Atenção à Condução";"Colisão transversal";"Com Vítimas Feridas";"Pleno dia";"Crescente";"Sol";"Simples";"Curva";"Não";2;0;1;0;1;0;1;2;"-13.0174";"-39.2897";"SR-BA";"DEL10/1";"UOP02/BA"
184263;2019-01-09;"quarta-feira";"19:40:00";"MT";163;1027;"PEIXOTO DE AZEVEDO";"Desobediência às normas de trânsito pelo condutor";"Atropelamento de Pedestre";"Com Vítimas Fatais";"Plena Noite";"Decrescente";"Ignorado";"Simples";"Reta";"Sim";2;1;0;0;1;0;0;1;"-10.0";"-54.0";"SR-MT";"DEL2/6";"UOP02/MT"
184264;2019-01-09;"quarta-feira";"18:20:00";"PR";153;42,8;"SANTO ANTONIO DA PLATINA";"Falta de Atenção à Condução";"Queda de ocupante de veículo";"Com Vítimas Feridas";"Pleno dia";"Crescente";"Chuva";"Simples";"Reta";"Sim";2;0;1;1;0;0;2;1;"-23.30304415";"-50.07030845";"SR-PR";"DEL7/7";"UOP07/PR"
184265;2019-01-09;"quarta-feira";"11:30:00";"PI";135;544;"SAO GONCALO DO GURGUEIA";"Defeito Mecânico no Veículo";"Tombamento";"Com Vítimas Feridas";"Pleno dia";"Decrescente";"Nublado";"Simples";"Curva";"Não";1;0;1;0;0;0;1;1;"-10.064223";"-45.276653";"SR-PI";"DEL17/3";"UOP02/PI"
184266;2019-01-09;"quarta-feira";"19:40:00";"RJ";356;148,5;"CAMPOS DOS GOYTACAZES";"Falta de Atenção à Condução";"Colisão transversal";"Com Vítimas Feridas";"Plena Noite";"Crescente";"Céu Claro";"Simples";"Curva";"Sim";3;0;1;0;2;0;1;2;"-21.777777";"-41.306713";"SR-RJ";"DEL5/8";"UOP02/RJ"
184267;2019-01-09;"quarta-feira";"21:00:00";"MG";40;562;"NOVA LIMA";"Condutor Dormindo";"Queda de ocupante de veículo";"Com Vítimas Feridas";"Plena Noite";"Decrescente";"Céu Claro";"Dupla";"Curva";"Não";1;0;1;0;0;0;1;1;"-20.1524";"-43.9626";"SR-MG";"DEL4/1";"UOP02/MG"
184268;2019-01-09;"quarta-feira";"21:20:00";"ES";101;337;"GUARAPARI";"Ultrapassagem Indevida";"Colisão com objeto em movimento";"Com Vítimas Feridas";"Plena Noite";"Crescente";"Céu Claro";"Simples";"Reta";"Não";5;0;3;0;2;0;3;3;"-20.6383107";"-40.5440304";"SR-ES";"DEL12/3";"UOP01/ES"
184269;2019-01-09;"quarta-feira";"20:30:00";"RJ";40;104;"DUQUE DE CAXIAS";"Ingestão de Álcool";"Colisão transversal";"Com Vítimas Feridas";"Plena Noite";"Decrescente";"Céu Claro";"Dupla";"Reta";"Não";2;0;0;1;0;1;1;2;"-22.6383";"-43.2839";"SR-RJ";"DEL5/1";"UOP01/RJ"
184270;2019-01-09;"quarta-feira";"21:30:00";"SP";101;51,1;"UBATUBA";"Defeito Mecânico no Veículo";"Incêndio";"Sem Vítimas";"Plena Noite";"Crescente";"Nublado";"Simples";"Reta";"Sim";1;0;0;0;1;0;0;1;"-23.456327";"-45.071068";"SR-SP";"DEL6";"UOP03/SP"
184271;2019-01-09;"quarta-feira";"17:15:00";"PR";153;460;"UNIAO DA VITORIA";"Defeito Mecânico no Veículo";"Saída de leito carroçável";"Sem Vítimas";"Pleno dia";"Crescente";"Chuva";"Múltipla";"Não Informado";"Não";1;0;0;0;1;0;0;1;"-26.224693";"-51.135174";"SR-PR";"DEL7/2";"UOP02/PR"
184272;2019-01-09;"quarta-feira";"11:20:00";"SP";116;156,8;"SAO JOSE DOS CAMPOS";"Ingestão de Álcool";"Colisão com objeto estático";"Com Vítimas Feridas";"Pleno dia";"Decrescente";"Sol";"Dupla";"Reta";"Sim";1;0;1;0;0;0;1;1;"-23.219809";"-45.899918";"SR-SP";"DEL6/2";"UOP01/SP"
184273;2019-01-09;"quarta-feira";"22:00:00";"RS";290;106;"ELDORADO DO SUL";"Defeito Mecânico no Veículo";"Tombamento";"Com Vítimas Feridas";"Plena Noite";"Crescente";"Nublado";"Dupla";"Reta";"Não";2;0;2;0;0;0;2;1;"-29.998999";"-51.294563";"SR-RS";"DEL9/2";"UOP01/RS"
184274;2019-01-09;"quarta-feira";"17:00:00";"MG";40;269;"SAO GONCALO DO ABAETE";"Ingestão de Álcool";"Saída de leito carroçável";"Sem Vítimas";"Plena Noite";"Decrescente";"Céu Claro";"Simples";"Reta";"Não";1;0;0;0;1;0;0;1;"-18.172033";"-45.285259";"SR-MG";"DEL4/14";"UOP03/MG"
184275;2019-01-09;"quarta-feira";"22:30:00";"MG";381;508;"SAO JOAQUIM DE BICAS";"Velocidade Incompatível";"Colisão com objeto estático";"Sem Vítimas";"Plena Noite";"Decrescente";"Céu Claro";"Múltipla";"Reta";"Sim";1;0;0;0;0;1;0;1;"-20.0494";"-44.2767";"SR-MG";"DEL4/1";"UOP03/MG"
184276;2019-01-09;"quarta-feira";"17:55:00";"RJ";101;262;"RIO BONITO";"Falta de Atenção à Condução";"Colisão traseira";"Com Vítimas Feridas";"Pleno dia";"Decrescente";"Céu Claro";"Dupla";"Reta";"Não";2;0;1;0;1;0;1;2;"-22.713675";"-42.620529";"SR-RJ";"DEL5/2";"UOP03/RJ"
184278;2019-01-09;"quarta-feira";"22:25:00";"PR";277;34;"MORRETES";"Falta de Atenção à Condução";"Colisão transversal";"Com Vítimas Feridas";"Plena Noite";"Decrescente";"Céu Claro";"Dupla";"Reta";"Não";2;0;1;0;0;1;1;2;"-25.54491959";"-48.66943359";"SR-PR";"DEL7/1";"UOP07/PR"
184280;2019-01-08;"terça-feira";"06:10:00";"MA";222;671,2;"ACAILANDIA";"Defeito Mecânico no Veículo";"Tombamento";"Com Vítimas Feridas";"Pleno dia";"Crescente";"Céu Claro";"Simples";"Reta";"Sim";2;0;2;0;0;0;2;1;"-4.9446721";"-47.47199357";"SR-MA";"DEL18/4";"UOP03/MA"
184281;2019-01-09;"quarta-feira";"21:25:00";"RJ";116;295,2;"PORTO REAL";"Falta de Atenção à Condução";"Saída de leito carroçável";"Sem Vítimas";"Plena Noite";"Crescente";"Céu Claro";"Simples";"Reta";"Não";1;0;0;0;0;1;0;1;"-22.449371";"-44.321712";"SR-RJ";"DEL5/7";"UOP03/RJ"
184282;2019-01-09;"quarta-feira";"15:30:00";"MT";174;191,6;"PORTO ESPERIDIAO";"Falta de Atenção à Condução";"Colisão lateral";"Com Vítimas Feridas";"Pleno dia";"Crescente";"Nublado";"Simples";"Desvio Temporário";"Não";6;0;1;0;5;0;1;2;"-15.774341";"-58.642128";"SR-MT";"DEL2/3";"UOP01/MT"
184283;2019-01-09;"quarta-feira";"16:00:00";"RJ";101;255;"RIO BONITO";"Avarias e/ou desgaste excessivo no pneu";"Tombamento";"Com Vítimas Feridas";"Pleno dia";"Decrescente";"Céu Claro";"Dupla";"Reta";"Sim";2;0;2;0;0;0;2;1;"-22.694231";"-42.55912";"SR-RJ";"DEL5/2";"UOP03/RJ"
184285;2019-01-09;"quarta-feira";"19:45:00";"MA";135;6,8;"SAO LUIS";"Desobediência às normas de trânsito pelo condutor";"Colisão transversal";"Sem Vítimas";"Plena Noite";"Crescente";"Céu Claro";"Dupla";"Reta";"Sim";2;0;0;0;2;0;0;2;"-2.628887";"-44.263302";"SR-MA";"DEL18/1";"UOP01/MA"
184286;2019-01-09;"quarta-feira";"22:28:00";"CE";222;2;"FORTALEZA";"Falta de Atenção do Pedestre";"Atropelamento de Pedestre";"Com Vítimas Feridas";"Plena Noite";"Crescente";"Chuva";"Múltipla";"Reta";"Sim";2;0;1;1;0;0;2;1;"-3.739117";"-38.586914";"SR-CE";"DEL16/1";"UOP01/CE"
184287;2019-01-09;"quarta-feira";"22:50:00";"TO";153;638,3;"ALIANCA DO TOCANTINS";"Velocidade Incompatível";"Colisão traseira";"Com Vítimas Feridas";"Plena Noite";"Crescente";"Céu Claro";"Simples";"Reta";"Não";2;0;1;0;1;0;1;2;"-11.430306";"-48.985462";"SR-TO";"UOP01/TO";""
184288;2019-01-10;"quinta-feira";"00:50:00";"MG";40;547,9;"BELO HORIZONTE";"Mal Súbito";"Saída de leito carroçável";"Com Vítimas Feridas";"Plena Noite";"Decrescente";"Céu Claro";"Dupla";"Curva";"Não";1;0;1;0;0;0;1;1;"-20.033";"-43.9691";"SR-MG";"DEL4/1";"UOP02/MG"
184289;2019-01-09;"quarta-feira";"22:10:00";"AL";101;182;"JUNQUEIRO";"Agressão Externa";"Saída de leito carroçável";"Sem Vítimas";"Plena Noite";"Crescente";"Céu Claro";"Dupla";"Reta";"Não";1;0;0;0;1;0;0;1;"-9.899678";"-36.283047";"SR-AL";"DEL13/2";"UOP02/AL"
184290;2019-01-10;"quinta-feira";"00:30:00";"CE";20;306,2;"CANINDE";"Ingestão de Álcool";"Colisão traseira";"Sem Vítimas";"Plena Noite";"Decrescente";"Nublado";"Simples";"Reta";"Sim";2;0;0;0;2;0;0;2;"-4.34944";"-39.299339";"SR-CE";"DEL16/2";"UOP01/CE"
184291;2019-01-10;"quinta-feira";"01:40:00";"PR";376;187,5;"MARIALVA";"Falta de Atenção à Condução";"Colisão traseira";"Com Vítimas Feridas";"Plena Noite";"Decrescente";"Céu Claro";"Dupla";"Reta";"Não";5;0;3;0;1;1;3;2;"-23.458345";"-51.841714";"SR-PR";"DEL7/7";"UOP04/PR"
184292;2019-01-10;"quinta-feira";"01:50:00";"ES";101;296;"CARIACICA";"Velocidade Incompatível";"Colisão com objeto estático";"Sem Vítimas";"Plena Noite";"Crescente";"Garoa/Chuvisco";"Múltipla";"Curva";"Sim";1;0;0;0;1;0;0;1;"-20.34355148";"-40.40708132";"SR-ES";"DEL12/1";"UOP01/ES"
184294;2019-01-09;"quarta-feira";"23:40:00";"BA";116;893,7;"CANDIDO SALES";"Condutor Dormindo";"Capotamento";"Com Vítimas Feridas";"Plena Noite";"Decrescente";"Céu Claro";"Simples";"Reta";"Não";3;0;2;1;0;0;3;1;"-15.38601297";"-41.20152594";"SR-BA";"DEL10/8";"UOP03/BA"
184295;2019-01-10;"quinta-feira";"00:20:00";"CE";20;306,1;"CANINDE";"Desobediência às normas de trânsito pelo condutor";"Queda de ocupante de veículo";"Com Vítimas Feridas";"Plena Noite";"Decrescente";"Céu Claro";"Simples";"Interseção de vias";"Sim";1;0;1;0;0;0;1;1;"-4.34944";"-39.299339";"SR-CE";"DEL16/2";"UOP01/CE"
184296;2019-01-10;"quinta-feira";"03:55:00";"RS";392;352,2;"SANTA MARIA";"Falta de Atenção à Condução";"Colisão transversal";"Com Vítimas Feridas";"Plena Noite";"Decrescente";"Nublado";"Simples";"Não Informado";"Sim";2;0;0;1;0;1;1;2;"-29.720404";"-53.807632";"SR-RS";"DEL9/9";"UOP01/RS"