"id";"data_inversa";"dia_semana";"horario";"uf";"br";"km";"municipio";"causa_acidente";"tipo_acidente";"classificacao_acidente";"fase_dia";"sentido_via";"condicao_metereologica";"tipo_pista";"tracado_via";"uso_solo";"pessoas";"mortos";"feridos_leves";"feridos_graves";"ilesos";"ignorados";"feridos";"veiculos";"latitude";"longitude";"regional";"delegacia";"uop"
184485;2019-01-07;"segunda-feira";"18:45:00";"MS";262;123;"AGUA CLARA";"Pista Escorregadia";"Saída de leito carroçável";"Com Vítimas Feridas";"Plena Noite";"Crescente";"Chuva";"Simples";"Não Informado";"Não";6;0;1;0;5;0;1;1;"-20.50084805";"-52.70525157";"SR-MS";"DEL3/7";"UOP02/MS"
184486;2019-01-11;"sexta-feira";"07:20:00";"MG";381;686,5;"LAVRAS";"Condutor Dormindo";"Colisão traseira";"Com Vítimas Feridas";"Pleno dia";"Crescente";"Céu Claro";"Dupla";"Reta";"Não";3;0;1;0;2;0;1;2;"-21.179";"-45.1221";"SR-MG";"DEL4/4";"UOP02/MG"
184487;2019-01-08;"terça-feira";"05:20:00";"RJ";101;417;"MANGARATIBA";"Pista Escorregadia";"Saída de leito carroçável";"Com Vítimas Feridas";"Amanhecer";"Decrescente";"Céu Claro";"Simples";"Curva";"Não";4;0;2;0;2;0;2;2;"-22.912937";"-43.897324";"SR-RJ";"DEL5/3";"UOP01/RJ"
184488;2019-01-07;"segunda-feira";"20:15:00";"PR";376;199;"MANDAGUARI";"Fenômenos da Natureza";"Colisão com objeto em movimento";"Com Vítimas Feridas";"Pleno dia";"Decrescente";"Chuva";"Dupla";"Reta";"Não";4;0;2;1;1;0;3;2;"-23.509514";"-51.721405";"SR-PR";"DEL7/7";"UOP04/PR"
184489;2019-01-07;"segunda-feira";"12:50:00";"RS";116;113;"SAO MARCOS";"Ingestão de Álcool";"Saída de leito carroçável";"Com Vítimas Feridas";"Pleno dia";"Decrescente";"Céu Claro";"Simples";"Curva";"Sim";2;0;2;0;0;0;2;1;"-28.96277517";"-51.07767843";"SR-RS";"DEL9/5";"UOP01/RS"
184490;2019-01-11;"sexta-feira";"07:00:00";"RN";101;104,5;"PARNAMIRIM";"Falta de Atenção à Condução";"Colisão lateral";"Com Vítimas Feridas";"Pleno dia";"Decrescente";"Sol";"Dupla";"Reta";"Sim";2;0;1;0;1;0;1;2;"-5.892745";"-35.257225";"SR-RN";"DEL15/1";"UOP01/RN"
184491;2019-01-11;"sexta-feira";"07:20:00";"RS";116;222;"DOIS IRMAOS";"Falta de Atenção à Condução";"Colisão transversal";"Sem Vítimas";"Pleno dia";"Crescente";"Céu Claro";"Múltipla";"Rotatória";"Sim";2;0;0;0;2;0;0;2;"-29.581001";"-51.095177";"SR-RS";"DEL9/5";"UOP02/RS"
184493;2019-01-11;"sexta-feira";"08:20:00";"SC";101;339,2;"TUBARAO";"Desobediência às normas de trânsito pelo condutor";"Colisão transversal";"Com Vítimas Feridas";"Pleno dia";"Decrescente";"Céu Claro";"Múltipla";"Não Informado";"Sim";2;0;0;1;1;0;1;2;"-28.5026";"-49.0474";"SR-SC";"DEL8/2";"UOP01/SC"
184495;2019-01-11;"sexta-feira";"07:10:00";"PE";424;87,4;"GARANHUNS";"Falta de Atenção à Condução";"Colisão lateral";"Com Vítimas Feridas";"Pleno dia";"Crescente";"Céu Claro";"Simples";"Interseção de vias";"Sim";3;0;1;1;1;0;2;2;"-8.874289";"-36.507607";"SR-PE";"DEL11/3";"UOP01/PE"
184497;2019-01-10;"quinta-feira";"19:50:00";"RR";401;6,3;"CANTA";"Restrição de Visibilidade";"Colisão traseira";"Com Vítimas Feridas";"Plena Noite";"Crescente";"Céu Claro";"Simples";"Reta";"Não";1;0;1;0;0;0;1;1;"2.790548";"-60.642979";"SR-RR";"UOP01/RR";""
184499;2019-01-11;"sexta-feira";"08:10:00";"MS";267;480,7;"JARDIM";"Falta de Atenção à Condução";"Colisão lateral";"Com Vítimas Feridas";"Pleno dia";"Crescente";"Céu Claro";"Simples";"Reta";"Sim";2;0;1;0;1;0;1;2;"-21.48048175";"-56.13999909";"SR-MS";"DEL3/5";"UOP01/MS"
184500;2019-01-07;"segunda-feira";"20:30:00";"SE";235;59,4;"ITABAIANA";"Falta de Atenção à Condução";"Colisão lateral";"Sem Vítimas";"Plena Noite";"Crescente";"Céu Claro";"Simples";"Reta";"Não";2;0;0;0;2;0;0;2;"-10.63273";"-37.45686";"SR-SE";"DEL20/1";"UOP02/SE"
184501;2019-01-07;"segunda-feira";"21:05:00";"RS";290;71;"GRAVATAI";"Desobediência às normas de trânsito pelo pedestre";"Atropelamento de Pedestre";"Com Vítimas Feridas";"Plena Noite";"Decrescente";"Céu Claro";"Dupla";"Reta";"Sim";2;0;1;0;1;0;1;1;"-29.951347";"-50.965858";"SR-RS";"DEL9/3";"UOP02/RS"
184502;2019-01-07;"segunda-feira";"20:00:00";"SP";101;36,5;"UBATUBA";"Desobediência às normas de trânsito pelo condutor";"Colisão transversal";"Com Vítimas Feridas";"Plena Noite";"Crescente";"Nublado";"Simples";"Curva";"Sim";2;0;0;1;1;0;1;2;"-23.40725471";"-45.01836777";"SR-SP";"DEL6";"UOP03/SP"
184503;2019-01-07;"segunda-feira";"19:30:00";"SC";101;117;"ITAJAI";"Desobediência às normas de trânsito pelo condutor";"Colisão transversal";"Com Vítimas Feridas";"Anoitecer";"Crescente";"Céu Claro";"Dupla";"Rotatória";"Sim";3;0;2;0;1;0;2;2;"-26.8961";"-48.7188";"SR-SC";"DEL8/4";"UOP04/SC"
184504;2019-01-11;"sexta-feira";"09:10:00";"SP";116;274,8;"TABOAO DA SERRA";"Falta de Atenção à Condução";"Colisão lateral";"Com Vítimas Feridas";"Pleno dia";"Crescente";"Céu Claro";"Dupla";"Reta";"Sim";2;0;1;0;1;0;1;2;"-23.61801987";"-46.80564165";"SR-SP";"DEL6/4";"UOP01/SP"
184505;2019-01-07;"segunda-feira";"22:50:00";"ES";101;253,6;"SERRA";"Condutor Dormindo";"Colisão frontal";"Com Vítimas Fatais";"Plena Noite";"Decrescente";"Céu Claro";"Simples";"Curva";"Não";2;1;0;0;1;0;0;2;"-20.08513019";"-40.3466624";"SR-ES";"DEL12/2";"UOP01/ES"
184507;2019-01-01;"terça-feira";"23:30:00";"MG";251;200;"CACHOEIRA DE PAJEU";"Animais na Pista";"Atropelamento de Animal";"Com Vítimas Feridas";"Plena Noite";"Crescente";"Nublado";"Simples";"Reta";"Não";1;0;1;0;0;0;1;1;"-15.8724";"-41.4555";"SR-MG";"DEL4/11";"UOP02/MG"
184508;2019-01-11;"sexta-feira";"10:40:00";"SP";116;219;"GUARULHOS";"Não guardar distância de segurança";"Colisão lateral";"Com Vítimas Feridas";"Pleno dia";"Crescente";"Sol";"Simples";"Reta";"Não";2;0;1;0;1;0;1;2;"-23.46400725";"-46.49734955";"SR-SP";"DEL6/1";"UOP01/SP"
184510;2019-01-07;"segunda-feira";"17:15:00";"MS";163;475,8;"CAMPO GRANDE";"Falta de Atenção à Condução";"Colisão transversal";"Com Vítimas Feridas";"Pleno dia";"Crescente";"Nublado";"Simples";"Rotatória";"Sim";2;0;1;0;1;0;1;2;"-20.514012";"-54.562317";"SR-MS";"DEL3/1";"UOP01/MS"
184511;2019-01-11;"sexta-feira";"09:05:00";"TO";153;500,2;"PARAISO DO TOCANTINS";"Velocidade Incompatível";"Saída de leito carroçável";"Com Vítimas Feridas";"Pleno dia";"Crescente";"Céu Claro";"Simples";"Não Informado";"Não";1;0;1;0;0;0;1;1;"-10.22149617";"-48.87551921";"SR-TO";"UOP02/TO";""
184512;2019-01-07;"segunda-feira";"17:20:00";"CE";116;141,8;"RUSSAS";"Falta de Atenção à Condução";"Colisão frontal";"Com Vítimas Feridas";"Anoitecer";"Crescente";"Nublado";"Simples";"Reta";"Não";2;0;1;0;1;0;1;2;"-4.766018";"-38.056034";"SR-CE";"DEL16/3";"UOP01/CE"
184513;2019-01-08;"terça-feira";"00:10:00";"GO";153;441,1;"ANAPOLIS";"Defeito na Via";"Tombamento";"Com Vítimas Feridas";"Plena Noite";"Decrescente";"Céu Claro";"Dupla";"Reta";"Sim";2;0;2;0;0;0;2;1;"-16.315866";"-48.921612";"SR-GO";"DEL1/2";"UOP01/GO"
184514;2019-01-07;"segunda-feira";"22:00:00";"SC";101;251,8;"PAULO LOPES";"Animais na Pista";"Atropelamento de Animal";"Sem Vítimas";"Plena Noite";"Decrescente";"Nublado";"Dupla";"Reta";"Sim";2;0;0;0;2;0;0;1;"-27.9615";"-48.6793";"SR-SC";"DEL8/2";"UOP03/SC"
184515;2019-01-11;"sexta-feira";"11:00:00";"GO";60;38,9;"GOIANIA";"Velocidade Incompatível";"Tombamento";"Com Vítimas Feridas";"Pleno dia";"Decrescente";"Céu Claro";"Dupla";"Rotatória";"Sim";1;0;1;0;0;0;1;1;"-16.6777";"-49.2676";"SR-GO";"DEL1/1";"UOP03/GO"
184516;2019-01-11;"sexta-feira";"10:00:00";"RJ";116;267,7;"BARRA MANSA";"Ingestão de Álcool";"Colisão lateral";"Sem Vítimas";"Pleno dia";"Crescente";"Céu Claro";"Dupla";"Curva";"Sim";2;0;0;0;2;0;0;2;"-22.560883";"-44.122238";"SR-RJ";"DEL5/7";"UOP02/RJ"
184517;2019-01-11;"sexta-feira";"10:49:00";"GO";50;204,3;"CAMPO ALEGRE DE GOIAS";"Condutor Dormindo";"Colisão com objeto estático";"Com Vítimas Feridas";"Pleno dia";"Crescente";"Nublado";"Dupla";"Reta";"Não";3;0;3;0;0;0;3;1;"-17.6048";"-47.7924";"SR-GO";"DEL1/6";"UOP01/GO"
184518;2019-01-11;"sexta-feira";"10:30:00";"MG";381;837,5;"SAO SEBASTIAO DA BELA VISTA";"Velocidade Incompatível";"Saída de leito carroçável";"Com Vítimas Feridas";"Pleno dia";"Decrescente";"Céu Claro";"Dupla";"Não Informado";"Não";4;0;4;0;0;0;4;1;"-22.1507";"-45.8231";"SR-MG";"DEL09";"UOP01/MG"
184520;2019-01-11;"sexta-feira";"08:05:00";"MG";153;96;"PRATA";"Defeito Mecânico no Veículo";"Capotamento";"Com Vítimas Feridas";"Pleno dia";"Decrescente";"Céu Claro";"Simples";"Desvio Temporário";"Não";2;0;1;0;1;0;1;1;"-19.25605302";"-48.92555237";"SR-MG";"DEL4/15";"UOP03/MG"
184522;2019-01-11;"sexta-feira";"11:50:00";"ES";101;428,9;"ATILIO VIVACQUA";"Defeito Mecânico no Veículo";"Incêndio";"Sem Vítimas";"Pleno dia";"Decrescente";"Céu Claro";"Simples";"Curva";"Não";1;0;0;0;1;0;0;1;"-21.02915898";"-41.16339773";"SR-ES";"DEL12/3";"UOP02/ES"
184523;2019-01-11;"sexta-feira";"11:20:00";"RJ";116;328;"RESENDE";"Falta de Atenção à Condução";"Colisão lateral";"Com Vítimas Feridas";"Pleno dia";"Crescente";"Céu Claro";"Dupla";"Curva";"Não";3;0;2;0;1;0;2;2;"-22.495203";"-44.570347";"SR-RJ";"DEL5/7";"UOP03/RJ"
184524;2019-01-11;"sexta-feira";"11:35:00";"SP";116;443,5;"REGISTRO";"Não guardar distância de segurança";"Colisão lateral";"Com Vítimas Feridas";"Pleno dia";"Decrescente";"Céu Claro";"Dupla";"Reta";"Não";2;0;0;1;1;0;1;2;"-24.4866799";"-47.83394694";"SR-SP";"DEL6/5";"UOP01/SP"
184525;2019-01-11;"sexta-feira";"11:50:00";"MG";381;510;"SAO JOAQUIM DE BICAS";"Falta de Atenção à Condução";"Colisão lateral";"Com Vítimas Feridas";"Pleno dia";"Decrescente";"Céu Claro";"Múltipla";"Reta";"Sim";2;0;1;1;0;0;2;2;"-20.0613";"-44.2919";"SR-MG";"DEL4/1";"UOP03/MG"
184526;2019-01-11;"sexta-feira";"12:00:00";"RJ";116;99;"GUAPIMIRIM";"Falta de Atenção à Condução";"Colisão traseira";"Com Vítimas Feridas";"Pleno dia";"Crescente";"Céu Claro";"Simples";"Reta";"Não";3;0;1;0;2;0;1;2;"-22.488504";"-42.999359";"SR-RJ";"DEL5/4";"UOP02/RJ"
184531;2019-01-08;"terça-feira";"03:40:00";"ES";101;266,3;"SERRA";"Desobediência às normas de trânsito pelo condutor";"Colisão transversal";"Com Vítimas Feridas";"Plena Noite";"Crescente";"Céu Claro";"Dupla";"Interseção de vias";"Sim";2;0;1;0;1;0;1;2;"-20.19359065";"-40.26853893";"SR-ES";"DEL12/2";"UOP01/ES"
184532;2019-01-11;"sexta-feira";"12:40:00";"MG";40;413;"CURVELO";"Falta de Atenção à Condução";"Colisão transversal";"Com Vítimas Feridas";"Pleno dia";"Crescente";"Sol";"Simples";"Reta";"Não";4;0;2;0;2;0;2;2;"-19.1648";"-44.5195";"SR-MG";"DEL4/2";"UOP01/MG"
184533;2019-01-11;"sexta-feira";"09:30:00";"PI";230;198,3;"OEIRAS";"Falta de Atenção à Condução";"Colisão lateral";"Com Vítimas Feridas";"Pleno dia";"Crescente";"Céu Claro";"Simples";"Reta";"Sim";4;0;3;0;1;0;3;2;"-7.01511613";"-42.13799715";"SR-PI";"DEL17/4";"UOP01/PI"
184534;2019-01-11;"sexta-feira";"12:00:00";"RJ";356;174,6;"SAO JOAO DA BARRA";"Defeito Mecânico no Veículo";"Tombamento";"Com Vítimas Feridas";"Pleno dia";"Crescente";"Sol";"Simples";"Interseção de vias";"Não";1;0;1;0;0;0;1;1;"-21.71790236";"-41.05713129";"SR-RJ";"DEL5/8";"UOP02/RJ"
184535;2019-01-11;"sexta-feira";"12:30:00";"PR";277;500,7;"GUARANIACU";"Ultrapassagem Indevida";"Colisão lateral";"Com Vítimas Feridas";"Pleno dia";"Crescente";"Sol";"Simples";"Reta";"Não";3;0;1;0;1;1;1;2;"-25.14592561";"-52.70130873";"SR-PR";"DEL7/4";"UOP02/PR"
184536;2019-01-11;"sexta-feira";"11:30:00";"RJ";101;417;"MANGARATIBA";"Desobediência às normas de trânsito pelo condutor";"Colisão traseira";"Com Vítimas Feridas";"Pleno dia";"Decrescente";"Céu Claro";"Múltipla";"Curva";"Não";5;0;1;0;3;1;1;4;"-22.912937";"-43.897324";"SR-RJ";"DEL5/3";"UOP01/RJ"
184539;2019-01-07;"segunda-feira";"13:40:00";"AC";364;147,9;"RIO BRANCO";"Defeito na Via";"Colisão lateral";"Sem Vítimas";"Pleno dia";"Crescente";"Céu Claro";"Dupla";"Reta";"Não";2;0;0;0;2;0;0;2;"-9.894361";"-67.895401";"SR-AC";"UOP01/AC";""
184541;2019-01-11;"sexta-feira";"13:20:00";"SC";282;4,2;"SAO JOSE";"Falta de Atenção à Condução";"Colisão lateral";"Sem Vítimas";"Pleno dia";"Crescente";"Sol";"Dupla";"Reta";"Sim";2;0;0;0;2;0;0;2;"-27.592646";"-48.604034";"SR-SC";"DEL8/1";"UOP01/SC"
184543;2019-01-11;"sexta-feira";"13:40:00";"PR";369;201,8;"APUCARANA";"Falta de Atenção à Condução";"Colisão traseira";"Sem Vítimas";"Pleno dia";"Decrescente";"Sol";"Simples";"Não Informado";"Não";2;0;0;0;2;0;0;2;"-23.5415534";"-51.45627558";"SR-PR";"DEL7/7";"UOP03/PR"
184544;2019-01-02;"quarta-feira";"14:00:00";"BA";324;596,8;"CANDEIAS";"Falta de Atenção do Pedestre";"Atropelamento de Pedestre";"Com Vítimas Feridas";"Pleno dia";"Decrescente";"Céu Claro";"Dupla";"Reta";"Sim";3;0;0;1;1;1;1;1;"-12.73552104";"-38.44039574";"SR-BA";"DEL10/1";"UOP01/BA"
184546;2019-01-11;"sexta-feira";"13:30:00";"GO";452;9;"RIO VERDE";"Falta de Atenção à Condução";"Colisão lateral";"Com Vítimas Feridas";"Pleno dia";"Decrescente";"Céu Claro";"Simples";"Reta";"Não";2;0;1;0;1;0;1;2;"-17.828653";"-50.82856";"SR-GO";"DEL1/4";"UOP01/GO"
184547;2019-01-11;"sexta-feira";"13:30:00";"SP";116;189;"SANTA ISABEL";"Defeito Mecânico no Veículo";"Capotamento";"Com Vítimas Feridas";"Pleno dia";"Crescente";"Sol";"Dupla";"Reta";"Não";2;0;1;0;1;0;1;1;"-23.36677296";"-46.23022199";"SR-SP";"DEL6/2";"UOP01/SP"
184548;2019-01-11;"sexta-feira";"11:10:00";"SC";280;28,3;"ARAQUARI";"Falta de Atenção à Condução";"Colisão transversal";"Com Vítimas Feridas";"Pleno dia";"Decrescente";"Sol";"Simples";"Reta";"Não";2;0;1;0;1;0;1;2;"-26.40457";"-48.745659";"SR-SC";"DEL8/3";"UOP03/SC"
184549;2019-01-11;"sexta-feira";"13:43:00";"SC";470;10;"NAVEGANTES";"Falta de Atenção à Condução";"Engavetamento";"Com Vítimas Feridas";"Pleno dia";"Crescente";"Sol";"Simples";"Não Informado";"Não";3;0;1;0;2;0;1;3;"-26.833693";"-48.73724";"SR-SC";"DEL8/4";"UOP04/SC"
184551;2019-01-11;"sexta-feira";"14:05:00";"SP";101;51,5;"UBATUBA";"Ingestão de Álcool";"Tombamento";"Com Vítimas Feridas";"Pleno dia";"Crescente";"Sol";"Simples";"Rotatória";"Sim";1;0;1;0;0;0;1;1;"-23.462336";"-45.064766";"SR-SP";"DEL6";"UOP03/SP"
184552;2019-01-08;"terça-feira";"00:15:00";"ES";262;3,9;"CARIACICA";"Falta de Atenção à Condução";"Colisão traseira";"Com Vítimas Feridas";"Plena Noite";"Crescente";"Céu Claro";"Dupla";"Reta";"Não";3;0;0;2;0;1;2;2;"-20.3332";"-40.3685";"SR-ES";"DEL12/1";"UOP01/ES"
184553;2019-01-11;"sexta-feira";"13:50:00";"DF";20;11;"BRASILIA";"Falta de Atenção à Condução";"Colisão lateral";"Sem Vítimas";"Pleno dia";"Decrescente";"Céu Claro";"Dupla";"Não Informado";"Sim";2;0;0;0;2;0;0;2;"-15.64654";"-47.766422";"SR-DF";"DF";"UOP04/DF"
184554;2019-01-11;"sexta-feira";"11:35:00";"PE";407;126,6;"PETROLINA";"Ingestão de Álcool";"Colisão traseira";"Sem Vítimas";"Pleno dia";"Decrescente";"Céu Claro";"Simples";"Reta";"Sim";2;0;0;0;2;0;0;2;"-9.39109637";"-40.52025363";"SR-PE";"DEL11/6";"UOP01/PE"
184555;2019-01-11;"sexta-feira";"11:50:00";"RO";364;339,5;"JI-PARANA";"Não guardar distância de segurança";"Colisão lateral";"Com Vítimas Feridas";"Pleno dia";"Decrescente";"Sol";"Dupla";"Não Informado";"Sim";3;0;2;0;1;0;2;2;"-10.9024459";"-61.9304359";"SR-RO";"DEL21/2";"UOP01/RO"
184556;2019-01-11;"sexta-feira";"11:20:00";"RJ";101;415;"MANGARATIBA";"Fenômenos da Natureza";"Incêndio";"Sem Vítimas";"Pleno dia";"Crescente";"Sol";"Dupla";"Reta";"Não";1;0;0;0;1;0;0;1;"-22.904333";"-43.881832";"SR-RJ";"DEL5/3";"UOP01/RJ"
184557;2019-01-11;"sexta-feira";"12:20:00";"RO";364;344,8;"JI-PARANA";"Desobediência às normas de trânsito pelo condutor";"Colisão lateral";"Com Vítimas Feridas";"Pleno dia";"Decrescente";"Céu Claro";"Simples";"Reta";"Sim";2;0;1;0;1;0;1;2;"-10.873834";"-61.952469";"SR-RO";"DEL21/2";"UOP01/RO"
184559;2019-01-11;"sexta-feira";"14:00:00";"PR";277;68;"SAO JOSE DOS PINHAIS";"Velocidade Incompatível";"Queda de ocupante de veículo";"Com Vítimas Feridas";"Pleno dia";"Decrescente";"Céu Claro";"Dupla";"Reta";"Não";2;0;1;0;1;0;1;2;"-25.52691695";"-49.0938811";"SR-PR";"DEL7/1";"UOP06/PR"
184560;2019-01-07;"segunda-feira";"21:35:00";"PE";101;77,8;"RECIFE";"Falta de Atenção à Condução";"Colisão transversal";"Com Vítimas Feridas";"Plena Noite";"Crescente";"Nublado";"Simples";"Reta";"Sim";2;0;1;0;1;0;1;2;"-8.134813";"-34.947544";"SR-PE";"DEL11/1";"UOP01/PE"
184561;2019-01-11;"sexta-feira";"13:30:00";"SC";470;319,4;"CAMPOS NOVOS";"Desobediência às normas de trânsito pelo condutor";"Colisão transversal";"Com Vítimas Feridas";"Pleno dia";"Crescente";"Céu Claro";"Simples";"Interseção de vias";"Sim";2;0;0;1;1;0;1;2;"-27.41177622";"-51.23100758";"SR-SC";"DEL7";"UOP08/SC"
184562;2019-01-11;"sexta-feira";"14:50:00";"MG";381;330;"NOVA ERA";"Falta de Atenção à Condução";"Capotamento";"Sem Vítimas";"Pleno dia";"Crescente";"Céu Claro";"Dupla";"Reta";"Não";1;0;0;0;1;0;0;1;"-19.762";"-43.0478";"SR-MG";"DEL4/3";"UOP01/MG"
184563;2019-01-11;"sexta-feira";"11:20:00";"MG";262;773,5;"UBERABA";"Velocidade Incompatível";"Saída de leito carroçável";"Com Vítimas Feridas";"Pleno dia";"Decrescente";"Chuva";"Simples";"Reta";"Não";2;0;2;0;0;0;2;1;"-19.685202";"-47.676212";"SR-MG";"DEL13";"UOP01/MG"
184564;2019-01-11;"sexta-feira";"13:20:00";"MG";50;176,5;"UBERABA";"Falta de Atenção à Condução";"Tombamento";"Com Vítimas Feridas";"Pleno dia";"Decrescente";"Chuva";"Dupla";"Desvio Temporário";"Sim";1;0;1;0;0;0;1;1;"-19.7792";"-47.9505";"SR-MG";"DEL13";"UOP01/MG"
184565;2019-01-11;"sexta-feira";"15:10:00";"SC";470;49;"BLUMENAU";"Desobediência às normas de trânsito pelo condutor";"Colisão lateral";"Com Vítimas Feridas";"Pleno dia";"Crescente";"Céu Claro";"Simples";"Reta";"Não";2;0;0;1;1;0;1;2;"-26.860662";"-49.065159";"SR-SC";"DEL8/4";"UOP01/SC"
184566;2019-01-07;"segunda-feira";"18:00:00";"GO";153;499,9;"GOIANIA";"Velocidade Incompatível";"Engavetamento";"Com Vítimas Feridas";"Anoitecer";"Decrescente";"Céu Claro";"Dupla";"Reta";"Sim";5;0;2;0;3;0;2;3;"-16.7033";"-49.2311";"SR-GO";"DEL1/1";"UOP01/GO"
184568;2019-01-11;"sexta-feira";"15:40:00";"SC";470;47,7;"BLUMENAU";"Desobediência às normas de trânsito pelo condutor";"Colisão transversal";"Com Vítimas Feridas";"Pleno dia";"Crescente";"Céu Claro";"Simples";"Reta";"Sim";2;0;1;0;1;0;1;2;"-26.86131376";"-49.05229211";"SR-SC";"DEL8/4";"UOP01/SC"
184570;2019-01-11;"sexta-feira";"12:30:00";"CE";116;187;"LIMOEIRO DO NORTE";"Falta de Atenção à Condução";"Colisão traseira";"Com Vítimas Feridas";"Pleno dia";"Decrescente";"Céu Claro";"Simples";"Reta";"Não";2;0;1;0;1;0;1;2;"-5.11159018";"-38.13736439";"SR-CE";"DEL16/3";"UOP01/CE"
184571;2019-01-11;"sexta-feira";"15:10:00";"SC";101;162;"TIJUCAS";"Falta de Atenção à Condução";"Tombamento";"Com Vítimas Feridas";"Pleno dia";"Decrescente";"Sol";"Múltipla";"Interseção de vias";"Não";1;0;0;1;0;0;1;1;"-27.2325";"-48.6299";"SR-SC";"DEL8/4";"UOP03/SC"
184573;2019-01-11;"sexta-feira";"14:50:00";"ES";101;269,3;"SERRA";"Falta de Atenção à Condução";"Colisão traseira";"Com Vítimas Feridas";"Pleno dia";"Decrescente";"Céu Claro";"Múltipla";"Reta";"Sim";2;0;1;0;1;0;1;2;"-20.1007104";"-40.3341312";"SR-ES";"DEL12/2";"UOP01/ES"
184574;2019-01-10;"quinta-feira";"06:00:00";"SC";280;134,2;"RIO NEGRINHO";"Falta de Atenção à Condução";"Saída de leito carroçável";"Com Vítimas Feridas";"Pleno dia";"Decrescente";"Céu Claro";"Simples";"Curva";"Não";2;0;1;1;0;0;2;2;"-26.272507";"-49.563301";"SR-SC";"DEL8/6";"UOP03/SC"
184575;2019-01-11;"sexta-feira";"15:35:00";"PR";277;14,1;"PARANAGUA";"Condutor Dormindo";"Saída de leito carroçável";"Com Vítimas Feridas";"Pleno dia";"Decrescente";"Céu Claro";"Dupla";"Reta";"Não";1;0;1;0;0;0;1;1;"-25.55784467";"-48.65336485";"SR-PR";"DEL7/1";"UOP07/PR"
184576;2019-01-11;"sexta-feira";"15:50:00";"PR";277;591;"CASCAVEL";"Falta de Atenção à Condução";"Colisão transversal";"Com Vítimas Feridas";"Pleno dia";"Decrescente";"Céu Claro";"Simples";"Reta";"Não";2;0;0;1;1;0;1;2;"-25.02817";"-53.55983";"SR-PR";"DEL7/4";"UOP01/PR"
184577;2019-01-11;"sexta-feira";"15:35:00";"SC";101;208,2;"SAO JOSE";"Falta de Atenção à Condução";"Tombamento";"Com Vítimas Feridas";"Pleno dia";"Decrescente";"Céu Claro";"Dupla";"Reta";"Sim";1;0;1;0;0;0;1;1;"-27.6101";"-48.6388";"SR-SC";"DEL8/1";"UOP01/SC"
184579;2019-01-07;"segunda-feira";"20:55:00";"PR";277;519,6;"GUARANIACU";"Desobediência às normas de trânsito pelo condutor";"Colisão lateral";"Com Vítimas Feridas";"Plena Noite";"Crescente";"Chuva";"Simples";"Reta";"Não";4;0;1;0;2;1;1;3;"-25.10489685";"-52.87355684";"SR-PR";"DEL7/4";"UOP02/PR"
184580;2019-01-09;"quarta-feira";"22:00:00";"BA";367;32;"PORTO SEGURO";"Defeito Mecânico no Veículo";"Tombamento";"Com Vítimas Feridas";"Plena Noite";"Crescente";"Céu Claro";"Simples";"Reta";"Não";2;0;1;1;0;0;2;1;"-16.422001";"-39.14463";"SR-BA";"DEL10/9";"UOP01/BA"
184581;2019-01-11;"sexta-feira";"16:30:00";"SC";470;180,9;"POUSO REDONDO";"Pista Escorregadia";"Capotamento";"Com Vítimas Feridas";"Pleno dia";"Decrescente";"Chuva";"Simples";"Reta";"Não";3;0;3;0;0;0;3;1;"-27.249525";"-49.987041";"SR-SC";"DEL8/4";"UOP02/SC"
184582;2019-01-11;"sexta-feira";"15:50:00";"CE";116;56,5;"PACAJUS";"Não guardar distância de segurança";"Colisão traseira";"Com Vítimas Feridas";"Pleno dia";"Decrescente";"Céu Claro";"Simples";"Não Informado";"Não";3;0;1;0;2;0;1;3;"-4.2217";"-38.4761";"SR-CE";"DEL16/3";"UOP02/CE"
184583;2019-01-11;"sexta-feira";"16:30:00";"MG";50;69;"UBERLANDIA";"Falta de Atenção à Condução";"Colisão lateral";"Com Vítimas Feridas";"Pleno dia";"Crescente";"Chuva";"Dupla";"Retorno Regulamentado";"Sim";2;0;1;0;1;0;1;2;"-18.8907";"-48.256";"SR-MG";"DEL4/15";"UOP01/MG"
184584;2019-01-11;"sexta-feira";"16:30:00";"SC";282;23;"PALHOCA";"Falta de Atenção à Condução";"Colisão transversal";"Com Vítimas Feridas";"Pleno dia";"Crescente";"Céu Claro";"Simples";"Reta";"Sim";2;0;1;0;1;0;1;2;"-27.687958";"-48.736794";"SR-SC";"DEL8/1";"UOP02/SC"
184585;2019-01-11;"sexta-feira";"16:30:00";"PR";116;93;"SAO JOSE DOS PINHAIS";"Falta de Atenção à Condução";"Colisão traseira";"Com Vítimas Feridas";"Pleno dia";"Decrescente";"Chuva";"Múltipla";"Reta";"Não";2;0;1;0;1;0;1;2;"-25.482296";"-49.105915";"SR-PR";"DEL7/1";"UOP01/PR"
184586;2019-01-11;"sexta-feira";"17:00:00";"MG";381;445,4;"SANTA LUZIA";"Velocidade Incompatível";"Colisão traseira";"Com Vítimas Feridas";"Pleno dia";"Crescente";"Sol";"Simples";"Curva";"Não";8;0;3;1;4;0;4;4;"-19.80934616";"-43.78257751";"SR-MG";"DEL4/1";"UOP01/MG"
184588;2019-01-11;"sexta-feira";"16:10:00";"PE";101;60;"RECIFE";"Falta de Atenção à Condução";"Colisão traseira";"Com Vítimas Feridas";"Pleno dia";"Decrescente";"Céu Claro";"Múltipla";"Desvio Temporário";"Sim";2;0;1;0;1;0;1;2;"-7.992";"-34.9365";"SR-PE";"DEL11/1";"UOP02/PE"