"id";"data_inversa";"dia_semana";"horario";"uf";"br";"km";"municipio";"causa_acidente";"tipo_acidente";"classificacao_acidente";"fase_dia";"sentido_via";"condicao_metereologica";"tipo_pista";"tracado_via";"uso_solo";"pessoas";"mortos";"feridos_leves";"feridos_graves";"ilesos";"ignorados";"feridos";"veiculos";"latitude";"longitude";"regional";"delegacia";"uop"
184590;2019-01-11;"sexta-feira";"17:30:00";"ES";262;18;"VIANA";"Falta de Atenção do Pedestre";"Atropelamento de Pedestre";"Com Vítimas Feridas";"Pleno dia";"Crescente";"Nublado";"Simples";"Reta";"Sim";2;0;1;1;0;0;2;1;"-20.389";"-40.4781";"SR-ES";"DEL12/1";"UOP01/ES"
184591;2019-01-11;"sexta-feira";"16:20:00";"MT";163;752,9;"SORRISO";"Falta de Atenção à Condução";"Colisão traseira";"Com Vítimas Feridas";"Pleno dia";"Crescente";"Sol";"Dupla";"Retorno Regulamentado";"Sim";2;0;1;0;1;0;1;2;"-12.55071256";"-55.71289393";"SR-MT";"DEL2/6";"UOP01/MT"
184592;2019-01-11;"sexta-feira";"15:54:00";"RJ";116;222,9;"PIRAI";"Defeito Mecânico no Veículo";"Colisão com objeto estático";"Com Vítimas Feridas";"Pleno dia";"Decrescente";"Céu Claro";"Dupla";"Curva";"Não";5;0;2;1;2;0;3;3;"-22.67896551";"-43.83613586";"SR-RJ";"DEL5/7";"UOP01/RJ"
184593;2019-01-11;"sexta-feira";"16:45:00";"MG";40;403,3;"CURVELO";"Agressão Externa";"Queda de ocupante de veículo";"Com Vítimas Feridas";"Pleno dia";"Crescente";"Céu Claro";"Simples";"Reta";"Não";1;0;0;1;0;0;1;1;"-18.98389577";"-44.66491699";"SR-MG";"DEL4/2";"UOP01/MG"
184595;2019-01-11;"sexta-feira";"14:30:00";"GO";70;367,2;"MONTES CLAROS DE GOIAS";"Avarias e/ou desgaste excessivo no pneu";"Colisão transversal";"Com Vítimas Fatais";"Pleno dia";"Crescente";"Chuva";"Simples";"Reta";"Não";2;1;1;0;0;0;1;2;"-15.93506483";"-51.33999109";"SR-GO";"DEL1/4";"UOP01/GO"
184596;2019-01-11;"sexta-feira";"16:20:00";"MS";158;96;"PARANAIBA";"Falta de Atenção à Condução";"Saída de leito carroçável";"Com Vítimas Feridas";"Pleno dia";"Decrescente";"Sol";"Dupla";"Reta";"Sim";1;0;0;1;0;0;1;1;"-19.69005";"-51.195179";"SR-MS";"DEL3/8";"UOP01/MS"
184597;2019-01-11;"sexta-feira";"17:30:00";"ES";101;296,7;"CARIACICA";"Falta de Atenção à Condução";"Colisão lateral";"Sem Vítimas";"Pleno dia";"Crescente";"Sol";"Dupla";"Reta";"Sim";2;0;0;0;2;0;0;2;"-20.34570881";"-40.4106242";"SR-ES";"DEL12/1";"UOP01/ES"
184598;2019-01-11;"sexta-feira";"13:15:00";"MG";262;513;"LUZ";"Ultrapassagem Indevida";"Saída de leito carroçável";"Com Vítimas Feridas";"Pleno dia";"Decrescente";"Sol";"Simples";"Curva";"Não";5;0;4;1;0;0;5;1;"-19.782372";"-45.676441";"SR-MG";"DEL4/8";"UOP03/MG"
184601;2019-01-11;"sexta-feira";"17:00:00";"MG";262;36,1;"MANHUACU";"Falta de Atenção à Condução";"Colisão traseira";"Com Vítimas Feridas";"Pleno dia";"Decrescente";"Céu Claro";"Simples";"Reta";"Sim";2;0;1;0;1;0;1;2;"-20.259321";"-42.022984";"SR-MG";"DEL4/6";"UOP04/MG"
184602;2019-01-11;"sexta-feira";"18:55:00";"PR";376;160;"MARINGA";"Defeito Mecânico no Veículo";"Tombamento";"Com Vítimas Feridas";"Pleno dia";"Decrescente";"Céu Claro";"Dupla";"Curva";"Sim";2;0;2;0;0;0;2;1;"-23.352516";"-52.09127";"SR-PR";"DEL7/7";"UOP04/PR"
184604;2019-01-11;"sexta-feira";"17:25:00";"PI";135;360;"BOM JESUS";"Defeito na Via";"Colisão com objeto estático";"Com Vítimas Feridas";"Pleno dia";"Decrescente";"Céu Claro";"Simples";"Curva";"Não";1;0;1;0;0;0;1;1;"-9.135633";"-44.388386";"SR-PI";"DEL17/3";"UOP02/PI"
184605;2019-01-11;"sexta-feira";"18:10:00";"CE";20;429,5;"FORTALEZA";"Falta de Atenção à Condução";"Colisão lateral";"Com Vítimas Feridas";"Plena Noite";"Crescente";"Céu Claro";"Dupla";"Reta";"Sim";2;0;1;0;1;0;1;2;"-3.87123388";"-38.49978447";"SR-CE";"DEL16/1";"UOP02/CE"
184606;2019-01-11;"sexta-feira";"18:10:00";"PE";104;65;"CARUARU";"Não guardar distância de segurança";"Colisão lateral";"Com Vítimas Feridas";"Plena Noite";"Decrescente";"Nublado";"Dupla";"Reta";"Sim";5;0;2;0;3;0;2;3;"-8.2867";"-35.9838";"SR-PE";"DEL11/2";"UOP01/PE"
184607;2019-01-11;"sexta-feira";"19:00:00";"SC";101;47,5;"JOINVILLE";"Ingestão de álcool e/ou substâncias psicoativas pelo pedestre";"Saída de leito carroçável";"Com Vítimas Feridas";"Anoitecer";"Crescente";"Céu Claro";"Dupla";"Curva";"Não";1;0;1;0;0;0;1;1;"-26.3752";"-48.8549";"SR-SC";"DEL8/3";"UOP01/SC"
184608;2019-01-11;"sexta-feira";"18:00:00";"SC";470;105;"APIUNA";"Desobediência às normas de trânsito pelo condutor";"Colisão frontal";"Com Vítimas Feridas";"Pleno dia";"Crescente";"Céu Claro";"Simples";"Curva";"Sim";2;0;0;1;1;0;1;2;"-27.07129747";"-49.42094564";"SR-SC";"DEL8/4";"UOP02/SC"
184609;2019-01-11;"sexta-feira";"18:10:00";"MG";381;485;"BETIM";"Falta de Atenção à Condução";"Engavetamento";"Sem Vítimas";"Pleno dia";"Crescente";"Céu Claro";"Dupla";"Reta";"Sim";3;0;0;0;3;0;0;3;"-19.9561";"-44.1064";"SR-MG";"DEL4/1";"UOP03/MG"
184611;2019-01-11;"sexta-feira";"18:10:00";"ES";101;297,9;"CARIACICA";"Defeito Mecânico no Veículo";"Queda de ocupante de veículo";"Com Vítimas Feridas";"Pleno dia";"Crescente";"Céu Claro";"Dupla";"Reta";"Não";2;0;1;1;0;0;2;1;"-20.35814639";"-40.41870117";"SR-ES";"DEL12/1";"UOP01/ES"
184613;2019-01-11;"sexta-feira";"19:30:00";"GO";60;12;"SANTO ANTONIO DO DESCOBERTO";"Velocidade Incompatível";"Colisão traseira";"Sem Vítimas";"Plena Noite";"Decrescente";"Céu Claro";"Dupla";"Reta";"Não";3;0;0;0;3;0;0;2;"-16.11470147";"-48.33437338";"SR-DF";"GO";"UOP03/DF"
184614;2019-01-11;"sexta-feira";"17:00:00";"RS";386;222,8;"MORMACO";"Falta de Atenção à Condução";"Saída de leito carroçável";"Com Vítimas Feridas";"Pleno dia";"Crescente";"Nublado";"Simples";"Reta";"Não";5;0;2;0;3;0;2;1;"-28.65789605";"-52.61273146";"SR-RS";"DEL9/4";"UOP04/RS"
184615;2019-01-10;"quinta-feira";"18:40:00";"PB";230;464,6;"SOUSA";"Ultrapassagem Indevida";"Colisão frontal";"Com Vítimas Feridas";"Plena Noite";"Crescente";"Nublado";"Simples";"Reta";"Não";3;0;0;3;0;0;3;2;"-6.780953";"-38.253696";"SR-PB";"DEL14/3";"UOP03/PB"
184616;2019-01-11;"sexta-feira";"17:20:00";"RR";174;497,4;"BOA VISTA";"Desobediência às normas de trânsito pelo condutor";"Colisão lateral";"Com Vítimas Feridas";"Pleno dia";"Decrescente";"Céu Claro";"Dupla";"Reta";"Sim";3;0;1;1;1;0;2;2;"2.763303";"-60.725597";"SR-RR";"UOP01/RR";""
184617;2019-01-11;"sexta-feira";"19:40:00";"PR";163;275,9;"QUATRO PONTES";"Ultrapassagem Indevida";"Colisão traseira";"Com Vítimas Feridas";"Pleno dia";"Decrescente";"Nublado";"Simples";"Reta";"Não";1;0;1;0;0;0;1;1;"-24.60665457";"-53.97337317";"SR-PR";"DEL7/4";"UOP01/PR"
184618;2019-01-11;"sexta-feira";"19:15:00";"SC";101;54;"JOINVILLE";"Falta de Atenção à Condução";"Tombamento";"Com Vítimas Feridas";"Anoitecer";"Crescente";"Nublado";"Dupla";"Reta";"Não";1;0;1;0;0;0;1;1;"-26.4277";"-48.8264";"SR-SC";"DEL8/3";"UOP01/SC"
184619;2019-01-11;"sexta-feira";"19:30:00";"SP";381;63,8;"MAIRIPORA";"Defeito Mecânico no Veículo";"Colisão traseira";"Sem Vítimas";"Anoitecer";"Crescente";"Nublado";"Dupla";"Reta";"Não";3;0;0;0;3;0;0;3;"-23.30688377";"-46.57652373";"SR-SP";"DEL6/3";"UOP02/SP"
184620;2019-01-11;"sexta-feira";"14:40:00";"SC";280;238;"CANOINHAS";"Condutor Dormindo";"Colisão lateral";"Com Vítimas Feridas";"Pleno dia";"Crescente";"Céu Claro";"Simples";"Reta";"Não";2;0;1;0;1;0;1;2;"-26.2052637";"-50.43864012";"SR-SC";"DEL8/6";"UOP04/SC"
184621;2019-01-11;"sexta-feira";"15:50:00";"SC";470;256,3;"CURITIBANOS";"Ultrapassagem Indevida";"Colisão frontal";"Com Vítimas Feridas";"Pleno dia";"Decrescente";"Céu Claro";"Simples";"Reta";"Não";3;0;1;1;1;0;2;3;"-27.309309";"-50.630985";"SR-SC";"DEL8/5";"UOP03/SC"
184622;2019-01-11;"sexta-feira";"19:30:00";"SP";116;169;"JACAREI";"Pista Escorregadia";"Tombamento";"Sem Vítimas";"Anoitecer";"Decrescente";"Chuva";"Simples";"Curva";"Não";1;0;0;0;1;0;0;1;"-23.30797088";"-46.04583621";"SR-SP";"DEL6/2";"UOP01/SP"
184623;2019-01-11;"sexta-feira";"15:45:00";"MG";153;30;"CANAPOLIS";"Velocidade Incompatível";"Capotamento";"Com Vítimas Feridas";"Pleno dia";"Crescente";"Céu Claro";"Dupla";"Curva";"Não";1;0;1;0;0;0;1;1;"-18.6855";"-49.1526";"SR-MG";"DEL4/15";"UOP03/MG"
184624;2019-01-11;"sexta-feira";"17:50:00";"GO";153;125,1;"ESTRELA DO NORTE";"Ingestão de Álcool";"Colisão transversal";"Sem Vítimas";"Pleno dia";"Decrescente";"Céu Claro";"Simples";"Reta";"Não";3;0;0;0;3;0;0;2;"-13.866656";"-49.051556";"SR-GO";"DEL1/7";"UOP01/GO"
184625;2019-01-11;"sexta-feira";"18:30:00";"RO";364;195;"PIMENTA BUENO";"Desobediência às normas de trânsito pelo condutor";"Colisão transversal";"Com Vítimas Feridas";"Anoitecer";"Decrescente";"Nublado";"Simples";"Reta";"Sim";2;0;0;1;0;1;1;2;"-11.693292";"-61.177425";"SR-RO";"DEL21/2";"UOP02/RO"
184626;2019-01-11;"sexta-feira";"17:20:00";"PE";101;87;"JABOATAO DOS GUARARAPES";"Falta de Atenção à Condução";"Colisão lateral";"Com Vítimas Feridas";"Anoitecer";"Crescente";"Nublado";"Dupla";"Reta";"Não";2;0;2;0;0;0;2;2;"-8.194257";"-34.976042";"SR-PE";"DEL11/1";"UOP03/PE"
184627;2019-01-11;"sexta-feira";"18:15:00";"RJ";101;305;"SAO GONCALO";"Desobediência às normas de trânsito pelo condutor";"Atropelamento de Pedestre";"Com Vítimas Feridas";"Pleno dia";"Decrescente";"Céu Claro";"Dupla";"Reta";"Sim";4;0;0;1;2;1;1;1;"-22.787031";"-42.995907";"SR-RJ";"DEL5/2";"UOP02/RJ"
184629;2019-01-11;"sexta-feira";"18:00:00";"PR";369;108;"URAI";"Não guardar distância de segurança";"Colisão traseira";"Com Vítimas Feridas";"Pleno dia";"Decrescente";"Nublado";"Simples";"Reta";"Não";3;0;1;0;2;0;1;2;"-23.26467126";"-50.78870326";"SR-PR";"DEL7/7";"UOP06/PR"
184630;2019-01-11;"sexta-feira";"20:40:00";"SC";101;227;"PALHOCA";"Falta de Atenção à Condução";"Colisão com objeto estático";"Com Vítimas Feridas";"Plena Noite";"Crescente";"Céu Claro";"Múltipla";"Reta";"Não";1;0;1;0;0;0;1;1;"-27.7591";"-48.6308";"SR-SC";"DEL8/1";"UOP02/SC"
184631;2019-01-11;"sexta-feira";"18:00:00";"MG";365;742;"ITUIUTABA";"Falta de Atenção à Condução";"Colisão traseira";"Com Vítimas Feridas";"Pleno dia";"Crescente";"Chuva";"Simples";"Reta";"Não";4;0;1;0;3;0;1;2;"-18.91278238";"-49.36706543";"SR-MG";"DEL4/15";"UOP03/MG"
184632;2019-01-11;"sexta-feira";"20:55:00";"GO";40;9,5;"LUZIANIA";"Falta de Atenção do Pedestre";"Atropelamento de Pedestre";"Com Vítimas Feridas";"Plena Noite";"Decrescente";"Céu Claro";"Dupla";"Reta";"Sim";3;0;1;1;0;1;2;1;"-16.12751017";"-47.96015024";"SR-DF";"GO";"UOP01/DF"
184634;2019-01-11;"sexta-feira";"20:00:00";"CE";116;1,5;"FORTALEZA";"Falta de Atenção à Condução";"Colisão traseira";"Com Vítimas Feridas";"Plena Noite";"Crescente";"Céu Claro";"Dupla";"Reta";"Sim";2;0;0;1;1;0;1;2;"-3.7704";"-38.5169";"SR-CE";"DEL16/1";"UOP02/CE"
184636;2019-01-11;"sexta-feira";"17:00:00";"SC";280;33,1;"ARAQUARI";"Falta de Atenção à Condução";"Colisão traseira";"Com Vítimas Fatais";"Pleno dia";"Decrescente";"Céu Claro";"Simples";"Não Informado";"Não";5;2;0;1;2;0;1;3;"-26.42645312";"-48.78851295";"SR-SC";"DEL8/3";"UOP03/SC"
184638;2019-01-11;"sexta-feira";"21:10:00";"PR";277;580,2;"CASCAVEL";"Falta de Atenção à Condução";"Colisão com objeto estático";"Sem Vítimas";"Plena Noite";"Crescente";"Céu Claro";"Simples";"Viaduto";"Sim";2;0;0;0;2;0;0;2;"-24.98270826";"-53.47350782";"SR-PR";"DEL7/4";"UOP01/PR"
184640;2019-01-11;"sexta-feira";"21:20:00";"MG";365;150,7;"PIRAPORA";"Condutor Dormindo";"Queda de ocupante de veículo";"Com Vítimas Feridas";"Plena Noite";"Decrescente";"Céu Claro";"Simples";"Reta";"Não";1;0;1;0;0;0;1;1;"-17.286131";"-44.877392";"SR-MG";"DEL4/12";"UOP01/MG"
184641;2019-01-11;"sexta-feira";"21:45:00";"SC";101;123,1;"ITAJAI";"Falta de Atenção à Condução";"Colisão traseira";"Com Vítimas Feridas";"Plena Noite";"Crescente";"Nublado";"Dupla";"Viaduto";"Sim";4;0;1;0;3;0;1;3;"-26.9434";"-48.6917";"SR-SC";"DEL8/4";"UOP04/SC"
184643;2019-01-10;"quinta-feira";"22:15:00";"PR";376;437,3;"TIBAGI";"Velocidade Incompatível";"Tombamento";"Com Vítimas Fatais";"Plena Noite";"Decrescente";"Céu Claro";"Dupla";"Curva";"Não";2;1;0;1;0;0;1;1;"-24.789804";"-50.504444";"SR-PR";"DEL7/3";"UOP05/PR"
184644;2019-01-11;"sexta-feira";"18:20:00";"MA";10;298;"SAO FRANCISCO DO BREJAO";"Desobediência às normas de trânsito pelo condutor";"Colisão traseira";"Com Vítimas Feridas";"Anoitecer";"Crescente";"Garoa/Chuvisco";"Simples";"Reta";"Sim";2;0;0;1;0;1;1;2;"-5.131289";"-47.5453";"SR-MA";"DEL18/4";"UOP03/MA"
184647;2019-01-11;"sexta-feira";"18:40:00";"PA";316;67;"CASTANHAL";"Falta de Atenção à Condução";"Colisão transversal";"Com Vítimas Feridas";"Plena Noite";"Decrescente";"Chuva";"Dupla";"Reta";"Sim";2;0;1;0;1;0;1;2;"-1.294879";"-47.892807";"SR-PA";"DEL19/1";"UOP02/PA"
184648;2019-01-11;"sexta-feira";"19:00:00";"PR";476;226,7;"LAPA";"Pista Escorregadia";"Colisão frontal";"Com Vítimas Feridas";"Anoitecer";"Crescente";"Chuva";"Simples";"Curva";"Não";2;0;1;0;1;0;1;2;"-25.855112";"-49.958683";"SR-PR";"DEL7/2";"UOP03/PR"
184649;2019-01-11;"sexta-feira";"22:30:00";"PR";277;591,5;"CASCAVEL";"Falta de Atenção à Condução";"Colisão traseira";"Com Vítimas Feridas";"Plena Noite";"Crescente";"Nevoeiro/Neblina";"Simples";"Reta";"Não";3;0;1;0;2;0;1;3;"-25.02817";"-53.55983";"SR-PR";"DEL7/4";"UOP01/PR"
184650;2019-01-11;"sexta-feira";"18:40:00";"MT";163;834,2;"SINOP";"Falta de Atenção à Condução";"Colisão traseira";"Com Vítimas Feridas";"Anoitecer";"Crescente";"Nublado";"Dupla";"Reta";"Sim";2;0;0;1;1;0;1;2;"-11.86979466";"-55.49729437";"SR-MT";"DEL2/6";"UOP01/MT"
184651;2019-01-11;"sexta-feira";"19:00:00";"RN";110;1;"AREIA BRANCA";"Desobediência às normas de trânsito pelo condutor";"Colisão lateral";"Com Vítimas Feridas";"Plena Noite";"Crescente";"Céu Claro";"Simples";"Reta";"Sim";3;0;2;0;0;1;2;2;"-4.95345832";"-37.12881088";"SR-RN";"DEL15/4";"UOP01/RN"
184652;2019-01-11;"sexta-feira";"22:50:00";"MG";381;495;"BETIM";"Ingestão de álcool e/ou substâncias psicoativas pelo pedestre";"Colisão com objeto estático";"Sem Vítimas";"Plena Noite";"Decrescente";"Céu Claro";"Dupla";"Não Informado";"Sim";4;0;0;0;4;0;0;1;"-19.97435713";"-44.1852951";"SR-MG";"DEL4/1";"UOP03/MG"
184653;2019-01-11;"sexta-feira";"22:40:00";"PI";316;388,7;"FRANCISCO MACEDO";"Falta de Atenção à Condução";"Tombamento";"Com Vítimas Fatais";"Plena Noite";"Crescente";"Céu Claro";"Simples";"Reta";"Não";1;1;0;0;0;0;0;1;"-7.32024383";"-40.79669952";"SR-PI";"DEL17/4";"UOP03/PI"
184655;2019-01-11;"sexta-feira";"22:30:00";"SC";282;47,2;"AGUAS MORNAS";"Não guardar distância de segurança";"Colisão traseira";"Com Vítimas Feridas";"Plena Noite";"Decrescente";"Nublado";"Simples";"Reta";"Não";5;0;4;0;0;1;4;3;"-27.71985263";"-48.93707514";"SR-SC";"DEL8/1";"UOP03/SC"
184656;2019-01-11;"sexta-feira";"23:30:00";"SC";101;436,7;"SOMBRIO";"Falta de Atenção do Pedestre";"Atropelamento de Pedestre";"Com Vítimas Feridas";"Pleno dia";"Crescente";"Garoa/Chuvisco";"Simples";"Não Informado";"Sim";2;0;1;0;1;0;1;1;"-29.11989173";"-49.64205807";"SR-SC";"DEL8/2";"UOP02/SC"
184657;2019-01-11;"sexta-feira";"21:40:00";"PI";316;310,9;"PICOS";"Não guardar distância de segurança";"Colisão traseira";"Sem Vítimas";"Plena Noite";"Crescente";"Céu Claro";"Simples";"Reta";"Sim";2;0;0;0;2;0;0;2;"-7.07611849";"-41.47182595";"SR-PI";"DEL17/4";"UOP01/PI"
184658;2019-01-11;"sexta-feira";"19:04:00";"RN";405;76;"APODI";"Falta de Atenção à Condução";"Colisão transversal";"Com Vítimas Feridas";"Plena Noite";"Decrescente";"Céu Claro";"Dupla";"Interseção de vias";"Sim";2;0;1;0;1;0;1;2;"-5.652425";"-37.799461";"SR-RN";"DEL15/4";"UOP02/RN"
184659;2019-01-11;"sexta-feira";"20:10:00";"MG";146;511,2;"POCOS DE CALDAS";"Avarias e/ou desgaste excessivo no pneu";"Tombamento";"Com Vítimas Feridas";"Plena Noite";"Decrescente";"Nublado";"Simples";"Curva";"Não";2;0;0;1;1;0;1;2;"-21.77557";"-46.43222";"SR-MG";"DEL13";"UOP01/MG"
184661;2019-01-11;"sexta-feira";"23:45:00";"RS";116;315;"BARRA DO RIBEIRO";"Velocidade Incompatível";"Colisão traseira";"Com Vítimas Feridas";"Plena Noite";"Decrescente";"Garoa/Chuvisco";"Simples";"Reta";"Não";5;0;0;4;1;0;4;2;"-30.245632";"-51.405949";"SR-RS";"DEL9/2";"UOP01/RS"
184662;2019-01-11;"sexta-feira";"16:26:00";"MT";163;579;"NOVA MUTUM";"Pista Escorregadia";"Saída de leito carroçável";"Com Vítimas Feridas";"Pleno dia";"Crescente";"Chuva";"Simples";"Reta";"Não";4;0;4;0;0;0;4;1;"-13.9713848";"-56.09069824";"SR-MT";"DEL2/4";"UOP01/MT"
184663;2019-01-12;"sábado";"00:40:00";"RJ";40;83,2;"PETROPOLIS";"Velocidade Incompatível";"Saída de leito carroçável";"Com Vítimas Feridas";"Plena Noite";"Decrescente";"Nublado";"Simples";"Não Informado";"Sim";4;0;3;0;1;0;3;1;"-22.5472";"-43.2266";"SR-RJ";"DEL5/6";"UOP03/RJ"
184664;2019-01-12;"sábado";"01:05:00";"RS";290;104,3;"ELDORADO DO SUL";"Falta de Atenção à Condução";"Colisão lateral";"Com Vítimas Feridas";"Plena Noite";"Decrescente";"Nublado";"Dupla";"Reta";"Sim";2;0;1;0;1;0;1;2;"-29.99476777";"-51.28186226";"SR-RS";"DEL9/2";"UOP01/RS"
184665;2019-01-12;"sábado";"01:20:00";"MG";381;494,7;"BETIM";"Falta de Atenção à Condução";"Colisão com objeto estático";"Com Vítimas Feridas";"Plena Noite";"Crescente";"Céu Claro";"Dupla";"Reta";"Sim";1;0;0;1;0;0;1;1;"-19.9731";"-44.1843";"SR-MG";"DEL4/1";"UOP03/MG"
184666;2019-01-12;"sábado";"00:35:00";"MG";356;265,7;"MURIAE";"Desobediência às normas de trânsito pelo condutor";"Colisão transversal";"Sem Vítimas";"Plena Noite";"Decrescente";"Ignorado";"Simples";"Interseção de vias";"Sim";2;0;0;0;2;0;0;2;"-21.125526";"-42.375477";"SR-MG";"DEL4/7";"UOP02/MG"
184667;2019-01-12;"sábado";"01:15:00";"RJ";101;120,4;"CAMPOS DOS GOYTACAZES";"Falta de Atenção à Condução";"Colisão transversal";"Com Vítimas Feridas";"Plena Noite";"Crescente";"Céu Claro";"Dupla";"Reta";"Não";3;0;1;0;2;0;1;2;"-22.026218";"-41.691715";"SR-RJ";"DEL5/8";"UOP02/RJ"
184668;2019-01-12;"sábado";"01:15:00";"PE";101;69,9;"RECIFE";"Desobediência às normas de trânsito pelo condutor";"Colisão frontal";"Com Vítimas Feridas";"Plena Noite";"Decrescente";"Céu Claro";"Dupla";"Interseção de vias";"Sim";3;0;1;0;0;2;1;2;"-8.06641063";"-34.94231701";"SR-PE";"DEL11/1";"UOP01/PE"
184669;2019-01-11;"sexta-feira";"20:36:00";"CE";NA;NA;"ITAITINGA";"Falta de Atenção à Condução";"Colisão com objeto estático";"Sem Vítimas";"Plena Noite";"Não Informado";"Céu Claro";"Simples";"Interseção de vias";"Sim";4;0;0;0;4;0;0;2;"-3.9240005";"-38.5144729";"SR-CE";"DEL16/1";"UOP02/CE"
184670;2019-01-12;"sábado";"02:50:00";"RS";116;114;"SAO MARCOS";"Ingestão de Álcool";"Colisão com objeto estático";"Com Vítimas Feridas";"Plena Noite";"Decrescente";"Nublado";"Simples";"Reta";"Sim";1;0;1;0;0;0;1;1;"-28.963968";"-51.075348";"SR-RS";"DEL9/5";"UOP01/RS"
184671;2019-01-12;"sábado";"01:40:00";"MT";70;530;"VARZEA GRANDE";"Falta de Atenção à Condução";"Colisão traseira";"Com Vítimas Feridas";"Pleno dia";"Decrescente";"Céu Claro";"Simples";"Reta";"Sim";2;0;1;0;0;1;1;1;"-15.65576742";"-56.20897293";"SR-MT";"DEL2/4";"UOP02/MT"
184673;2019-01-12;"sábado";"03:25:00";"SP";116;224;"GUARULHOS";"Falta de Atenção à Condução";"Saída de leito carroçável";"Com Vítimas Feridas";"Plena Noite";"Decrescente";"Céu Claro";"Múltipla";"Reta";"Sim";2;0;1;0;0;1;1;1;"-23.48277088";"-46.536026";"SR-SP";"DEL6/1";"UOP01/SP"
184674;2019-01-11;"sexta-feira";"20:40:00";"MA";222;409;"SANTA LUZIA";"Desobediência às normas de trânsito pelo condutor";"Colisão frontal";"Com Vítimas Feridas";"Plena Noite";"Decrescente";"Nublado";"Simples";"Não Informado";"Não";2;0;0;1;0;1;1;2;"-3.98156713";"-45.68166733";"SR-MA";"DEL18/2";"UOP02/MA"
184675;2019-01-12;"sábado";"01:45:00";"PE";428;188;"PETROLINA";"Ingestão de Álcool";"Colisão transversal";"Com Vítimas Feridas";"Plena Noite";"Crescente";"Céu Claro";"Simples";"Interseção de vias";"Sim";2;0;1;0;1;0;1;2;"-9.364097";"-40.482716";"SR-PE";"DEL11/6";"UOP01/PE"
184676;2019-01-12;"sábado";"03:30:00";"PR";376;171,9;"MARINGA";"Desobediência às normas de trânsito pelo condutor";"Colisão transversal";"Com Vítimas Feridas";"Plena Noite";"Decrescente";"Chuva";"Dupla";"Reta";"Sim";2;0;2;0;0;0;2;2;"-23.41665542";"-51.97867346";"SR-PR";"DEL7/7";"UOP04/PR"
184677;2019-01-12;"sábado";"03:30:00";"PR";277;71;"SAO JOSE DOS PINHAIS";"Falta de Atenção à Condução";"Queda de ocupante de veículo";"Com Vítimas Feridas";"Plena Noite";"Decrescente";"Nublado";"Dupla";"Reta";"Não";1;0;0;1;0;0;1;1;"-25.53082725";"-49.08487692";"SR-PR";"DEL7/1";"UOP01/PR"
184678;2019-01-12;"sábado";"01:55:00";"PR";376;180,1;"MARINGA";"Falta de Atenção à Condução";"Colisão com objeto em movimento";"Com Vítimas Feridas";"Plena Noite";"Decrescente";"Chuva";"Múltipla";"Reta";"Sim";2;0;1;0;1;0;1;2;"-23.427254";"-51.895123";"SR-PR";"DEL7/7";"UOP04/PR"
184679;2019-01-12;"sábado";"04:00:00";"RN";304;296,8;"MACAIBA";"Não guardar distância de segurança";"Colisão traseira";"Com Vítimas Feridas";"Plena Noite";"Decrescente";"Céu Claro";"Simples";"Desvio Temporário";"Sim";3;0;2;0;1;0;2;2;"-5.864849";"-35.349312";"SR-RN";"DEL15/1";"UOP02/RN"
184680;2019-01-12;"sábado";"05:45:00";"PR";373;269,3;"PRUDENTOPOLIS";"Condutor Dormindo";"Colisão frontal";"Com Vítimas Fatais";"Plena Noite";"Decrescente";"Céu Claro";"Simples";"Não Informado";"Não";2;1;0;0;1;0;0;2;"-25.2155055";"-51.012524";"SR-PR";"DEL7/3";"UOP01/PR"
184681;2019-01-12;"sábado";"04:40:00";"MG";381;687;"LAVRAS";"Ingestão de Álcool";"Colisão com objeto estático";"Sem Vítimas";"Plena Noite";"Crescente";"Céu Claro";"Dupla";"Curva";"Não";3;0;0;0;3;0;0;1;"-21.1864";"-45.1173";"SR-MG";"DEL4/4";"UOP02/MG"
184683;2019-01-12;"sábado";"05:00:00";"RJ";101;317;"SAO GONCALO";"Condutor Dormindo";"Colisão com objeto estático";"Sem Vítimas";"Amanhecer";"Crescente";"Céu Claro";"Dupla";"Reta";"Sim";1;0;0;0;1;0;0;1;"-22.837111";"-43.094929";"SR-RJ";"DEL5/2";"UOP02/RJ"
184684;2019-01-12;"sábado";"06:20:00";"SP";153;47,5;"SAO JOSE DO RIO PRETO";"Falta de Atenção do Pedestre";"Atropelamento de Pedestre";"Com Vítimas Feridas";"Amanhecer";"Crescente";"Céu Claro";"Simples";"Desvio Temporário";"Sim";5;0;0;1;3;1;1;1;"-20.68795775";"-49.34002876";"SR-SP";"DEL6/9";"UOP01/SP"
184685;2019-01-12;"sábado";"06:00:00";"MG";365;593;"ARAGUARI";"Defeito Mecânico no Veículo";"Saída de leito carroçável";"Com Vítimas Feridas";"Amanhecer";"Crescente";"Céu Claro";"Simples";"Curva";"Não";2;0;2;0;0;0;2;1;"-18.88086893";"-48.04887772";"SR-MG";"DEL4/15";"UOP02/MG"
184686;2019-01-12;"sábado";"06:15:00";"SC";116;197,3;"PONTE ALTA";"Velocidade Incompatível";"Colisão com objeto estático";"Com Vítimas Feridas";"Amanhecer";"Crescente";"Céu Claro";"Simples";"Desvio Temporário";"Não";4;0;4;0;0;0;4;1;"-27.481998";"-50.379116";"SR-SC";"DEL8/5";"UOP03/SC"