"id";"data_inversa";"dia_semana";"horario";"uf";"br";"km";"municipio";"causa_acidente";"tipo_acidente";"classificacao_acidente";"fase_dia";"sentido_via";"condicao_metereologica";"tipo_pista";"tracado_via";"uso_solo";"pessoas";"mortos";"feridos_leves";"feridos_graves";"ilesos";"ignorados";"feridos";"veiculos";"latitude";"longitude";"regional";"delegacia";"uop"
184785;2019-01-12;"sábado";"14:45:00";"AL";104;38,5;"BRANQUINHA";"Avarias e/ou desgaste excessivo no pneu";"Colisão com objeto estático";"Com Vítimas Feridas";"Pleno dia";"Decrescente";"Chuva";"Simples";"Curva";"Não";1;0;1;0;0;0;1;1;"-9.20124034";"-36.03275299";"SR-AL";"DEL13/1";"UOP02/AL"
184787;2019-01-12;"sábado";"16:00:00";"RS";116;232,5;"ESTANCIA VELHA";"Desobediência às normas de trânsito pelo condutor";"Colisão transversal";"Com Vítimas Feridas";"Pleno dia";"Decrescente";"Céu Claro";"Dupla";"Reta";"Sim";3;0;0;2;1;0;2;2;"-29.63275";"-51.143333";"SR-RS";"DEL9/1";"UOP02/RS"
184788;2019-01-07;"segunda-feira";"13:10:00";"CE";222;10,2;"CAUCAIA";"Falta de Atenção à Condução";"Colisão transversal";"Com Vítimas Feridas";"Pleno dia";"Decrescente";"Céu Claro";"Dupla";"Reta";"Sim";2;0;2;0;0;0;2;2;"-3.761872";"-38.654144";"SR-CE";"DEL16/1";"UOP01/CE"
184789;2019-01-12;"sábado";"15:30:00";"AP";210;1;"MACAPA";"Falta de Atenção à Condução";"Colisão lateral";"Com Vítimas Feridas";"Pleno dia";"Crescente";"Céu Claro";"Dupla";"Reta";"Sim";3;0;2;0;0;1;2;1;"0.078212";"-51.070091";"SR-AP";"UOP01/AP";""
184790;2019-01-12;"sábado";"07:00:00";"BA";116;610;"IRAJUBA";"Defeito Mecânico no Veículo";"Incêndio";"Sem Vítimas";"Pleno dia";"Crescente";"Céu Claro";"Simples";"Reta";"Não";1;0;0;0;0;1;0;1;"-13.3268212";"-40.0171262";"SR-BA";"DEL10/3";"UOP01/BA"
184791;2019-01-12;"sábado";"16:00:00";"RJ";116;293;"PORTO REAL";"Objeto estático sobre o leito carroçável";"Colisão traseira";"Sem Vítimas";"Pleno dia";"Crescente";"Céu Claro";"Dupla";"Reta";"Não";3;0;0;0;3;0;0;2;"-22.449371";"-44.321712";"SR-RJ";"DEL5/7";"UOP03/RJ"
184792;2019-01-12;"sábado";"14:50:00";"RN";101;58;"CEARA-MIRIM";"Falta de Atenção à Condução";"Colisão transversal";"Com Vítimas Feridas";"Pleno dia";"Decrescente";"Nublado";"Simples";"Reta";"Não";3;0;3;0;0;0;3;2;"-5.587615";"-35.276676";"SR-RN";"DEL15/2";"UOP01/RN"
184793;2019-01-12;"sábado";"15:50:00";"PE";408;95;"SAO LOURENCO DA MATA";"Falta de Atenção à Condução";"Saída de leito carroçável";"Com Vítimas Fatais";"Pleno dia";"Decrescente";"Garoa/Chuvisco";"Dupla";"Reta";"Não";2;1;0;0;0;1;0;1;"-8.014987";"-35.041951";"SR-PE";"DEL11/1";"UOP01/PE"
184794;2019-01-12;"sábado";"17:10:00";"SP";381;76,3;"SAO PAULO";"Avarias e/ou desgaste excessivo no pneu";"Saída de leito carroçável";"Sem Vítimas";"Pleno dia";"Crescente";"Garoa/Chuvisco";"Múltipla";"Curva";"Não";1;0;0;0;1;0;0;1;"-23.39890513";"-46.57670975";"SR-SP";"DEL6/3";"UOP02/SP"
184795;2019-01-12;"sábado";"14:00:00";"BA";101;751;"ITABELA";"Velocidade Incompatível";"Tombamento";"Com Vítimas Feridas";"Pleno dia";"Decrescente";"Céu Claro";"Simples";"Curva";"Não";5;0;3;0;2;0;3;2;"-16.6091";"-39.5458";"SR-BA";"DEL10/9";"UOP01/BA"
184796;2019-01-12;"sábado";"15:30:00";"SE";101;25;"MALHADA DOS BOIS";"Ingestão de Álcool";"Capotamento";"Sem Vítimas";"Pleno dia";"Crescente";"Céu Claro";"Dupla";"Reta";"Não";1;0;0;0;1;0;0;1;"-10.295593";"-36.883125";"SR-SE";"DEL20/2";"UOP02/SE"
184797;2019-01-12;"sábado";"17:30:00";"GO";40;4;"VALPARAISO DE GOIAS";"Falta de Atenção à Condução";"Colisão traseira";"Sem Vítimas";"Pleno dia";"Decrescente";"Chuva";"Dupla";"Reta";"Sim";2;0;0;0;2;0;0;2;"-16.085241";"-47.986752";"SR-DF";"GO";"UOP01/DF"
184798;2019-01-12;"sábado";"17:35:00";"MG";262;442,5;"NOVA SERRANA";"Falta de Atenção à Condução";"Colisão transversal";"Com Vítimas Feridas";"Pleno dia";"Crescente";"Céu Claro";"Dupla";"Reta";"Sim";2;0;2;0;0;0;2;2;"-19.880623";"-44.912323";"SR-MG";"DEL4/8";"UOP03/MG"
184799;2019-01-12;"sábado";"16:40:00";"PR";116;138;"MANDIRITUBA";"Defeito Mecânico no Veículo";"Incêndio";"Sem Vítimas";"Pleno dia";"Decrescente";"Nublado";"Dupla";"Reta";"Sim";1;0;0;0;1;0;0;1;"-25.772902";"-49.323254";"SR-PR";"DEL7/1";"UOP03/PR"
184800;2019-01-12;"sábado";"17:15:00";"PR";369;108,9;"URAI";"Agressão Externa";"Tombamento";"Com Vítimas Feridas";"Pleno dia";"Decrescente";"Sol";"Simples";"Não Informado";"Não";2;0;2;0;0;0;2;1;"-23.26645257";"-50.79674721";"SR-PR";"DEL7/7";"UOP06/PR"
184801;2019-01-12;"sábado";"14:50:00";"PE";232;46,1;"VITORIA DE SANTO ANTAO";"Pista Escorregadia";"Saída de leito carroçável";"Com Vítimas Feridas";"Pleno dia";"Decrescente";"Chuva";"Dupla";"Reta";"Sim";1;0;1;0;0;0;1;1;"-8.128181";"-35.281677";"SR-PE";"DEL11/1";"UOP04/PE"
184802;2019-01-12;"sábado";"14:00:00";"MA";222;285,6;"SANTA INES";"Falta de Atenção à Condução";"Colisão transversal";"Com Vítimas Feridas";"Pleno dia";"Crescente";"Céu Claro";"Simples";"Reta";"Sim";3;0;0;1;2;0;1;2;"-3.85087636";"-45.52618544";"SR-MA";"DEL18/2";"UOP02/MA"
184804;2019-01-12;"sábado";"18:00:00";"GO";50;265;"CATALAO";"Defeito Mecânico no Veículo";"Queda de ocupante de veículo";"Com Vítimas Feridas";"Pleno dia";"Crescente";"Céu Claro";"Simples";"Não Informado";"Não";2;0;1;0;1;0;1;1;"-18.0702";"-47.8644";"SR-GO";"DEL1/6";"UOP01/GO"
184805;2019-01-12;"sábado";"18:25:00";"RS";116;242,7;"SAO LEOPOLDO";"Defeito Mecânico no Veículo";"Incêndio";"Sem Vítimas";"Pleno dia";"Crescente";"Céu Claro";"Dupla";"Reta";"Sim";1;0;0;0;1;0;0;1;"-29.722971";"-51.148586";"SR-RS";"DEL9/1";"UOP02/RS"
184806;2019-01-12;"sábado";"17:14:00";"SP";116;17,5;"LAVRINHAS";"Ingestão de Álcool";"Colisão lateral";"Sem Vítimas";"Pleno dia";"Crescente";"Céu Claro";"Dupla";"Curva";"Não";2;0;0;0;2;0;0;2;"-22.55709094";"-44.85269487";"SR-SP";"DEL6/8";"UOP01/SP"
184807;2019-01-12;"sábado";"17:45:00";"PR";376;653,7;"TIJUCAS DO SUL";"Velocidade Incompatível";"Colisão traseira";"Sem Vítimas";"Pleno dia";"Decrescente";"Garoa/Chuvisco";"Dupla";"Não Informado";"Não";2;0;0;0;2;0;0;2;"-25.8394494";"-49.03884888";"SR-PR";"DEL7/1";"UOP08/PR"
184808;2019-01-12;"sábado";"17:55:00";"SP";153;55,9;"SAO JOSE DO RIO PRETO";"Falta de Atenção à Condução";"Colisão lateral";"Sem Vítimas";"Pleno dia";"Crescente";"Chuva";"Simples";"Rotatória";"Sim";3;0;0;0;3;0;0;2;"-20.753166";"-49.342579";"SR-SP";"DEL6/9";"UOP01/SP"
184810;2019-01-12;"sábado";"17:35:00";"PR";476;126,2;"CURITIBA";"Falta de Atenção à Condução";"Colisão lateral";"Com Vítimas Feridas";"Pleno dia";"Decrescente";"Céu Claro";"Múltipla";"Reta";"Sim";2;0;1;0;1;0;1;2;"-25.416758";"-49.223446";"SR-PR";"DEL7/1";"UOP06/PR"
184811;2019-01-12;"sábado";"19:15:00";"PR";369;153,4;"LONDRINA";"Defeito na Via";"Colisão com objeto estático";"Com Vítimas Feridas";"Anoitecer";"Decrescente";"Nublado";"Dupla";"Não Informado";"Sim";1;0;1;0;0;0;1;1;"-23.29811008";"-51.19411916";"SR-PR";"DEL7/7";"UOP01/PR"
184812;2019-01-12;"sábado";"19:05:00";"PR";376;650,8;"TIJUCAS DO SUL";"Velocidade Incompatível";"Saída de leito carroçável";"Sem Vítimas";"Pleno dia";"Crescente";"Nublado";"Dupla";"Curva";"Não";1;0;0;0;1;0;0;1;"-25.84640163";"-49.08313751";"SR-PR";"DEL7/1";"UOP08/PR"
184813;2019-01-12;"sábado";"19:00:00";"ES";101;436;"MIMOSO DO SUL";"Velocidade Incompatível";"Saída de leito carroçável";"Com Vítimas Feridas";"Anoitecer";"Crescente";"Céu Claro";"Simples";"Reta";"Não";1;0;1;0;0;0;1;1;"-21.05834796";"-41.20083424";"SR-ES";"DEL12/3";"UOP02/ES"
184814;2019-01-12;"sábado";"19:10:00";"PR";376;650,8;"TIJUCAS DO SUL";"Velocidade Incompatível";"Saída de leito carroçável";"Com Vítimas Feridas";"Pleno dia";"Crescente";"Nublado";"Dupla";"Curva";"Não";5;0;2;2;1;0;4;2;"-25.84501122";"-49.07343864";"SR-PR";"DEL7/1";"UOP08/PR"
184815;2019-01-12;"sábado";"17:50:00";"SC";280;24,8;"ARAQUARI";"Falta de Atenção à Condução";"Queda de ocupante de veículo";"Com Vítimas Feridas";"Pleno dia";"Decrescente";"Céu Claro";"Simples";"Reta";"Não";2;0;1;0;1;0;1;2;"-26.38243166";"-48.72553468";"SR-SC";"DEL8/3";"UOP03/SC"
184816;2019-01-12;"sábado";"17:15:00";"RS";386;218,7;"TIO HUGO";"Velocidade Incompatível";"Colisão traseira";"Com Vítimas Feridas";"Pleno dia";"Decrescente";"Nublado";"Simples";"Reta";"Não";5;0;2;2;1;0;4;2;"-28.601351";"-52.606323";"SR-RS";"DEL9/4";"UOP04/RS"
184817;2019-01-12;"sábado";"19:00:00";"PE";101;124;"ESCADA";"Falta de Atenção do Pedestre";"Atropelamento de Pedestre";"Com Vítimas Fatais";"Plena Noite";"Decrescente";"Céu Claro";"Dupla";"Reta";"Não";2;2;0;0;0;0;0;1;"-8.364";"-35.2189";"SR-PE";"DEL11/1";"UOP03/PE"
184818;2019-01-12;"sábado";"19:50:00";"RS";116;115;"SAO MARCOS";"Desobediência às normas de trânsito pelo condutor";"Colisão transversal";"Com Vítimas Feridas";"Anoitecer";"Decrescente";"Chuva";"Simples";"Rotatória";"Sim";2;0;1;0;1;0;1;2;"-28.97008653";"-51.07149493";"SR-RS";"DEL9/5";"UOP01/RS"
184819;2019-01-12;"sábado";"18:55:00";"BA";324;609;"SIMOES FILHO";"Defeito Mecânico no Veículo";"Queda de ocupante de veículo";"Com Vítimas Feridas";"Plena Noite";"Crescente";"Céu Claro";"Dupla";"Reta";"Não";2;0;2;0;0;0;2;1;"-12.829235";"-38.409416";"SR-BA";"DEL10/1";"UOP01/BA"
184820;2019-01-12;"sábado";"20:00:00";"RJ";101;183,6;"RIO DAS OSTRAS";"Ultrapassagem Indevida";"Colisão lateral";"Com Vítimas Feridas";"Plena Noite";"Crescente";"Ignorado";"Simples";"Curva";"Não";4;0;1;0;3;0;1;3;"-22.426775";"-42.016788";"SR-RJ";"DEL5/2";"UOP04/RJ"
184821;2019-01-12;"sábado";"16:00:00";"RJ";465;19;"NOVA IGUACU";"Falta de Atenção à Condução";"Colisão transversal";"Com Vítimas Feridas";"Pleno dia";"Decrescente";"Céu Claro";"Simples";"Interseção de vias";"Não";3;0;2;0;1;0;2;2;"-22.839184";"-43.610451";"SR-RJ";"DEL5/1";"UOP03/RJ"
184822;2019-01-12;"sábado";"19:20:00";"PB";230;36;"SANTA RITA";"Defeito na Via";"Queda de ocupante de veículo";"Com Vítimas Feridas";"Plena Noite";"Decrescente";"Céu Claro";"Dupla";"Desvio Temporário";"Sim";2;0;2;0;0;0;2;1;"-7.1246";"-34.9473";"SR-PB";"DEL14/1";"UOP01/PB"
184823;2019-01-12;"sábado";"20:00:00";"GO";60;61,8;"ABADIANIA";"Falta de Atenção à Condução";"Colisão traseira";"Com Vítimas Feridas";"Plena Noite";"Decrescente";"Nublado";"Dupla";"Reta";"Sim";1;0;1;0;0;0;1;1;"-16.1903";"-48.7114";"SR-GO";"DEL1/2";"UOP01/GO"
184824;2019-01-12;"sábado";"18:15:00";"MS";163;491,6;"CAMPO GRANDE";"Animais na Pista";"Colisão frontal";"Com Vítimas Feridas";"Pleno dia";"Decrescente";"Nublado";"Múltipla";"Reta";"Sim";2;0;0;1;1;0;1;2;"-20.38872173";"-54.54986572";"SR-MS";"DEL3/1";"UOP02/MS"
184825;2019-01-12;"sábado";"16:25:00";"PI";316;169,7;"ELESBAO VELOSO";"Ingestão de Álcool";"Saída de leito carroçável";"Com Vítimas Feridas";"Pleno dia";"Crescente";"Nublado";"Simples";"Reta";"Não";2;0;1;0;1;0;1;1;"-6.23744748";"-42.04772472";"SR-PI";"DEL17/4";"UOP02/PI"
184826;2019-01-12;"sábado";"18:45:00";"AP";210;3;"MACAPA";"Falta de Atenção à Condução";"Colisão traseira";"Com Vítimas Feridas";"Anoitecer";"Crescente";"Céu Claro";"Simples";"Curva";"Sim";3;0;1;0;2;0;1;2;"0.087255";"-51.085796";"SR-AP";"UOP01/AP";""
184827;2019-01-12;"sábado";"19:15:00";"MS";163;605;"SAO GABRIEL DO OESTE";"Defeito Mecânico no Veículo";"Queda de ocupante de veículo";"Com Vítimas Feridas";"Anoitecer";"Crescente";"Céu Claro";"Dupla";"Reta";"Não";2;0;2;0;0;0;2;1;"-19.462312";"-54.508304";"SR-MS";"DEL3/6";"UOP02/MS"
184828;2019-01-12;"sábado";"20:35:00";"MG";356;279,2;"EUGENOPOLIS";"Mal Súbito";"Queda de ocupante de veículo";"Com Vítimas Feridas";"Plena Noite";"Decrescente";"Céu Claro";"Simples";"Reta";"Não";2;0;2;0;0;0;2;1;"-21.12718441";"-42.25920266";"SR-MG";"DEL4/7";"UOP02/MG"
184829;2019-01-12;"sábado";"16:50:00";"MG";50;60;"UBERLANDIA";"Falta de Atenção à Condução";"Saída de leito carroçável";"Com Vítimas Feridas";"Pleno dia";"Crescente";"Nublado";"Dupla";"Curva";"Não";4;0;4;0;0;0;4;1;"-18.819";"-48.2497";"SR-MG";"DEL4/15";"UOP02/MG"
184830;2019-01-12;"sábado";"20:00:00";"SP";381;85;"SAO PAULO";"Falta de Atenção à Condução";"Colisão com objeto estático";"Sem Vítimas";"Plena Noite";"Crescente";"Nublado";"Dupla";"Reta";"Sim";3;0;0;0;0;3;0;1;"-23.4556615";"-46.57135953";"SR-SP";"DEL6/3";"UOP02/SP"
184831;2019-01-12;"sábado";"21:15:00";"MG";381;502;"BETIM";"Defeito na Via";"Atropelamento de Pedestre";"Com Vítimas Feridas";"Plena Noite";"Crescente";"Céu Claro";"Dupla";"Reta";"Sim";2;0;2;0;0;0;2;1;"-20.0236";"-44.2299";"SR-MG";"DEL4/1";"UOP03/MG"
184832;2019-01-12;"sábado";"20:30:00";"AL";423;77;"AGUA BRANCA";"Ingestão de Álcool";"Colisão lateral";"Sem Vítimas";"Plena Noite";"Decrescente";"Céu Claro";"Simples";"Reta";"Não";2;0;0;0;2;0;0;2;"-9.321755";"-37.96011";"SR-AL";"DEL13/3";"UOP02/AL"
184833;2019-01-12;"sábado";"20:30:00";"PE";232;526,2;"SALGUEIRO";"Falta de Atenção à Condução";"Queda de ocupante de veículo";"Com Vítimas Feridas";"Plena Noite";"Crescente";"Céu Claro";"Simples";"Reta";"Não";3;0;3;0;0;0;3;1;"-8.070741";"-39.277275";"SR-PE";"DEL11/5";"UOP01/PE"
184834;2019-01-12;"sábado";"18:00:00";"MG";381;496;"BETIM";"Desobediência às normas de trânsito pelo condutor";"Colisão traseira";"Com Vítimas Feridas";"Pleno dia";"Crescente";"Céu Claro";"Dupla";"Reta";"Não";3;0;2;0;1;0;2;2;"-19.9793";"-44.2002";"SR-MG";"DEL4/1";"UOP03/MG"
184836;2019-01-12;"sábado";"18:10:00";"RS";290;417,9;"SAO GABRIEL";"Ingestão de Álcool";"Colisão com objeto estático";"Sem Vítimas";"Pleno dia";"Crescente";"Nublado";"Simples";"Reta";"Sim";1;0;0;0;1;0;0;1;"-30.35628643";"-54.32361603";"SR-RS";"DEL9/9";"UOP02/RS"
184837;2019-01-12;"sábado";"21:20:00";"GO";158;271,2;"JATAI";"Ingestão de Álcool";"Colisão transversal";"Sem Vítimas";"Plena Noite";"Decrescente";"Céu Claro";"Simples";"Reta";"Sim";4;0;0;0;4;0;0;2;"-17.89022375";"-51.73767686";"SR-GO";"DEL1/5";"UOP01/GO"
184838;2019-01-12;"sábado";"20:40:00";"MG";116;137,4;"PONTO DOS VOLANTES";"Desobediência às normas de trânsito pelo condutor";"Colisão transversal";"Com Vítimas Feridas";"Plena Noite";"Crescente";"Céu Claro";"Simples";"Reta";"Sim";2;0;1;0;1;0;1;2;"-16.75093181";"-41.50374055";"SR-MG";"DEL4/11";"UOP02/MG"
184839;2019-01-12;"sábado";"22:00:00";"ES";101;164;"LINHARES";"Desobediência às normas de trânsito pelo condutor";"Colisão frontal";"Com Vítimas Fatais";"Plena Noite";"Decrescente";"Nublado";"Simples";"Reta";"Não";2;1;1;0;0;0;1;2;"-19.49183863";"-40.1279068";"SR-ES";"DEL12/4";"UOP01/ES"
184840;2019-01-12;"sábado";"21:00:00";"GO";60;90;"ANAPOLIS";"Ingestão de Álcool";"Colisão traseira";"Sem Vítimas";"Plena Noite";"Crescente";"Nublado";"Dupla";"Reta";"Sim";1;0;0;0;1;0;0;1;"-16.3427";"-48.9019";"SR-GO";"DEL1/2";"UOP01/GO"
184841;2019-01-12;"sábado";"21:00:00";"MA";10;287;"IMPERATRIZ";"Condutor Dormindo";"Saída de leito carroçável";"Com Vítimas Feridas";"Plena Noite";"Decrescente";"Céu Claro";"Simples";"Não Informado";"Não";1;0;1;0;0;0;1;1;"-5.224538";"-47.513737";"SR-MA";"DEL18/4";"UOP01/MA"
184843;2019-01-12;"sábado";"21:20:00";"BA";101;888;"CARAVELAS";"Falta de Atenção à Condução";"Saída de leito carroçável";"Com Vítimas Feridas";"Plena Noite";"Crescente";"Céu Claro";"Simples";"Não Informado";"Não";1;0;1;0;0;0;1;1;"-17.6221";"-39.7667";"SR-BA";"DEL10/9";"UOP03/BA"
184844;2019-01-12;"sábado";"21:55:00";"RS";116;51,4;"VACARIA";"Velocidade Incompatível";"Saída de leito carroçável";"Com Vítimas Feridas";"Plena Noite";"Decrescente";"Chuva";"Simples";"Curva";"Não";1;0;1;0;0;0;1;1;"-28.57772887";"-51.02208495";"SR-RS";"DEL9/5";"UOP03/RS"
184845;2019-01-12;"sábado";"21:50:00";"GO";153;513,2;"APARECIDA DE GOIANIA";"Falta de Atenção à Condução";"Colisão com objeto estático";"Com Vítimas Feridas";"Plena Noite";"Crescente";"Nublado";"Dupla";"Retorno Regulamentado";"Sim";1;0;0;1;0;0;1;1;"-16.8315";"-49.2434";"SR-GO";"DEL1/1";"UOP03/GO"
184846;2019-01-12;"sábado";"20:50:00";"MG";356;265,9;"MURIAE";"Ingestão de Álcool";"Queda de ocupante de veículo";"Com Vítimas Feridas";"Plena Noite";"Crescente";"Céu Claro";"Simples";"Reta";"Sim";1;0;1;0;0;0;1;1;"-21.125526";"-42.375477";"SR-MG";"DEL4/7";"UOP02/MG"
184847;2019-01-12;"sábado";"21:50:00";"MG";40;512,4;"RIBEIRAO DAS NEVES";"Avarias e/ou desgaste excessivo no pneu";"Tombamento";"Com Vítimas Feridas";"Plena Noite";"Decrescente";"Céu Claro";"Dupla";"Não Informado";"Não";2;0;2;0;0;0;2;1;"-19.7985";"-44.1048";"SR-MG";"DEL4/1";"UOP03/MG"
184848;2019-01-12;"sábado";"22:45:00";"RS";386;342,7;"LAJEADO";"Falta de Atenção à Condução";"Colisão traseira";"Com Vítimas Feridas";"Plena Noite";"Crescente";"Nublado";"Simples";"Reta";"Sim";2;0;1;0;1;0;1;2;"-29.431631";"-52.011932";"SR-RS";"DEL9/4";"UOP01/RS"
184850;2019-01-12;"sábado";"22:40:00";"GO";40;8;"LUZIANIA";"Falta de Atenção à Condução";"Saída de leito carroçável";"Sem Vítimas";"Plena Noite";"Decrescente";"Céu Claro";"Dupla";"Reta";"Sim";1;0;0;0;1;0;0;1;"-16.116158";"-47.96761";"SR-DF";"GO";"UOP01/DF"
184851;2019-01-12;"sábado";"21:20:00";"PI";316;7,8;"TERESINA";"Ingestão de Álcool";"Colisão frontal";"Sem Vítimas";"Plena Noite";"Decrescente";"Céu Claro";"Simples";"Interseção de vias";"Sim";2;0;0;0;2;0;0;2;"-5.155847";"-42.771732";"SR-PI";"DEL17/1";"UOP02/PI"
184852;2019-01-12;"sábado";"22:00:00";"MG";153;21;"CENTRALINA";"Falta de Atenção à Condução";"Queda de ocupante de veículo";"Com Vítimas Feridas";"Plena Noite";"Decrescente";"Nublado";"Dupla";"Reta";"Não";1;0;0;1;0;0;1;1;"-18.6138";"-49.1915";"SR-MG";"DEL4/15";"UOP03/MG"
184853;2019-01-12;"sábado";"22:00:00";"MG";153;121;"PRATA";"Falta de Atenção à Condução";"Colisão traseira";"Sem Vítimas";"Plena Noite";"Decrescente";"Nublado";"Simples";"Não Informado";"Não";1;0;0;0;1;0;0;1;"-19.44263688";"-48.88881683";"SR-MG";"DEL4/15";"UOP03/MG"
184855;2019-01-12;"sábado";"22:00:00";"MS";267;479,5;"JARDIM";"Falta de Atenção à Condução";"Queda de ocupante de veículo";"Com Vítimas Feridas";"Plena Noite";"Decrescente";"Céu Claro";"Simples";"Reta";"Sim";1;0;1;0;0;0;1;1;"-21.46999403";"-56.1324371";"SR-MS";"DEL3/5";"UOP01/MS"
184856;2019-01-12;"sábado";"22:40:00";"PA";163;999;"SANTAREM";"Falta de Atenção à Condução";"Colisão traseira";"Com Vítimas Feridas";"Plena Noite";"Decrescente";"Céu Claro";"Simples";"Reta";"Não";2;0;0;1;1;0;1;2;"-2.4832093";"-54.73141238";"SR-PA";"DEL19/5";"UOP01/PA"
184857;2019-01-12;"sábado";"21:00:00";"PI";230;307;"FLORIANO";"Velocidade Incompatível";"Colisão transversal";"Com Vítimas Feridas";"Plena Noite";"Crescente";"Céu Claro";"Simples";"Curva";"Sim";2;0;1;0;1;0;1;2;"-6.78706545";"-42.99309611";"SR-PI";"DEL17/3";"UOP01/PI"
184858;2019-01-12;"sábado";"21:50:00";"RJ";116;174;"NOVA IGUACU";"Falta de Atenção à Condução";"Colisão lateral";"Com Vítimas Feridas";"Plena Noite";"Crescente";"Nublado";"Múltipla";"Reta";"Sim";5;0;0;1;2;2;1;2;"-22.76843897";"-43.41014052";"SR-RJ";"DEL5/1";"UOP02/RJ"
184861;2019-01-12;"sábado";"17:45:00";"MG";262;435;"NOVA SERRANA";"Defeito Mecânico no Veículo";"Queda de ocupante de veículo";"Com Vítimas Feridas";"Pleno dia";"Decrescente";"Céu Claro";"Dupla";"Reta";"Sim";2;0;1;1;0;0;2;1;"-19.8799";"-44.9153";"SR-MG";"DEL4/8";"UOP03/MG"
184862;2019-01-12;"sábado";"21:40:00";"RJ";101;491,8;"ANGRA DOS REIS";"Desobediência às normas de trânsito pelo condutor";"Colisão frontal";"Com Vítimas Feridas";"Plena Noite";"Decrescente";"Céu Claro";"Simples";"Não Informado";"Não";2;0;0;2;0;0;2;2;"-22.94244275";"-44.3254298";"SR-RJ";"DEL5/3";"UOP02/RJ"
184863;2019-01-13;"domingo";"00:20:00";"SP";116;297;"ITAPECERICA DA SERRA";"Defeito na Via";"Colisão com objeto estático";"Com Vítimas Feridas";"Plena Noite";"Decrescente";"Nublado";"Dupla";"Curva";"Não";3;0;1;1;0;1;2;2;"-23.77138722";"-46.91166783";"SR-SP";"DEL6/4";"UOP01/SP"
184864;2019-01-12;"sábado";"10:40:00";"PA";222;110;"RONDON DO PARA";"Velocidade Incompatível";"Saída de leito carroçável";"Com Vítimas Fatais";"Plena Noite";"Crescente";"Céu Claro";"Simples";"Curva";"Não";1;1;0;0;0;0;0;1;"-4.792474";"-48.111012";"SR-PA";"DEL19/2";"UOP03/PA"
184865;2019-01-13;"domingo";"00:15:00";"GO";60;136,5;"GOIANIA";"Falta de Atenção à Condução";"Saída de leito carroçável";"Com Vítimas Feridas";"Plena Noite";"Crescente";"Nublado";"Simples";"Reta";"Sim";3;0;3;0;0;0;3;1;"-16.5959";"-49.1965";"SR-GO";"DEL1/1";"UOP01/GO"
184866;2019-01-13;"domingo";"23:20:00";"PB";230;3,5;"CABEDELO";"Velocidade Incompatível";"Saída de leito carroçável";"Com Vítimas Feridas";"Plena Noite";"Decrescente";"Céu Claro";"Dupla";"Reta";"Sim";1;0;0;1;0;0;1;1;"-7.00048483";"-34.82833385";"SR-PB";"DEL14/1";"UOP01/PB"
184867;2019-01-13;"domingo";"01:00:00";"GO";20;180;"ALVORADA DO NORTE";"Ultrapassagem Indevida";"Colisão frontal";"Com Vítimas Feridas";"Plena Noite";"Decrescente";"Céu Claro";"Simples";"Não Informado";"Sim";2;0;1;0;1;0;1;2;"-14.477743";"-46.492165";"SR-DF";"GO";"UOP05/DF"
184868;2019-01-13;"domingo";"01:30:00";"PR";116;15,1;"COLOMBO";"Desobediência às normas de trânsito pelo pedestre";"Atropelamento de Pedestre";"Com Vítimas Fatais";"Plena Noite";"Decrescente";"Céu Claro";"Dupla";"Reta";"Sim";2;1;0;1;0;0;1;1;"-25.3840895";"-49.16944563";"SR-PR";"DEL7/1";"UOP02/PR"
184869;2019-01-13;"domingo";"00:05:00";"ES";101;18;"PEDRO CANARIO";"Falta de Atenção à Condução";"Queda de ocupante de veículo";"Com Vítimas Feridas";"Plena Noite";"Decrescente";"Céu Claro";"Simples";"Curva";"Não";1;0;1;0;0;0;1;1;"-18.313208";"-39.953465";"SR-ES";"DEL12/4";"UOP02/ES"
184870;2019-01-12;"sábado";"19:00:00";"MA";316;551,1;"CAXIAS";"Falta de Atenção do Pedestre";"Atropelamento de Pedestre";"Com Vítimas Feridas";"Plena Noite";"Crescente";"Céu Claro";"Simples";"Reta";"Não";2;0;1;1;0;0;2;1;"-4.886332";"-43.353386";"SR-MA";"DEL18/3";"UOP02/MA"
184871;2019-01-13;"domingo";"00:50:00";"SP";153;61,9;"SAO JOSE DO RIO PRETO";"Ingestão de Álcool";"Saída de leito carroçável";"Sem Vítimas";"Plena Noite";"Decrescente";"Nublado";"Dupla";"Não Informado";"Sim";1;0;0;0;1;0;0;1;"-20.805029";"-49.355747";"SR-SP";"DEL6/9";"UOP01/SP"
184872;2019-01-13;"domingo";"01:15:00";"PR";277;102;"CURITIBA";"Ingestão de Álcool";"Saída de leito carroçável";"Sem Vítimas";"Plena Noite";"Decrescente";"Céu Claro";"Dupla";"Reta";"Sim";1;0;0;0;1;0;0;1;"-25.42745045";"-49.38664824";"SR-PR";"DEL7/1";"UOP04/PR"
184874;2019-01-13;"domingo";"02:50:00";"MG";50;162,6;"UBERABA";"Condutor Dormindo";"Saída de leito carroçável";"Com Vítimas Feridas";"Plena Noite";"Crescente";"Céu Claro";"Dupla";"Curva";"Não";1;0;1;0;0;0;1;1;"-19.6762";"-47.996";"SR-MG";"DEL13";"UOP01/MG"
184875;2019-01-13;"domingo";"02:45:00";"PR";476;345,1;"PAULA FREITAS";"Desobediência às normas de trânsito pelo condutor";"Colisão frontal";"Com Vítimas Fatais";"Plena Noite";"Decrescente";"Garoa/Chuvisco";"Simples";"Curva";"Não";2;1;1;0;0;0;1;2;"-26.18162922";"-50.93639374";"SR-PR";"DEL7/2";"UOP02/PR"