"id";"data_inversa";"dia_semana";"horario";"uf";"br";"km";"municipio";"causa_acidente";"tipo_acidente";"classificacao_acidente";"fase_dia";"sentido_via";"condicao_metereologica";"tipo_pista";"tracado_via";"uso_solo";"pessoas";"mortos";"feridos_leves";"feridos_graves";"ilesos";"ignorados";"feridos";"veiculos";"latitude";"longitude";"regional";"delegacia";"uop"
185946;2019-01-18;"sexta-feira";"14:15:00";"PE";232;17,1;"JABOATAO DOS GUARARAPES";"Falta de Atenção à Condução";"Colisão lateral";"Com Vítimas Feridas";"Pleno dia";"Decrescente";"Sol";"Dupla";"Retorno Regulamentado";"Sim";5;0;3;0;2;0;3;4;"-8.095657";"-35.045834";"SR-PE";"DEL11/1";"UOP01/PE"
185947;2019-01-18;"sexta-feira";"15:20:00";"MG";381;505,5;"BETIM";"Falta de Atenção à Condução";"Colisão lateral";"Sem Vítimas";"Pleno dia";"Decrescente";"Sol";"Dupla";"Não Informado";"Não";2;0;0;0;1;1;0;2;"-20.0384";"-44.2529";"SR-MG";"DEL4/1";"UOP03/MG"
185948;2019-01-18;"sexta-feira";"15:04:00";"MG";50;19,1;"UBERLANDIA";"Falta de Atenção à Condução";"Colisão traseira";"Com Vítimas Feridas";"Pleno dia";"Decrescente";"Céu Claro";"Dupla";"Reta";"Não";4;0;0;1;3;0;1;2;"-18.933435";"-48.199319";"SR-MG";"DEL4/15";"UOP02/MG"
185949;2019-01-18;"sexta-feira";"10:30:00";"MG";365;614,2;"UBERLANDIA";"Carga excessiva e/ou mal acondicionada";"Colisão com objeto estático";"Sem Vítimas";"Pleno dia";"Crescente";"Céu Claro";"Simples";"Reta";"Sim";1;0;0;0;1;0;0;1;"-18.8974";"-48.2715";"SR-MG";"DEL4/15";"UOP01/MG"
185950;2019-01-18;"sexta-feira";"14:30:00";"MG";381;390,3;"BARAO DE COCAIS";"Defeito Mecânico no Veículo";"Incêndio";"Sem Vítimas";"Pleno dia";"Crescente";"Céu Claro";"Simples";"Reta";"Não";1;0;0;0;1;0;0;1;"-19.80647945";"-43.40209544";"SR-MG";"DEL4/1";"UOP01/MG"
185951;2019-01-18;"sexta-feira";"16:00:00";"ES";262;5,8;"CARIACICA";"Falta de Atenção à Condução";"Colisão transversal";"Com Vítimas Feridas";"Pleno dia";"Crescente";"Céu Claro";"Múltipla";"Não Informado";"Sim";4;0;0;2;2;0;2;3;"-20.3374";"-40.3859";"SR-ES";"DEL12/1";"UOP01/ES"
185952;2019-01-18;"sexta-feira";"13:40:00";"MG";356;267,5;"MURIAE";"Falta de Atenção à Condução";"Colisão transversal";"Com Vítimas Feridas";"Pleno dia";"Decrescente";"Céu Claro";"Simples";"Interseção de vias";"Sim";2;0;1;0;1;0;1;2;"-21.125526";"-42.375477";"SR-MG";"DEL4/7";"UOP02/MG"
185953;2019-01-18;"sexta-feira";"15:20:00";"RJ";101;111,5;"CAMPOS DOS GOYTACAZES";"Velocidade Incompatível";"Saída de leito carroçável";"Com Vítimas Feridas";"Pleno dia";"Decrescente";"Céu Claro";"Dupla";"Reta";"Não";1;0;0;1;0;0;1;1;"-21.962559";"-41.64819";"SR-RJ";"DEL5/8";"UOP02/RJ"
185954;2019-01-18;"sexta-feira";"15:50:00";"GO";40;29,6;"LUZIANIA";"Desobediência às normas de trânsito pelo condutor";"Colisão lateral";"Com Vítimas Feridas";"Pleno dia";"Crescente";"Céu Claro";"Dupla";"Reta";"Não";3;0;1;0;2;0;1;2;"-16.273718";"-47.871456";"SR-DF";"GO";"UOP01/DF"
185955;2019-01-18;"sexta-feira";"15:00:00";"GO";40;91,7;"CRISTALINA";"Falta de Atenção à Condução";"Colisão traseira";"Sem Vítimas";"Pleno dia";"Decrescente";"Céu Claro";"Simples";"Reta";"Sim";2;0;0;0;2;0;0;2;"-16.72736";"-47.634957";"SR-DF";"GO";"UOP02/DF"
185957;2019-01-18;"sexta-feira";"16:10:00";"SP";381;47;"ATIBAIA";"Falta de Atenção à Condução";"Colisão traseira";"Com Vítimas Feridas";"Pleno dia";"Decrescente";"Céu Claro";"Dupla";"Reta";"Não";2;0;1;0;1;0;1;2;"-23.138622";"-46.575844";"SR-SP";"DEL6/3";"UOP02/SP"
185959;2019-01-18;"sexta-feira";"16:00:00";"SP";153;25,5;"NOVA GRANADA";"Avarias e/ou desgaste excessivo no pneu";"Tombamento";"Com Vítimas Feridas";"Pleno dia";"Decrescente";"Sol";"Simples";"Curva";"Não";1;0;1;0;0;0;1;1;"-20.496851";"-49.315945";"SR-SP";"DEL6/9";"UOP01/SP"
185960;2019-01-18;"sexta-feira";"16:40:00";"GO";364;387;"SANTA RITA DO ARAGUAIA";"Ingestão de álcool e/ou substâncias psicoativas pelo pedestre";"Colisão com objeto estático";"Com Vítimas Feridas";"Pleno dia";"Crescente";"Céu Claro";"Dupla";"Reta";"Sim";3;0;1;0;2;0;1;3;"-17.332624";"-53.195534";"SR-GO";"DEL1/5";"UOP01/GO"
185961;2019-01-18;"sexta-feira";"16:40:00";"GO";20;1,8;"FORMOSA";"Desobediência às normas de trânsito pelo condutor";"Colisão transversal";"Com Vítimas Feridas";"Pleno dia";"Decrescente";"Chuva";"Simples";"Reta";"Sim";7;0;0;1;6;0;1;6;"-15.579424";"-47.334297";"SR-DF";"GO";"UOP04/DF"
185963;2019-01-18;"sexta-feira";"14:10:00";"PE";232;18;"JABOATAO DOS GUARARAPES";"Não guardar distância de segurança";"Colisão traseira";"Sem Vítimas";"Pleno dia";"Decrescente";"Céu Claro";"Dupla";"Reta";"Não";2;0;0;0;2;0;0;2;"-8.096965";"-35.054508";"SR-PE";"DEL11/1";"UOP01/PE"
185964;2019-01-18;"sexta-feira";"17:00:00";"GO";153;527,5;"HIDROLANDIA";"Pista Escorregadia";"Saída de leito carroçável";"Com Vítimas Feridas";"Pleno dia";"Crescente";"Chuva";"Dupla";"Curva";"Não";4;0;3;0;1;0;3;1;"-16.9533";"-49.2437";"SR-GO";"DEL1/1";"UOP03/GO"
185965;2019-01-18;"sexta-feira";"17:00:00";"RS";116;142,8;"CAXIAS DO SUL";"Desobediência às normas de trânsito pelo condutor";"Colisão transversal";"Sem Vítimas";"Pleno dia";"Crescente";"Sol";"Dupla";"Curva";"Sim";2;0;0;0;2;0;0;2;"-29.11727";"-51.115208";"SR-RS";"DEL9/5";"UOP01/RS"
185966;2019-01-18;"sexta-feira";"17:10:00";"RJ";465;21,1;"NOVA IGUACU";"Desobediência às normas de trânsito pelo condutor";"Colisão transversal";"Com Vítimas Feridas";"Pleno dia";"Crescente";"Céu Claro";"Simples";"Reta";"Sim";3;0;1;0;2;0;1;2;"-22.854782";"-43.601933";"SR-RJ";"DEL5/1";"UOP03/RJ"
185967;2019-01-18;"sexta-feira";"15:45:00";"SC";101;163;"TIJUCAS";"Falta de Atenção à Condução";"Colisão lateral";"Com Vítimas Feridas";"Pleno dia";"Decrescente";"Sol";"Simples";"Viaduto";"Não";2;0;1;0;1;0;1;2;"-27.2414";"-48.6306";"SR-SC";"DEL8/4";"UOP03/SC"
185968;2019-01-18;"sexta-feira";"16:30:00";"SC";101;150,5;"ITAPEMA";"Defeito Mecânico no Veículo";"Tombamento";"Com Vítimas Feridas";"Pleno dia";"Decrescente";"Céu Claro";"Dupla";"Reta";"Sim";2;0;1;1;0;0;2;1;"-27.1267";"-48.6095";"SR-SC";"DEL8/4";"UOP03/SC"
185969;2019-01-18;"sexta-feira";"11:00:00";"MG";116;358;"JAMPRUCA";"Desobediência às normas de trânsito pelo condutor";"Saída de leito carroçável";"Com Vítimas Feridas";"Pleno dia";"Crescente";"Céu Claro";"Simples";"Reta";"Não";2;0;2;0;0;0;2;1;"-18.441607";"-41.834848";"SR-MG";"DEL4/11";"UOP01/MG"
185970;2019-01-18;"sexta-feira";"17:20:00";"RS";116;243;"SAO LEOPOLDO";"Falta de Atenção à Condução";"Tombamento";"Com Vítimas Feridas";"Pleno dia";"Crescente";"Nublado";"Dupla";"Reta";"Sim";1;0;0;1;0;0;1;1;"-29.72715401";"-51.14918947";"SR-RS";"DEL9/1";"UOP02/RS"
185972;2019-01-18;"sexta-feira";"17:50:00";"DF";70;11,5;"BRASILIA";"Falta de Atenção à Condução";"Colisão traseira";"Com Vítimas Feridas";"Pleno dia";"Crescente";"Céu Claro";"Dupla";"Reta";"Não";2;0;1;0;1;0;1;2;"-15.789762";"-48.148727";"SR-DF";"DF";"UOP06/DF"
185973;2019-01-18;"sexta-feira";"17:25:00";"SC";101;147;"ITAPEMA";"Falta de Atenção à Condução";"Tombamento";"Com Vítimas Feridas";"Pleno dia";"Decrescente";"Nublado";"Simples";"Curva";"Sim";1;0;1;0;0;0;1;1;"-27.1012";"-48.618";"SR-SC";"DEL8/4";"UOP03/SC"
185977;2019-01-18;"sexta-feira";"17:11:00";"SP";116;142,5;"SAO JOSE DOS CAMPOS";"Não guardar distância de segurança";"Colisão traseira";"Com Vítimas Feridas";"Pleno dia";"Decrescente";"Chuva";"Dupla";"Reta";"Sim";3;0;1;0;2;0;1;2;"-23.174294";"-45.829464";"SR-SP";"DEL6";"UOP02/SP"
185982;2019-01-18;"sexta-feira";"10:11:00";"RJ";101;319;"SAO GONCALO";"Falta de Atenção à Condução";"Colisão traseira";"Com Vítimas Feridas";"Pleno dia";"Crescente";"Sol";"Dupla";"Reta";"Não";3;0;1;0;2;0;1;2;"-22.854151";"-43.101822";"SR-RJ";"DEL5/2";"UOP02/RJ"
185984;2019-01-18;"sexta-feira";"18:10:00";"ES";101;314,7;"VILA VELHA";"Falta de Atenção à Condução";"Capotamento";"Com Vítimas Feridas";"Pleno dia";"Crescente";"Céu Claro";"Simples";"Reta";"Não";1;0;1;0;0;0;1;1;"-20.46579192";"-40.4657954";"SR-ES";"DEL12/3";"UOP01/ES"
185986;2019-01-18;"sexta-feira";"17:30:00";"PR";369;154,8;"LONDRINA";"Desobediência às normas de trânsito pelo condutor";"Colisão transversal";"Com Vítimas Feridas";"Pleno dia";"Crescente";"Céu Claro";"Múltipla";"Retorno Regulamentado";"Sim";2;0;1;0;1;0;1;2;"-23.29487524";"-51.2098074";"SR-PR";"DEL7/7";"UOP01/PR"
185988;2019-01-18;"sexta-feira";"16:17:00";"BA";116;823;"VITORIA DA CONQUISTA";"Desobediência às normas de trânsito pelo condutor";"Colisão transversal";"Com Vítimas Feridas";"Pleno dia";"Decrescente";"Sol";"Dupla";"Reta";"Sim";3;0;1;0;1;1;1;2;"-14.85900052";"-40.84944555";"SR-BA";"DEL10/8";"UOP01/BA"
185989;2019-01-18;"sexta-feira";"18:10:00";"SC";101;202,8;"SAO JOSE";"Falta de Atenção à Condução";"Colisão traseira";"Com Vítimas Feridas";"Pleno dia";"Decrescente";"Nublado";"Múltipla";"Reta";"Sim";2;0;1;0;1;0;1;2;"-27.5651";"-48.6144";"SR-SC";"DEL8/1";"UOP01/SC"
185990;2019-01-18;"sexta-feira";"17:40:00";"SP";116;148;"SAO JOSE DOS CAMPOS";"Não guardar distância de segurança";"Colisão transversal";"Com Vítimas Feridas";"Anoitecer";"Decrescente";"Chuva";"Múltipla";"Reta";"Sim";3;0;2;0;1;0;2;2;"-23.200743";"-45.879574";"SR-SP";"DEL6/2";"UOP01/SP"
185991;2019-01-18;"sexta-feira";"16:40:00";"RN";406;152,4;"CEARA-MIRIM";"Avarias e/ou desgaste excessivo no pneu";"Saída de leito carroçável";"Com Vítimas Feridas";"Anoitecer";"Decrescente";"Céu Claro";"Simples";"Reta";"Não";2;0;2;0;0;0;2;1;"-5.65642";"-35.416783";"SR-RN";"DEL15/2";"UOP01/RN"
185992;2019-01-18;"sexta-feira";"17:15:00";"MT";163;511;"DIAMANTINO";"Falta de Atenção à Condução";"Saída de leito carroçável";"Sem Vítimas";"Pleno dia";"Crescente";"Chuva";"Simples";"Reta";"Não";1;0;0;0;1;0;0;1;"-14.52210654";"-56.21910095";"SR-MT";"DEL2/4";"UOP01/MT"
185993;2019-01-18;"sexta-feira";"14:15:00";"MT";70;264;"PRIMAVERA DO LESTE";"Defeito na Via";"Saída de leito carroçável";"Sem Vítimas";"Pleno dia";"Decrescente";"Céu Claro";"Simples";"Reta";"Não";2;0;0;0;2;0;0;1;"-15.570728";"-54.191246";"SR-MT";"DEL2/5";"UOP01/MT"
185994;2019-01-18;"sexta-feira";"17:00:00";"BA";415;51,8;"ITABUNA";"Falta de Atenção do Pedestre";"Atropelamento de Pedestre";"Com Vítimas Feridas";"Pleno dia";"Crescente";"Sol";"Simples";"Reta";"Não";2;0;1;0;1;0;1;1;"-14.814651";"-39.296741";"SR-BA";"DEL10/5";"UOP01/BA"
185995;2019-01-18;"sexta-feira";"17:35:00";"MT";163;545;"DIAMANTINO";"Defeito na Via";"Tombamento";"Com Vítimas Feridas";"Anoitecer";"Crescente";"Céu Claro";"Simples";"Reta";"Não";1;0;1;0;0;0;1;1;"-14.25440073";"-56.14048004";"SR-MT";"DEL2/4";"UOP01/MT"
185996;2019-01-18;"sexta-feira";"18:05:00";"PR";277;694;"SAO MIGUEL DO IGUACU";"Fenômenos da Natureza";"Colisão transversal";"Com Vítimas Feridas";"Pleno dia";"Decrescente";"Chuva";"Dupla";"Desvio Temporário";"Não";5;0;1;0;4;0;1;2;"-25.377277";"-54.278534";"SR-PR";"DEL7/5";"UOP01/PR"
185997;2019-01-18;"sexta-feira";"18:40:00";"PR";369;138,5;"IBIPORA";"Desobediência às normas de trânsito pelo condutor";"Colisão traseira";"Com Vítimas Feridas";"Pleno dia";"Crescente";"Nublado";"Dupla";"Reta";"Sim";2;0;1;0;1;0;1;2;"-23.27369186";"-51.05470061";"SR-PR";"DEL7/7";"UOP01/PR"
185998;2019-01-18;"sexta-feira";"18:15:00";"RJ";40;122;"DUQUE DE CAXIAS";"Falta de Atenção à Condução";"Queda de ocupante de veículo";"Com Vítimas Feridas";"Plena Noite";"Decrescente";"Céu Claro";"Múltipla";"Reta";"Não";2;0;2;0;0;0;2;1;"-22.7968";"-43.2889";"SR-RJ";"DEL5/1";"UOP01/RJ"
185999;2019-01-18;"sexta-feira";"18:45:00";"PR";376;283,4;"MARILANDIA DO SUL";"Desobediência às normas de trânsito pelo condutor";"Colisão lateral";"Sem Vítimas";"Pleno dia";"Crescente";"Céu Claro";"Simples";"Curva";"Não";3;0;0;0;3;0;0;2;"-23.844998";"-51.256663";"SR-PR";"DEL7/7";"UOP02/PR"
186000;2019-01-18;"sexta-feira";"18:50:00";"MG";381;872,9;"ESTIVA";"Velocidade Incompatível";"Colisão com objeto estático";"Com Vítimas Feridas";"Anoitecer";"Crescente";"Chuva";"Simples";"Não Informado";"Não";3;0;3;0;0;0;3;1;"-22.4133";"-45.961";"SR-MG";"DEL09";"UOP01/MG"
186001;2019-01-18;"sexta-feira";"18:50:00";"GO";40;1,8;"VALPARAISO DE GOIAS";"Desobediência às normas de trânsito pelo condutor";"Colisão transversal";"Com Vítimas Feridas";"Anoitecer";"Crescente";"Nublado";"Dupla";"Reta";"Sim";2;0;1;0;1;0;1;2;"-16.058245";"-47.982825";"SR-DF";"GO";"UOP01/DF"
186003;2019-01-18;"sexta-feira";"17:50:00";"CE";116;16;"FORTALEZA";"Não guardar distância de segurança";"Colisão traseira";"Com Vítimas Feridas";"Plena Noite";"Crescente";"Céu Claro";"Dupla";"Reta";"Não";2;0;0;1;1;0;1;2;"-3.8998";"-38.5038";"SR-CE";"DEL16/1";"UOP02/CE"
186004;2019-01-18;"sexta-feira";"18:00:00";"PR";369;406,5;"MAMBORE";"Não guardar distância de segurança";"Colisão traseira";"Com Vítimas Feridas";"Pleno dia";"Decrescente";"Nublado";"Simples";"Desvio Temporário";"Não";4;0;1;0;3;0;1;2;"-24.3329";"-52.6682";"SR-PR";"DEL7/4";"UOP04/PR"
186005;2019-01-18;"sexta-feira";"16:45:00";"CE";NA;NA;"FORTALEZA";"Defeito Mecânico no Veículo";"Colisão com objeto estático";"Sem Vítimas";"Pleno dia";"Não Informado";"Nublado";"Simples";"Não Informado";"Sim";5;0;0;0;3;2;0;3;"-3.74484893";"-38.58854413";"SR-CE";"CE";"SRPRF/CE"
186006;2019-01-18;"sexta-feira";"18:40:00";"MG";40;510;"RIBEIRAO DAS NEVES";"Falta de Atenção à Condução";"Queda de ocupante de veículo";"Com Vítimas Feridas";"Pleno dia";"Decrescente";"Céu Claro";"Dupla";"Reta";"Não";1;0;1;0;0;0;1;1;"-19.7844";"-44.1152";"SR-MG";"DEL4/1";"UOP03/MG"
186007;2019-01-18;"sexta-feira";"19:10:00";"MG";262;129,1;"RIO CASCA";"Avarias e/ou desgaste excessivo no pneu";"Saída de leito carroçável";"Com Vítimas Feridas";"Anoitecer";"Crescente";"Céu Claro";"Simples";"Curva";"Não";4;0;4;0;0;0;4;1;"-20.16394";"-42.697762";"SR-MG";"DEL4/3";"UOP03/MG"
186008;2019-01-18;"sexta-feira";"18:45:00";"RS";116;495,4;"PELOTAS";"Pista Escorregadia";"Saída de leito carroçável";"Sem Vítimas";"Pleno dia";"Crescente";"Chuva";"Simples";"Não Informado";"Não";6;0;0;0;6;0;0;1;"-31.64636715";"-52.33062744";"SR-RS";"DEL9/7";"UOP01/RS"
186009;2019-01-18;"sexta-feira";"12:00:00";"RJ";101;507;"ANGRA DOS REIS";"Ultrapassagem Indevida";"Colisão lateral";"Com Vítimas Fatais";"Pleno dia";"Crescente";"Sol";"Simples";"Reta";"Sim";3;1;0;0;2;0;0;2;"-22.93981955";"-44.41815376";"SR-RJ";"DEL5/3";"UOP03/RJ"
186010;2019-01-18;"sexta-feira";"18:20:00";"RJ";393;162;"TRES RIOS";"Velocidade Incompatível";"Tombamento";"Com Vítimas Feridas";"Pleno dia";"Decrescente";"Sol";"Simples";"Curva";"Não";1;0;0;1;0;0;1;1;"-22.12020256";"-43.13339174";"SR-RJ";"DEL5/6";"UOP02/RJ"
186011;2019-01-18;"sexta-feira";"19:30:00";"SP";116;154;"SAO JOSE DOS CAMPOS";"Falta de Atenção à Condução";"Colisão lateral";"Com Vítimas Feridas";"Anoitecer";"Crescente";"Chuva";"Dupla";"Desvio Temporário";"Sim";2;0;1;0;0;1;1;2;"-23.241701";"-45.92358112";"SR-SP";"DEL6/2";"UOP01/SP"
186012;2019-01-18;"sexta-feira";"19:10:00";"PR";277;681;"SAO MIGUEL DO IGUACU";"Pista Escorregadia";"Saída de leito carroçável";"Com Vítimas Fatais";"Anoitecer";"Decrescente";"Chuva";"Dupla";"Desvio Temporário";"Não";3;1;0;1;1;0;1;1;"-25.327219";"-54.173519";"SR-PR";"DEL7/5";"UOP01/PR"
186013;2019-01-18;"sexta-feira";"15:30:00";"RO";364;423;"JARU";"Falta de Atenção à Condução";"Colisão traseira";"Com Vítimas Feridas";"Pleno dia";"Decrescente";"Céu Claro";"Simples";"Reta";"Sim";2;0;1;0;1;0;1;2;"-10.452208";"-62.46072";"SR-RO";"DEL21/3";"UOP02/RO"
186014;2019-01-18;"sexta-feira";"19:15:00";"PB";230;18,1;"JOAO PESSOA";"Não guardar distância de segurança";"Colisão traseira";"Com Vítimas Feridas";"Plena Noite";"Crescente";"Céu Claro";"Dupla";"Reta";"Sim";4;0;2;0;1;1;2;2;"-7.1198";"-34.8453";"SR-PB";"DEL14/1";"UOP01/PB"
186015;2019-01-18;"sexta-feira";"18:30:00";"RJ";40;110;"DUQUE DE CAXIAS";"Falta de Atenção à Condução";"Engavetamento";"Com Vítimas Feridas";"Anoitecer";"Decrescente";"Céu Claro";"Múltipla";"Reta";"Sim";7;0;3;0;4;0;3;3;"-22.6924";"-43.2875";"SR-RJ";"DEL5/1";"UOP01/RJ"
186016;2019-01-18;"sexta-feira";"16:15:00";"MG";116;744,3;"LEOPOLDINA";"Falta de Atenção à Condução";"Colisão traseira";"Com Vítimas Feridas";"Pleno dia";"Crescente";"Céu Claro";"Simples";"Não Informado";"Não";3;0;1;1;1;0;2;2;"-21.42290926";"-42.5093329";"SR-MG";"DEL4/7";"UOP01/MG"
186017;2019-01-18;"sexta-feira";"21:00:00";"SC";101;161;"TIJUCAS";"Velocidade Incompatível";"Colisão lateral";"Com Vítimas Feridas";"Plena Noite";"Decrescente";"Chuva";"Dupla";"Reta";"Não";2;0;0;1;1;0;1;2;"-27.2237";"-48.6271";"SR-SC";"DEL8/4";"UOP03/SC"
186018;2019-01-18;"sexta-feira";"20:41:00";"SC";101;203;"SAO JOSE";"Ingestão de Álcool";"Colisão traseira";"Sem Vítimas";"Plena Noite";"Decrescente";"Chuva";"Dupla";"Desvio Temporário";"Sim";2;0;0;0;2;0;0;2;"-27.5742";"-48.6134";"SR-SC";"DEL8/1";"UOP01/SC"
186019;2019-01-18;"sexta-feira";"18:37:00";"RJ";101;295;"ITABORAI";"Desobediência às normas de trânsito pelo condutor";"Colisão lateral";"Com Vítimas Feridas";"Anoitecer";"Decrescente";"Nublado";"Dupla";"Reta";"Sim";2;0;1;0;1;0;1;2;"-22.76706";"-42.910204";"SR-RJ";"DEL5/2";"UOP02/RJ"
186020;2019-01-18;"sexta-feira";"20:05:00";"MG";40;760,5;"JUIZ DE FORA";"Não guardar distância de segurança";"Colisão traseira";"Com Vítimas Feridas";"Plena Noite";"Crescente";"Céu Claro";"Simples";"Reta";"Não";3;0;3;0;0;0;3;2;"-21.5608";"-43.4967";"SR-MG";"DEL5";"UOP01/MG"
186021;2019-01-18;"sexta-feira";"19:20:00";"BA";101;895;"CARAVELAS";"Ingestão de Álcool";"Colisão frontal";"Com Vítimas Feridas";"Plena Noite";"Crescente";"Céu Claro";"Simples";"Desvio Temporário";"Não";5;0;3;0;2;0;3;2;"-17.6844";"-39.7737";"SR-BA";"DEL10/9";"UOP03/BA"
186022;2019-01-18;"sexta-feira";"21:10:00";"PR";373;265,9;"PRUDENTOPOLIS";"Ingestão de Álcool";"Colisão traseira";"Com Vítimas Feridas";"Plena Noite";"Crescente";"Nublado";"Simples";"Reta";"Sim";2;0;0;1;1;0;1;2;"-25.20218424";"-50.9815836";"SR-PR";"DEL7/3";"UOP01/PR"
186023;2019-01-18;"sexta-feira";"21:20:00";"SC";101;308;"LAGUNA";"Velocidade Incompatível";"Capotamento";"Com Vítimas Feridas";"Plena Noite";"Decrescente";"Chuva";"Dupla";"Reta";"Não";3;0;2;0;1;0;2;1;"-28.4084";"-48.7919";"SR-SC";"DEL8/2";"UOP03/SC"
186024;2019-01-18;"sexta-feira";"21:19:00";"SC";101;209,4;"SAO JOSE";"Não guardar distância de segurança";"Engavetamento";"Com Vítimas Feridas";"Plena Noite";"Decrescente";"Chuva";"Dupla";"Reta";"Sim";4;0;1;0;3;0;1;3;"-27.6176";"-48.6463";"SR-SC";"DEL8/1";"UOP01/SC"
186025;2019-01-18;"sexta-feira";"20:40:00";"SC";101;193,1;"BIGUACU";"Ingestão de Álcool";"Saída de leito carroçável";"Sem Vítimas";"Plena Noite";"Crescente";"Chuva";"Múltipla";"Curva";"Sim";1;0;0;0;0;1;0;1;"-27.4982";"-48.6565";"SR-SC";"DEL8/1";"UOP01/SC"
186026;2019-01-18;"sexta-feira";"15:10:00";"PR";376;588;"CURITIBA";"Velocidade Incompatível";"Colisão traseira";"Sem Vítimas";"Pleno dia";"Decrescente";"Céu Claro";"Dupla";"Reta";"Sim";4;0;0;0;4;0;0;4;"-25.43806286";"-49.36483741";"SR-PR";"DEL7/1";"UOP04/PR"
186027;2019-01-18;"sexta-feira";"21:45:00";"PR";277;546,1;"CATANDUVAS";"Velocidade Incompatível";"Colisão lateral";"Com Vítimas Feridas";"Plena Noite";"Decrescente";"Chuva";"Simples";"Reta";"Não";6;0;3;1;2;0;4;2;"-25.10130031";"-53.06791306";"SR-PR";"DEL7/4";"UOP02/PR"
186028;2019-01-18;"sexta-feira";"20:30:00";"PB";101;110;"ALHANDRA";"Falta de Atenção à Condução";"Colisão transversal";"Com Vítimas Fatais";"Plena Noite";"Crescente";"Céu Claro";"Dupla";"Reta";"Sim";2;1;0;0;1;0;0;2;"-7.35290106";"-34.94950533";"SR-PB";"DEL14/1";"UOP02/PB"
186029;2019-01-18;"sexta-feira";"22:00:00";"SC";101;114,6;"ITAJAI";"Falta de Atenção à Condução";"Colisão traseira";"Com Vítimas Fatais";"Plena Noite";"Decrescente";"Chuva";"Dupla";"Reta";"Sim";4;1;0;0;1;2;0;3;"-26.8533";"-48.7265";"SR-SC";"DEL8/4";"UOP04/SC"
186030;2019-01-18;"sexta-feira";"20:30:00";"SC";101;207;"SAO JOSE";"Falta de Atenção à Condução";"Colisão lateral";"Com Vítimas Feridas";"Anoitecer";"Crescente";"Chuva";"Múltipla";"Reta";"Não";2;0;1;0;1;0;1;2;"-27.6034";"-48.632";"SR-SC";"DEL8/1";"UOP01/SC"
186031;2019-01-18;"sexta-feira";"21:25:00";"PR";163;286;"MARECHAL CANDIDO RONDON";"Falta de Atenção à Condução";"Capotamento";"Com Vítimas Feridas";"Plena Noite";"Crescente";"Chuva";"Simples";"Reta";"Sim";3;0;1;0;2;0;1;1;"-24.5399";"-54.047";"SR-PR";"DEL7/6";"UOP04/PR"
186032;2019-01-18;"sexta-feira";"20:40:00";"MA";135;9,6;"SAO LUIS";"Pista Escorregadia";"Colisão transversal";"Sem Vítimas";"Plena Noite";"Decrescente";"Chuva";"Dupla";"Desvio Temporário";"Sim";3;0;0;0;3;0;0;2;"-2.62135909";"-44.31801157";"SR-MA";"DEL18/1";"UOP01/MA"
186033;2019-01-18;"sexta-feira";"21:50:00";"SP";116;332,8;"JUQUITIBA";"Defeito Mecânico no Veículo";"Incêndio";"Sem Vítimas";"Plena Noite";"Crescente";"Céu Claro";"Dupla";"Reta";"Não";1;0;0;0;1;0;0;1;"-23.95935711";"-47.11746454";"SR-SP";"DEL6/4";"UOP02/SP"
186034;2019-01-18;"sexta-feira";"21:20:00";"MA";222;673;"ACAILANDIA";"Falta de Atenção à Condução";"Colisão transversal";"Com Vítimas Feridas";"Plena Noite";"Crescente";"Céu Claro";"Simples";"Reta";"Não";3;0;3;0;0;0;3;2;"-4.9475581";"-47.47696638";"SR-MA";"DEL18/4";"UOP03/MA"
186035;2019-01-18;"sexta-feira";"21:50:00";"SP";153;216,3;"MARILIA";"Pista Escorregadia";"Queda de ocupante de veículo";"Com Vítimas Feridas";"Plena Noite";"Decrescente";"Chuva";"Simples";"Reta";"Não";1;0;1;0;0;0;1;1;"-21.961824";"-49.921787";"SR-SP";"DEL6/07";"UOP02/SP"
186036;2019-01-18;"sexta-feira";"19:00:00";"PB";405;29,2;"SAO JOAO DO RIO DO PEIXE";"Falta de Atenção à Condução";"Colisão traseira";"Com Vítimas Fatais";"Plena Noite";"Crescente";"Céu Claro";"Simples";"Não Informado";"Não";2;1;0;0;1;0;0;2;"-6.692524";"-38.447159";"SR-PB";"DEL14/3";"UOP03/PB"
186037;2019-01-18;"sexta-feira";"21:45:00";"RS";471;150,8;"SANTA CRUZ DO SUL";"Ingestão de Substâncias Psicoativas";"Atropelamento de Pedestre";"Com Vítimas Fatais";"Plena Noite";"Decrescente";"Céu Claro";"Simples";"Reta";"Sim";2;1;0;0;0;1;0;1;"-29.78233205";"-52.4135828";"SR-RS";"DEL9/2";"UOP03/RS"
186038;2019-01-18;"sexta-feira";"22:40:00";"SP";116;149;"SAO JOSE DOS CAMPOS";"Falta de Atenção à Condução";"Tombamento";"Com Vítimas Feridas";"Plena Noite";"Decrescente";"Nublado";"Dupla";"Reta";"Sim";2;0;1;1;0;0;2;2;"-23.207001";"-45.886269";"SR-SP";"DEL6/2";"UOP01/SP"
186039;2019-01-18;"sexta-feira";"22:30:00";"ES";101;268;"SERRA";"Falta de Atenção à Condução";"Queda de ocupante de veículo";"Com Vítimas Feridas";"Plena Noite";"Decrescente";"Céu Claro";"Múltipla";"Reta";"Sim";1;0;1;0;0;0;1;1;"-20.20674514";"-40.26947564";"SR-ES";"DEL12/2";"UOP01/ES"