"id";"data_inversa";"dia_semana";"horario";"uf";"br";"km";"municipio";"causa_acidente";"tipo_acidente";"classificacao_acidente";"fase_dia";"sentido_via";"condicao_metereologica";"tipo_pista";"tracado_via";"uso_solo";"pessoas";"mortos";"feridos_leves";"feridos_graves";"ilesos";"ignorados";"feridos";"veiculos";"latitude";"longitude";"regional";"delegacia";"uop"
186132;2019-01-19;"sábado";"05:40:00";"ES";101;358;"ANCHIETA";"Falta de Atenção à Condução";"Colisão frontal";"Com Vítimas Feridas";"Amanhecer";"Crescente";"Céu Claro";"Simples";"Reta";"Não";2;0;1;0;1;0;1;2;"-20.71437289";"-40.72666168";"SR-ES";"DEL12/3";"UOP01/ES"
186134;2019-01-19;"sábado";"08:00:00";"MA";230;70;"SAO JOAO DOS PATOS";"Falta de Atenção à Condução";"Saída de leito carroçável";"Com Vítimas Feridas";"Pleno dia";"Crescente";"Céu Claro";"Simples";"Reta";"Não";2;0;2;0;0;0;2;1;"-6.591704";"-43.46545";"SR-PI";"DEL17/3";"UOP01/PI"
186136;2019-01-19;"sábado";"10:35:00";"SC";101;41;"JOINVILLE";"Desobediência às normas de trânsito pelo condutor";"Colisão transversal";"Sem Vítimas";"Pleno dia";"Crescente";"Sol";"Simples";"Rotatória";"Não";2;0;0;0;2;0;0;2;"-26.31858468";"-48.87216568";"SR-SC";"DEL8/3";"UOP01/SC"
186137;2019-01-19;"sábado";"10:40:00";"PR";376;659,7;"TIJUCAS DO SUL";"Falta de Atenção à Condução";"Queda de ocupante de veículo";"Com Vítimas Feridas";"Pleno dia";"Crescente";"Céu Claro";"Dupla";"Curva";"Não";2;0;1;0;1;0;1;2;"-25.85304449";"-49.00108337";"SR-PR";"DEL7/1";"UOP08/PR"
186138;2019-01-19;"sábado";"11:20:00";"GO";158;274;"JATAI";"Velocidade Incompatível";"Colisão transversal";"Sem Vítimas";"Pleno dia";"Crescente";"Céu Claro";"Simples";"Reta";"Sim";2;0;0;0;2;0;0;2;"-17.90981578";"-51.72320366";"SR-GO";"DEL1/5";"UOP01/GO"
186141;2019-01-19;"sábado";"10:20:00";"PR";277;112,6;"CAMPO LARGO";"Falta de Atenção à Condução";"Colisão lateral";"Com Vítimas Fatais";"Pleno dia";"Crescente";"Céu Claro";"Dupla";"Reta";"Sim";3;1;0;0;1;1;0;2;"-25.44668483";"-49.47795868";"SR-PR";"DEL7/1";"UOP05/PR"
186142;2019-01-19;"sábado";"10:50:00";"PI";343;342;"TERESINA";"Falta de Atenção à Condução";"Colisão com objeto estático";"Com Vítimas Feridas";"Pleno dia";"Crescente";"Nublado";"Simples";"Reta";"Sim";1;0;1;0;0;0;1;1;"-5.08284";"-42.750385";"SR-PI";"DEL17/1";"UOP01/PI"
186143;2019-01-19;"sábado";"12:04:00";"ES";101;304;"VIANA";"Falta de Atenção à Condução";"Colisão traseira";"Com Vítimas Feridas";"Pleno dia";"Crescente";"Céu Claro";"Dupla";"Reta";"Sim";3;0;1;0;2;0;1;2;"-20.38430773";"-40.46172749";"SR-ES";"DEL12/1";"UOP01/ES"
186144;2019-01-19;"sábado";"10:50:00";"BA";116;824;"VITORIA DA CONQUISTA";"Mal Súbito";"Queda de ocupante de veículo";"Com Vítimas Feridas";"Pleno dia";"Decrescente";"Céu Claro";"Dupla";"Reta";"Sim";1;0;1;0;0;0;1;1;"-14.869928";"-40.850925";"SR-BA";"DEL10/8";"UOP01/BA"
186145;2019-01-19;"sábado";"12:30:00";"DF";20;21,6;"BRASILIA";"Falta de Atenção à Condução";"Colisão lateral";"Com Vítimas Feridas";"Pleno dia";"Decrescente";"Sol";"Dupla";"Retorno Regulamentado";"Sim";2;0;1;0;1;0;1;2;"-15.603384";"-47.684692";"SR-DF";"DF";"UOP04/DF"
186146;2019-01-19;"sábado";"10:25:00";"PB";230;16,2;"JOAO PESSOA";"Velocidade Incompatível";"Colisão traseira";"Sem Vítimas";"Pleno dia";"Crescente";"Céu Claro";"Dupla";"Reta";"Sim";3;0;0;0;3;0;0;2;"-7.1039";"-34.8458";"SR-PB";"DEL14/1";"UOP01/PB"
186147;2019-01-19;"sábado";"12:00:00";"DF";251;35;"BRASILIA";"Falta de Atenção à Condução";"Colisão traseira";"Com Vítimas Feridas";"Pleno dia";"Crescente";"Céu Claro";"Simples";"Reta";"Sim";2;0;1;0;1;0;1;2;"-15.940731";"-47.770015";"SR-DF";"DF";"UOP01/DF"
186148;2019-01-19;"sábado";"11:00:00";"PB";230;73,8;"SOBRADO";"Desobediência às normas de trânsito pelo condutor";"Colisão transversal";"Com Vítimas Feridas";"Pleno dia";"Crescente";"Sol";"Dupla";"Reta";"Não";3;0;1;0;2;0;1;2;"-7.1894";"-35.2596";"SR-PB";"DEL14/1";"UOP03/PB"
186149;2019-01-19;"sábado";"11:00:00";"TO";153;222,2;"COLINAS DO TOCANTINS";"Ingestão de Álcool";"Colisão lateral";"Com Vítimas Feridas";"Pleno dia";"Crescente";"Céu Claro";"Simples";"Reta";"Não";5;0;2;1;2;0;3;2;"-7.836279";"-48.45599";"SR-TO";"UOP04/TO";""
186151;2019-01-19;"sábado";"12:15:00";"MG";153;71,5;"MONTE ALEGRE DE MINAS";"Não guardar distância de segurança";"Saída de leito carroçável";"Com Vítimas Feridas";"Pleno dia";"Crescente";"Céu Claro";"Simples";"Ponte";"Não";2;0;1;1;0;0;2;1;"-18.8878";"-49.051";"SR-MG";"DEL4/15";"UOP03/MG"
186152;2019-01-19;"sábado";"12:40:00";"DF";70;4;"BRASILIA";"Ingestão de Álcool";"Colisão traseira";"Com Vítimas Feridas";"Pleno dia";"Decrescente";"Céu Claro";"Dupla";"Reta";"Sim";5;0;3;0;2;0;3;2;"-15.79882977";"-48.08891773";"SR-DF";"DF";"UOP06/DF"
186153;2019-01-19;"sábado";"13:10:00";"SC";101;201;"BIGUACU";"Falta de Atenção à Condução";"Colisão lateral";"Com Vítimas Feridas";"Pleno dia";"Crescente";"Céu Claro";"Dupla";"Viaduto";"Não";2;0;1;0;1;0;1;2;"-27.5572";"-48.6188";"SR-SC";"DEL8/1";"UOP01/SC"
186154;2019-01-19;"sábado";"12:30:00";"BA";324;583;"CANDEIAS";"Desobediência às normas de trânsito pelo condutor";"Colisão frontal";"Com Vítimas Feridas";"Pleno dia";"Decrescente";"Nublado";"Dupla";"Retorno Regulamentado";"Sim";2;0;0;1;1;0;1;2;"-12.63218717";"-38.47944688";"SR-BA";"DEL10/1";"UOP01/BA"
186155;2019-01-19;"sábado";"13:00:00";"MG";40;433,2;"PARAOPEBA";"Falta de Atenção do Pedestre";"Atropelamento de Pedestre";"Com Vítimas Fatais";"Pleno dia";"Decrescente";"Céu Claro";"Dupla";"Reta";"Não";3;1;0;0;2;0;0;1;"-19.2164";"-44.4548";"SR-MG";"DEL4/2";"UOP01/MG"
186157;2019-01-19;"sábado";"14:05:00";"PR";277;572,3;"CASCAVEL";"Ingestão de Álcool";"Tombamento";"Com Vítimas Feridas";"Pleno dia";"Crescente";"Céu Claro";"Simples";"Curva";"Não";1;0;1;0;0;0;1;1;"-24.997576";"-53.297036";"SR-PR";"DEL7/4";"UOP01/PR"
186158;2019-01-19;"sábado";"12:40:00";"PB";230;18;"JOAO PESSOA";"Não guardar distância de segurança";"Engavetamento";"Sem Vítimas";"Pleno dia";"Decrescente";"Sol";"Dupla";"Reta";"Sim";7;0;0;0;7;0;0;5;"-7.1198";"-34.8453";"SR-PB";"DEL14/1";"UOP01/PB"
186159;2019-01-19;"sábado";"13:40:00";"SP";116;209;"GUARULHOS";"Não guardar distância de segurança";"Colisão traseira";"Com Vítimas Feridas";"Pleno dia";"Crescente";"Sol";"Dupla";"Reta";"Sim";3;0;1;1;1;0;2;3;"-23.42603935";"-46.40479088";"SR-SP";"DEL6/1";"UOP01/SP"
186160;2019-01-19;"sábado";"13:45:00";"RJ";116;167;"SAO JOAO DE MERITI";"Falta de Atenção à Condução";"Colisão traseira";"Com Vítimas Feridas";"Pleno dia";"Crescente";"Céu Claro";"Dupla";"Reta";"Sim";3;0;1;0;2;0;1;2;"-22.818039";"-43.307873";"SR-RJ";"DEL5/1";"UOP02/RJ"
186161;2019-01-19;"sábado";"13:30:00";"SP";153;113,1;"JOSE BONIFACIO";"Falta de Atenção à Condução";"Colisão transversal";"Sem Vítimas";"Pleno dia";"Crescente";"Céu Claro";"Simples";"Reta";"Não";2;0;0;0;2;0;0;2;"-21.113001";"-49.686787";"SR-SP";"DEL6/9";"UOP01/SP"
186162;2019-01-19;"sábado";"14:30:00";"PR";369;90,5;"CORNELIO PROCOPIO";"Falta de Atenção à Condução";"Saída de leito carroçável";"Com Vítimas Feridas";"Pleno dia";"Decrescente";"Céu Claro";"Dupla";"Curva";"Sim";3;0;2;0;1;0;2;1;"-23.1965286";"-50.65402687";"SR-PR";"DEL7/7";"UOP06/PR"
186163;2019-01-19;"sábado";"14:00:00";"RJ";40;27;"TRES RIOS";"Velocidade Incompatível";"Colisão com objeto estático";"Com Vítimas Feridas";"Pleno dia";"Decrescente";"Céu Claro";"Dupla";"Reta";"Não";1;0;1;0;0;0;1;1;"-22.1718";"-43.1634";"SR-RJ";"DEL5/6";"UOP01/RJ"
186164;2019-01-19;"sábado";"14:00:00";"PR";369;363;"CAMPO MOURAO";"Falta de Atenção à Condução";"Saída de leito carroçável";"Com Vítimas Feridas";"Pleno dia";"Decrescente";"Sol";"Simples";"Reta";"Não";4;0;2;0;2;0;2;1;"-24.0928";"-52.4229";"SR-PR";"DEL7/4";"UOP05/PR"
186165;2019-01-19;"sábado";"14:55:00";"SC";470;61,7;"BLUMENAU";"Falta de Atenção à Condução";"Colisão frontal";"Com Vítimas Feridas";"Pleno dia";"Crescente";"Sol";"Simples";"Reta";"Não";3;0;2;0;1;0;2;2;"-26.87535866";"-49.18136001";"SR-SC";"DEL8/4";"UOP01/SC"
186166;2019-01-19;"sábado";"13:15:00";"PE";232;27;"MORENO";"Defeito Mecânico no Veículo";"Saída de leito carroçável";"Com Vítimas Feridas";"Pleno dia";"Decrescente";"Céu Claro";"Dupla";"Reta";"Não";2;0;2;0;0;0;2;1;"-8.114184";"-35.12569";"SR-PE";"DEL11/1";"UOP04/PE"
186168;2019-01-19;"sábado";"13:30:00";"CE";20;413,8;"MARACANAU";"Desobediência às normas de trânsito pelo condutor";"Colisão transversal";"Com Vítimas Feridas";"Pleno dia";"Crescente";"Nublado";"Simples";"Reta";"Sim";4;0;3;0;1;0;3;2;"-3.823707";"-38.628413";"SR-CE";"DEL16/1";"UOP01/CE"
186169;2019-01-19;"sábado";"14:20:00";"SC";101;374,9;"ICARA";"Falta de Atenção à Condução";"Saída de leito carroçável";"Com Vítimas Feridas";"Pleno dia";"Crescente";"Chuva";"Dupla";"Reta";"Não";3;0;1;0;2;0;1;1;"-28.7179";"-49.2327";"SR-SC";"DEL8/2";"UOP01/SC"
186170;2019-01-19;"sábado";"14:40:00";"SP";459;18,5;"PIQUETE";"Avarias e/ou desgaste excessivo no pneu";"Colisão com objeto estático";"Sem Vítimas";"Pleno dia";"Crescente";"Sol";"Simples";"Reta";"Não";1;0;0;0;1;0;0;1;"-22.633976";"-45.15704";"SR-SP";"DEL6/8";"UOP03/SP"
186172;2019-01-19;"sábado";"08:30:00";"BA";242;368;"LENCOIS";"Falta de Atenção à Condução";"Colisão frontal";"Com Vítimas Fatais";"Pleno dia";"Crescente";"Céu Claro";"Simples";"Ponte";"Não";4;1;1;2;0;0;3;2;"-12.47032";"-41.455475";"SR-BA";"DEL10/6";"UOP01/BA"
186173;2019-01-19;"sábado";"09:45:00";"RN";226;130,5;"CAMPO REDONDO";"Ingestão de Álcool";"Saída de leito carroçável";"Sem Vítimas";"Pleno dia";"Crescente";"Céu Claro";"Simples";"Curva";"Não";1;0;0;0;0;1;0;1;"-6.218327";"-36.167431";"SR-RN";"DEL15/3";"UOP02/RN"
186174;2019-01-19;"sábado";"13:45:00";"MG";116;787,5;"LEOPOLDINA";"Velocidade Incompatível";"Tombamento";"Com Vítimas Feridas";"Pleno dia";"Decrescente";"Sol";"Simples";"Curva";"Não";1;0;1;0;0;0;1;1;"-21.65806637";"-42.72445679";"SR-MG";"DEL4/7";"UOP01/MG"
186176;2019-01-19;"sábado";"12:45:00";"MT";158;628;"AGUA BOA";"Falta de Atenção à Condução";"Saída de leito carroçável";"Com Vítimas Feridas";"Pleno dia";"Decrescente";"Sol";"Simples";"Reta";"Não";2;0;0;1;0;1;1;2;"-14.512";"-52.296";"SR-MT";"DEL2/8";"UOP02/MT"
186177;2019-01-19;"sábado";"15:00:00";"SC";470;56,2;"BLUMENAU";"Desobediência às normas de trânsito pelo condutor";"Colisão transversal";"Com Vítimas Feridas";"Pleno dia";"Crescente";"Nublado";"Simples";"Interseção de vias";"Sim";2;0;1;0;1;0;1;2;"-26.87674";"-49.127743";"SR-SC";"DEL8/4";"UOP01/SC"
186178;2019-01-19;"sábado";"14:00:00";"MT";163;827;"SINOP";"Falta de Atenção à Condução";"Saída de leito carroçável";"Sem Vítimas";"Pleno dia";"Decrescente";"Sol";"Dupla";"Retorno Regulamentado";"Sim";6;0;0;0;6;0;0;2;"-11.89506824";"-55.50395966";"SR-MT";"DEL2/6";"UOP01/MT"
186179;2019-01-19;"sábado";"11:00:00";"RJ";40;84,2;"DUQUE DE CAXIAS";"Defeito na Via";"Tombamento";"Com Vítimas Feridas";"Pleno dia";"Crescente";"Sol";"Simples";"Não Informado";"Não";1;0;1;0;0;0;1;1;"-22.5511";"-43.2257";"SR-RJ";"DEL5/6";"UOP03/RJ"
186181;2019-01-19;"sábado";"15:15:00";"SC";101;215;"PALHOCA";"Falta de Atenção à Condução";"Colisão traseira";"Sem Vítimas";"Pleno dia";"Decrescente";"Chuva";"Múltipla";"Reta";"Não";2;0;0;0;2;0;0;2;"-27.6601";"-48.6774";"SR-SC";"DEL8/1";"UOP02/SC"
186182;2019-01-19;"sábado";"15:40:00";"SC";470;56;"BLUMENAU";"Falta de Atenção à Condução";"Colisão transversal";"Com Vítimas Feridas";"Pleno dia";"Decrescente";"Nublado";"Simples";"Reta";"Sim";3;0;2;0;1;0;2;2;"-26.87743055";"-49.12990987";"SR-SC";"DEL8/4";"UOP01/SC"
186183;2019-01-19;"sábado";"11:15:00";"RJ";40;84,2;"PETROPOLIS";"Defeito na Via";"Tombamento";"Com Vítimas Feridas";"Pleno dia";"Crescente";"Céu Claro";"Simples";"Não Informado";"Não";2;0;2;0;0;0;2;1;"-22.5511";"-43.2257";"SR-RJ";"DEL5/6";"UOP03/RJ"
186184;2019-01-19;"sábado";"15:00:00";"RJ";101;469;"ANGRA DOS REIS";"Condutor Dormindo";"Saída de leito carroçável";"Com Vítimas Feridas";"Pleno dia";"Crescente";"Sol";"Simples";"Reta";"Não";1;0;1;0;0;0;1;1;"-23.00770023";"-44.23267365";"SR-RJ";"DEL5/3";"UOP02/RJ"
186185;2019-01-19;"sábado";"13:15:00";"SC";470;269;"CURITIBANOS";"Falta de Atenção à Condução";"Saída de leito carroçável";"Com Vítimas Feridas";"Pleno dia";"Decrescente";"Nublado";"Simples";"Curva";"Não";2;0;1;0;1;0;1;1;"-27.313988";"-50.758327";"SR-SC";"DEL8/5";"UOP03/SC"
186186;2019-01-19;"sábado";"14:00:00";"ES";101;2;"VITORIA";"Falta de Atenção à Condução";"Colisão lateral";"Com Vítimas Feridas";"Pleno dia";"Crescente";"Sol";"Dupla";"Reta";"Sim";2;0;1;0;1;0;1;2;"-20.2510559";"-40.2867404";"SR-ES";"DEL12/2";"UOP01/ES"
186187;2019-01-19;"sábado";"15:50:00";"SP";116;274,9;"TABOAO DA SERRA";"Não guardar distância de segurança";"Colisão lateral";"Com Vítimas Feridas";"Pleno dia";"Crescente";"Céu Claro";"Dupla";"Reta";"Não";4;0;1;0;0;3;1;2;"-23.61307029";"-46.78150177";"SR-SP";"DEL6/4";"UOP01/SP"
186188;2019-01-19;"sábado";"16:10:00";"PR";376;158;"MANDAGUACU";"Mal Súbito";"Queda de ocupante de veículo";"Com Vítimas Feridas";"Pleno dia";"Crescente";"Céu Claro";"Dupla";"Reta";"Não";1;0;1;0;0;0;1;1;"-23.352516";"-52.09127";"SR-PR";"DEL7/7";"UOP04/PR"
186189;2019-01-19;"sábado";"13:00:00";"RO";364;686;"CANDEIAS DO JAMARI";"Falta de Atenção à Condução";"Colisão lateral";"Com Vítimas Feridas";"Pleno dia";"Crescente";"Céu Claro";"Simples";"Reta";"Não";3;0;1;0;2;0;1;2;"-8.79368734";"-63.66317663";"SR-RO";"DEL21/1";"UOP01/RO"
186190;2019-01-19;"sábado";"16:00:00";"SP";116;99,2;"PINDAMONHANGABA";"Defeito Mecânico no Veículo";"Incêndio";"Sem Vítimas";"Pleno dia";"Decrescente";"Sol";"Dupla";"Desvio Temporário";"Não";1;0;0;0;1;0;0;1;"-22.98237";"-45.464367";"SR-SP";"DEL6";"UOP01/SP"
186191;2019-01-19;"sábado";"16:00:00";"RS";470;167,9;"VILA FLORES";"Falta de Atenção à Condução";"Colisão transversal";"Com Vítimas Feridas";"Pleno dia";"Decrescente";"Céu Claro";"Simples";"Interseção de vias";"Não";3;0;1;0;2;0;1;2;"-28.85915969";"-51.55528849";"SR-RS";"DEL9/6";"UOP02/RS"
186192;2019-01-19;"sábado";"16:15:00";"SC";470;161;"TROMBUDO CENTRAL";"Falta de Atenção à Condução";"Colisão transversal";"Com Vítimas Feridas";"Pleno dia";"Decrescente";"Chuva";"Simples";"Curva";"Sim";2;0;1;0;1;0;1;2;"-27.28672892";"-49.79409456";"SR-SC";"DEL8/4";"UOP02/SC"
186193;2019-01-19;"sábado";"15:30:00";"BA";242;617;"MUQUEM DE SAO FRANCISCO";"Defeito Mecânico no Veículo";"Incêndio";"Sem Vítimas";"Pleno dia";"Crescente";"Céu Claro";"Simples";"Curva";"Não";1;0;0;0;1;0;0;1;"-12.22728634";"-43.46466064";"SR-BA";"DEL 10/10";"UOP02/BA"
186195;2019-01-19;"sábado";"15:00:00";"MS";463;1;"DOURADOS";"Ingestão de Álcool";"Colisão transversal";"Sem Vítimas";"Pleno dia";"Crescente";"Céu Claro";"Simples";"Reta";"Sim";2;0;0;0;2;0;0;2;"-22.259064";"-54.813751";"SR-MS";"DEL3/4";"UOP01/MS"
186196;2019-01-19;"sábado";"15:55:00";"SC";101;300;"LAGUNA";"Falta de Atenção à Condução";"Colisão com objeto estático";"Com Vítimas Feridas";"Pleno dia";"Decrescente";"Nublado";"Dupla";"Não Informado";"Sim";4;0;1;0;3;0;1;1;"-28.36049465";"-48.74875188";"SR-SC";"DEL8/2";"UOP03/SC"
186197;2019-01-19;"sábado";"15:35:00";"CE";116;526,5;"JATI";"Desobediência às normas de trânsito pelo condutor";"Colisão frontal";"Com Vítimas Feridas";"Pleno dia";"Decrescente";"Céu Claro";"Simples";"Interseção de vias";"Sim";2;0;0;1;1;0;1;2;"-7.69049301";"-39.00867462";"SR-CE";"DEL16/5";"UOP03/CE"
186198;2019-01-19;"sábado";"17:00:00";"MG";365;613;"UBERLANDIA";"Ingestão de Álcool";"Colisão lateral";"Com Vítimas Feridas";"Pleno dia";"Crescente";"Céu Claro";"Dupla";"Reta";"Não";3;0;0;1;2;0;1;2;"-18.9303403";"-48.19541216";"SR-MG";"DEL4/15";"UOP01/MG"
186199;2019-01-19;"sábado";"16:15:00";"SC";282;88,9;"ALFREDO WAGNER";"Velocidade Incompatível";"Colisão frontal";"Com Vítimas Feridas";"Pleno dia";"Decrescente";"Nublado";"Simples";"Curva";"Não";6;0;4;2;0;0;6;3;"-27.67768501";"-49.21499491";"SR-SC";"DEL8/1";"UOP03/SC"
186200;2019-01-19;"sábado";"15:50:00";"GO";60;275,4;"JANDAIA";"Ingestão de Álcool";"Colisão traseira";"Sem Vítimas";"Pleno dia";"Decrescente";"Céu Claro";"Dupla";"Reta";"Não";3;0;0;0;3;0;0;2;"-17.215";"-50.1678";"SR-GO";"DEL1/4";"UOP01/GO"
186201;2019-01-19;"sábado";"16:50:00";"SC";101;41;"JOINVILLE";"Ingestão de Álcool";"Colisão com objeto estático";"Sem Vítimas";"Pleno dia";"Crescente";"Chuva";"Dupla";"Reta";"Sim";2;0;0;0;2;0;0;2;"-26.31747875";"-48.8729167";"SR-SC";"DEL8/3";"UOP01/SC"
186202;2019-01-19;"sábado";"15:30:00";"MG";262;462;"NOVA SERRANA";"Animais na Pista";"Saída de leito carroçável";"Com Vítimas Feridas";"Pleno dia";"Decrescente";"Céu Claro";"Simples";"Reta";"Não";3;0;3;0;0;0;3;1;"-19.859983";"-45.006966";"SR-MG";"DEL4/8";"UOP03/MG"
186203;2019-01-19;"sábado";"15:20:00";"MG";262;427,2;"SAO GONCALO DO PARA";"Defeito Mecânico no Veículo";"Tombamento";"Com Vítimas Feridas";"Pleno dia";"Crescente";"Sol";"Dupla";"Não Informado";"Não";2;0;1;0;1;0;1;1;"-19.8947";"-44.8464";"SR-MG";"DEL4/8";"UOP03/MG"
186204;2019-01-19;"sábado";"16:20:00";"SC";280;131;"RIO NEGRINHO";"Velocidade Incompatível";"Colisão transversal";"Com Vítimas Feridas";"Pleno dia";"Decrescente";"Nublado";"Simples";"Desvio Temporário";"Não";2;0;1;0;1;0;1;2;"-26.255838";"-49.539585";"SR-SC";"DEL8/6";"UOP03/SC"
186206;2019-01-19;"sábado";"17:35:00";"SC";101;258;"PAULO LOPES";"Velocidade Incompatível";"Saída de leito carroçável";"Com Vítimas Feridas";"Pleno dia";"Crescente";"Chuva";"Simples";"Curva";"Não";2;0;1;1;0;0;2;1;"-28.0187";"-48.6954";"SR-SC";"DEL8/2";"UOP03/SC"
186208;2019-01-19;"sábado";"17:35:00";"PR";116;93;"PIRAQUARA";"Velocidade Incompatível";"Saída de leito carroçável";"Com Vítimas Feridas";"Pleno dia";"Crescente";"Céu Claro";"Simples";"Curva";"Não";1;0;1;0;0;0;1;1;"-25.482296";"-49.105915";"SR-PR";"DEL7/1";"UOP01/PR"
186209;2019-01-19;"sábado";"17:30:00";"SC";101;149,3;"ITAPEMA";"Falta de Atenção à Condução";"Colisão lateral";"Com Vítimas Feridas";"Pleno dia";"Crescente";"Garoa/Chuvisco";"Dupla";"Reta";"Sim";3;0;1;0;2;0;1;3;"-27.1175";"-48.6092";"SR-SC";"DEL8/4";"UOP03/SC"
186210;2019-01-19;"sábado";"17:00:00";"CE";222;128;"ITAPAJE";"Velocidade Incompatível";"Tombamento";"Sem Vítimas";"Pleno dia";"Crescente";"Nublado";"Simples";"Curva";"Sim";1;0;0;0;1;0;0;1;"-3.704279";"-39.615295";"SR-CE";"DEL16/4";"UOP03/CE"
186211;2019-01-19;"sábado";"18:01:00";"SP";116;215;"GUARULHOS";"Não guardar distância de segurança";"Colisão com objeto estático";"Com Vítimas Feridas";"Pleno dia";"Crescente";"Céu Claro";"Múltipla";"Reta";"Sim";3;0;1;0;1;1;1;1;"-23.45073947";"-46.46485785";"SR-SP";"DEL6/1";"UOP01/SP"
186212;2019-01-19;"sábado";"18:00:00";"RJ";116;138;"DUQUE DE CAXIAS";"Falta de Atenção à Condução";"Colisão com objeto estático";"Com Vítimas Feridas";"Pleno dia";"Crescente";"Nublado";"Dupla";"Reta";"Sim";1;0;0;1;0;0;1;1;"-22.646971";"-43.191696";"SR-RJ";"DEL5/4";"UOP02/RJ"
186213;2019-01-19;"sábado";"16:15:00";"BA";135;145,9;"RIACHAO DAS NEVES";"Falta de Atenção à Condução";"Saída de leito carroçável";"Com Vítimas Feridas";"Pleno dia";"Decrescente";"Céu Claro";"Simples";"Reta";"Não";2;0;1;0;1;0;1;1;"-11.914425";"-44.882793";"SR-BA";"DEL10/10";"UOP01/BA"
186214;2019-01-19;"sábado";"17:40:00";"PE";232;417;"SERRA TALHADA";"Pista Escorregadia";"Colisão lateral";"Com Vítimas Feridas";"Anoitecer";"Decrescente";"Chuva";"Simples";"Reta";"Não";4;0;1;2;1;0;3;2;"-7.988571";"-38.329723";"SR-PE";"DEL11/4";"UOP01/PE"
186215;2019-01-19;"sábado";"18:45:00";"SC";101;186,1;"BIGUACU";"Falta de Atenção à Condução";"Colisão com objeto estático";"Com Vítimas Feridas";"Pleno dia";"Crescente";"Nublado";"Dupla";"Curva";"Sim";2;0;1;0;1;0;1;1;"-27.4432";"-48.6284";"SR-SC";"DEL8/1";"UOP01/SC"
186216;2019-01-19;"sábado";"17:40:00";"CE";20;419,7;"MARACANAU";"Defeito na Via";"Tombamento";"Com Vítimas Feridas";"Pleno dia";"Crescente";"Céu Claro";"Simples";"Reta";"Sim";2;0;2;0;0;0;2;1;"-3.844213";"-38.581103";"SR-CE";"DEL16/1";"UOP02/CE"
186217;2019-01-19;"sábado";"18:00:00";"ES";101;261,5;"SERRA";"Defeito Mecânico no Veículo";"Saída de leito carroçável";"Com Vítimas Feridas";"Pleno dia";"Crescente";"Céu Claro";"Simples";"Não Informado";"Sim";1;0;1;0;0;0;1;1;"-20.15221294";"-40.27864024";"SR-ES";"DEL12/2";"UOP01/ES"
186218;2019-01-19;"sábado";"17:45:00";"MT";163;936;"SINOP";"Falta de Atenção à Condução";"Colisão lateral";"Com Vítimas Feridas";"Anoitecer";"Decrescente";"Céu Claro";"Simples";"Reta";"Sim";3;0;2;0;1;0;2;2;"-11.84319394";"-55.49062014";"SR-MT";"DEL2/6";"UOP02/MT"
186219;2019-01-19;"sábado";"17:50:00";"PE";101;68,1;"RECIFE";"Mal Súbito";"Colisão com objeto estático";"Com Vítimas Fatais";"Anoitecer";"Decrescente";"Nublado";"Dupla";"Rotatória";"Sim";3;1;0;0;0;2;0;1;"-8.051491";"-34.945862";"SR-PE";"DEL11/1";"UOP01/PE"
186220;2019-01-19;"sábado";"17:10:00";"MG";116;710,9;"MURIAE";"Desobediência às normas de trânsito pelo condutor";"Saída de leito carroçável";"Com Vítimas Feridas";"Pleno dia";"Crescente";"Sol";"Simples";"Curva";"Não";1;0;1;0;0;0;1;1;"-21.16812014";"-42.37062162";"SR-MG";"DEL4/7";"UOP02/MG"
186221;2019-01-19;"sábado";"17:25:00";"SC";282;49;"AGUAS MORNAS";"Velocidade Incompatível";"Saída de leito carroçável";"Com Vítimas Feridas";"Pleno dia";"Decrescente";"Garoa/Chuvisco";"Simples";"Curva";"Não";4;0;2;2;0;0;4;2;"-27.712931";"-48.943741";"SR-SC";"DEL8/1";"UOP03/SC"
186222;2019-01-19;"sábado";"18:45:00";"SC";101;191;"BIGUACU";"Velocidade Incompatível";"Saída de leito carroçável";"Com Vítimas Feridas";"Pleno dia";"Crescente";"Garoa/Chuvisco";"Múltipla";"Curva";"Não";1;0;1;0;0;0;1;1;"-27.4847";"-48.6476";"SR-SC";"DEL8/1";"UOP01/SC"
186223;2019-01-19;"sábado";"18:30:00";"SC";101;140,2;"BALNEARIO CAMBORIU";"Falta de Atenção à Condução";"Colisão lateral";"Com Vítimas Feridas";"Pleno dia";"Decrescente";"Chuva";"Dupla";"Não Informado";"Sim";3;0;2;0;1;0;2;2;"-27.0478";"-48.5981";"SR-SC";"DEL8/4";"UOP03/SC"
186224;2019-01-19;"sábado";"19:00:00";"PR";116;122;"CURITIBA";"Falta de Atenção à Condução";"Tombamento";"Com Vítimas Feridas";"Pleno dia";"Decrescente";"Nublado";"Dupla";"Curva";"Sim";4;0;2;0;2;0;2;1;"-25.551222";"-49.305038";"SR-PR";"DEL7/1";"UOP03/PR"
186225;2019-01-19;"sábado";"18:10:00";"SE";101;92;"NOSSA SENHORA DO SOCORRO";"Falta de Atenção do Pedestre";"Atropelamento de Pedestre";"Com Vítimas Feridas";"Plena Noite";"Decrescente";"Céu Claro";"Dupla";"Reta";"Sim";3;0;2;1;0;0;3;1;"-10.9061";"-37.1503";"SR-SE";"DEL20/1";"UOP01/SE"
186226;2019-01-19;"sábado";"18:30:00";"RJ";393;274;"BARRA DO PIRAI";"Falta de Atenção à Condução";"Colisão com objeto estático";"Sem Vítimas";"Pleno dia";"Crescente";"Sol";"Simples";"Curva";"Não";1;0;0;0;1;0;0;1;"-22.478477";"-43.951252";"SR-RJ";"DEL5/5";"UOP02/RJ"