"id";"data_inversa";"dia_semana";"horario";"uf";"br";"km";"municipio";"causa_acidente";"tipo_acidente";"classificacao_acidente";"fase_dia";"sentido_via";"condicao_metereologica";"tipo_pista";"tracado_via";"uso_solo";"pessoas";"mortos";"feridos_leves";"feridos_graves";"ilesos";"ignorados";"feridos";"veiculos";"latitude";"longitude";"regional";"delegacia";"uop"
186227;2019-01-19;"sábado";"17:55:00";"RN";101;66,2;"EXTREMOZ";"Desobediência às normas de trânsito pelo condutor";"Colisão transversal";"Com Vítimas Feridas";"Plena Noite";"Crescente";"Céu Claro";"Simples";"Interseção de vias";"Não";2;0;0;1;1;0;1;2;"-5.650333";"-35.250164";"SR-RN";"DEL15/2";"UOP01/RN"
186228;2019-01-19;"sábado";"19:15:00";"PB";101;119,8;"CAAPORA";"Ingestão de álcool e/ou substâncias psicoativas pelo pedestre";"Colisão com objeto estático";"Com Vítimas Feridas";"Anoitecer";"Decrescente";"Céu Claro";"Dupla";"Reta";"Não";1;0;0;1;0;0;1;1;"-7.4435";"-34.9782";"SR-PB";"DEL14/1";"UOP02/PB"
186229;2019-01-19;"sábado";"17:00:00";"RO";364;273,8;"CACOAL";"Desobediência às normas de trânsito pelo condutor";"Colisão transversal";"Com Vítimas Feridas";"Pleno dia";"Crescente";"Céu Claro";"Simples";"Rotatória";"Não";2;0;0;1;1;0;1;2;"-11.38546519";"-61.74865723";"SR-RO";"DEL21/2";"UOP02/RO"
186230;2019-01-19;"sábado";"18:40:00";"PB";230;17;"JOAO PESSOA";"Falta de Atenção à Condução";"Queda de ocupante de veículo";"Com Vítimas Feridas";"Plena Noite";"Crescente";"Garoa/Chuvisco";"Dupla";"Reta";"Sim";1;0;1;0;0;0;1;1;"-7.1121";"-34.8426";"SR-PB";"DEL14/1";"UOP01/PB"
186231;2019-01-19;"sábado";"18:55:00";"MS";163;481,8;"CAMPO GRANDE";"Ingestão de Álcool";"Colisão frontal";"Com Vítimas Feridas";"Anoitecer";"Decrescente";"Nublado";"Simples";"Viaduto";"Sim";2;0;1;0;1;0;1;2;"-20.463915";"-54.555949";"SR-MS";"DEL3/1";"UOP02/MS"
186232;2019-01-19;"sábado";"18:50:00";"RS";158;165,3;"PEJUCARA";"Ingestão de Álcool";"Saída de leito carroçável";"Sem Vítimas";"Pleno dia";"Decrescente";"Nublado";"Simples";"Curva";"Não";1;0;0;0;1;0;0;1;"-28.397446";"-53.526817";"SR-RS";"DEL9/10";"UOP02/RS"
186233;2019-01-19;"sábado";"20:10:00";"ES";101;259;"SERRA";"Desobediência às normas de trânsito pelo pedestre";"Atropelamento de Pedestre";"Com Vítimas Feridas";"Plena Noite";"Crescente";"Céu Claro";"Simples";"Não Informado";"Sim";4;0;0;2;1;1;2;2;"-20.14101244";"-40.29220149";"SR-ES";"DEL12/2";"UOP01/ES"
186234;2019-01-19;"sábado";"16:20:00";"RJ";116;290,1;"BARRA MANSA";"Defeito Mecânico no Veículo";"Tombamento";"Com Vítimas Feridas";"Pleno dia";"Crescente";"Céu Claro";"Dupla";"Curva";"Não";2;0;2;0;0;0;2;1;"-22.4538699";"-44.3013382";"SR-RJ";"DEL5/7";"UOP03/RJ"
186235;2019-01-19;"sábado";"18:00:00";"PI";343;597,3;"FLORIANO";"Falta de Atenção à Condução";"Colisão transversal";"Com Vítimas Feridas";"Anoitecer";"Decrescente";"Céu Claro";"Dupla";"Reta";"Sim";2;0;1;0;1;0;1;2;"-6.812184";"-43.056244";"SR-PI";"DEL17/3";"UOP01/PI"
186236;2019-01-19;"sábado";"19:05:00";"BA";116;816,4;"VITORIA DA CONQUISTA";"Desobediência às normas de trânsito pelo condutor";"Atropelamento de Pedestre";"Com Vítimas Feridas";"Plena Noite";"Crescente";"Céu Claro";"Simples";"Reta";"Não";2;0;1;0;1;0;1;1;"-14.81719393";"-40.80667068";"SR-BA";"DEL10/8";"UOP01/BA"
186237;2019-01-19;"sábado";"20:00:00";"SP";153;35,7;"NOVA GRANADA";"Defeito Mecânico no Veículo";"Engavetamento";"Sem Vítimas";"Plena Noite";"Crescente";"Céu Claro";"Simples";"Reta";"Sim";6;0;0;0;5;1;0;3;"-20.580593";"-49.319378";"SR-SP";"DEL6/9";"UOP01/SP"
186238;2019-01-19;"sábado";"18:30:00";"SE";235;107,6;"CARIRA";"Não guardar distância de segurança";"Tombamento";"Com Vítimas Fatais";"Plena Noite";"Crescente";"Céu Claro";"Simples";"Reta";"Não";2;1;0;0;0;1;0;2;"-10.359977";"-37.69725";"SR-SE";"DEL20/1";"UOP02/SE"
186239;2019-01-19;"sábado";"15:00:00";"MT";70;76,6;"GENERAL CARNEIRO";"Sinalização da via insuficiente ou inadequada";"Saída de leito carroçável";"Com Vítimas Feridas";"Pleno dia";"Crescente";"Céu Claro";"Simples";"Curva";"Não";2;0;0;1;1;0;1;1;"-15.66899";"-52.800949";"SR-MT";"DEL2/8";"UOP01/MT"
186240;2019-01-19;"sábado";"19:30:00";"TO";153;136;"ARAGUAINA";"Ingestão de Álcool";"Colisão traseira";"Sem Vítimas";"Plena Noite";"Crescente";"Nublado";"Simples";"Reta";"Sim";2;0;0;0;2;0;0;2;"-7.137507";"-48.200943";"SR-TO";"UOP04/TO";""
186241;2019-01-19;"sábado";"19:25:00";"PE";423;27,5;"SAO CAITANO";"Desobediência às normas de trânsito pelo condutor";"Colisão frontal";"Com Vítimas Feridas";"Plena Noite";"Crescente";"Céu Claro";"Simples";"Não Informado";"Não";4;0;1;0;3;0;1;2;"-8.395463";"-36.180763";"SR-PE";"DEL11/2";"UOP02/PE"
186243;2019-01-19;"sábado";"20:40:00";"MG";381;409,6;"NOVA UNIAO";"Defeito na Via";"Colisão frontal";"Com Vítimas Feridas";"Plena Noite";"Decrescente";"Céu Claro";"Simples";"Curva";"Não";2;0;0;1;1;0;1;2;"-19.7376225";"-43.60233307";"SR-MG";"DEL4/1";"UOP01/MG"
186244;2019-01-19;"sábado";"18:40:00";"RR";401;6;"CANTA";"Ingestão de Álcool";"Colisão frontal";"Com Vítimas Feridas";"Plena Noite";"Decrescente";"Céu Claro";"Simples";"Reta";"Não";3;0;0;1;1;1;1;2;"2.790548";"-60.642979";"SR-RR";"UOP01/RR";""
186246;2019-01-19;"sábado";"20:45:00";"SC";101;207;"SAO JOSE";"Falta de Atenção à Condução";"Tombamento";"Com Vítimas Feridas";"Plena Noite";"Decrescente";"Céu Claro";"Simples";"Reta";"Não";1;0;1;0;0;0;1;1;"-27.6034";"-48.632";"SR-SC";"DEL8/1";"UOP01/SC"
186247;2019-01-19;"sábado";"20:30:00";"SP";116;269,6;"TABOAO DA SERRA";"Não guardar distância de segurança";"Colisão traseira";"Com Vítimas Feridas";"Plena Noite";"Decrescente";"Nublado";"Dupla";"Reta";"Sim";3;0;1;0;2;0;1;3;"-23.60866614";"-46.76811218";"SR-SP";"DEL6/4";"UOP01/SP"
186248;2019-01-19;"sábado";"18:30:00";"PR";476;242,7;"LAPA";"Velocidade Incompatível";"Colisão frontal";"Com Vítimas Feridas";"Pleno dia";"Crescente";"Chuva";"Simples";"Curva";"Não";3;0;2;0;1;0;2;2;"-25.858768";"-50.08609";"SR-PR";"DEL7/2";"UOP03/PR"
186249;2019-01-19;"sábado";"17:45:00";"MA";230;403;"BALSAS";"Desobediência às normas de trânsito pelo condutor";"Colisão lateral";"Com Vítimas Feridas";"Pleno dia";"Crescente";"Céu Claro";"Simples";"Reta";"Sim";5;0;1;0;4;0;1;2;"-7.521335";"-46.04969";"SR-MA";"DEL18/5";"UOP01/MA"
186250;2019-01-19;"sábado";"20:35:00";"PE";408;75,3;"PAUDALHO";"Desobediência às normas de trânsito pelo condutor";"Colisão frontal";"Com Vítimas Feridas";"Plena Noite";"Crescente";"Céu Claro";"Dupla";"Reta";"Sim";3;0;2;0;1;0;2;2;"-7.908999";"-35.170816";"SR-PE";"DEL11/1";"UOP01/PE"
186251;2019-01-19;"sábado";"20:30:00";"RN";101;85;"NATAL";"Ingestão de Álcool";"Atropelamento de Pedestre";"Com Vítimas Feridas";"Plena Noite";"Decrescente";"Céu Claro";"Dupla";"Reta";"Sim";3;0;3;0;0;0;3;1;"-5.777664";"-35.249371";"SR-RN";"DEL15/2";"UOP01/RN"
186252;2019-01-19;"sábado";"20:00:00";"MT";163;739;"SORRISO";"Ingestão de Álcool";"Atropelamento de Pedestre";"Com Vítimas Feridas";"Plena Noite";"Crescente";"Céu Claro";"Simples";"Reta";"Não";2;0;2;0;0;0;2;2;"-12.65172336";"-55.78868335";"SR-MT";"DEL2/6";"UOP01/MT"
186253;2019-01-19;"sábado";"21:00:00";"SP";153;71,3;"SAO JOSE DO RIO PRETO";"Sinalização da via insuficiente ou inadequada";"Colisão com objeto estático";"Com Vítimas Feridas";"Plena Noite";"Crescente";"Céu Claro";"Dupla";"Reta";"Não";1;0;1;0;0;0;1;1;"-20.858019";"-49.406662";"SR-SP";"DEL6/9";"UOP01/SP"
186254;2019-01-19;"sábado";"21:20:00";"SP";116;306,5;"SAO LOURENCO DA SERRA";"Defeito na Via";"Tombamento";"Com Vítimas Feridas";"Plena Noite";"Decrescente";"Nublado";"Dupla";"Reta";"Não";2;0;2;0;0;0;2;1;"-23.84735734";"-46.93761706";"SR-SP";"DEL6/4";"UOP01/SP"
186255;2019-01-19;"sábado";"19:00:00";"RO";364;716;"PORTO VELHO";"Objeto estático sobre o leito carroçável";"Capotamento";"Sem Vítimas";"Plena Noite";"Decrescente";"Garoa/Chuvisco";"Dupla";"Não Informado";"Sim";3;0;0;0;3;0;0;1;"-8.79582927";"-63.90854359";"SR-RO";"DEL21/1";"UOP01/RO"
186256;2019-01-19;"sábado";"20:30:00";"TO";230;49;"NAZARE";"Falta de Atenção à Condução";"Colisão com objeto estático";"Com Vítimas Fatais";"Plena Noite";"Crescente";"Céu Claro";"Simples";"Reta";"Não";3;1;0;0;2;0;0;2;"-6.321803";"-47.736515";"SR-TO";"UOP05/TO";""
186257;2019-01-19;"sábado";"19:30:00";"PB";230;35;"SANTA RITA";"Falta de Atenção à Condução";"Queda de ocupante de veículo";"Com Vítimas Feridas";"Plena Noite";"Crescente";"Céu Claro";"Dupla";"Não Informado";"Sim";3;0;2;0;0;1;2;2;"-7.1268";"-34.9412";"SR-PB";"DEL14/1";"UOP01/PB"
186259;2019-01-07;"segunda-feira";"08:55:00";"SP";116;227;"SAO PAULO";"Não guardar distância de segurança";"Colisão lateral";"Com Vítimas Feridas";"Pleno dia";"Crescente";"Sol";"Múltipla";"Desvio Temporário";"Sim";2;0;0;1;1;0;1;2;"-23.49938732";"-46.55955971";"SR-SP";"DEL6/1";"UOP01/SP"
186260;2019-01-19;"sábado";"22:30:00";"CE";20;431;"EUSEBIO";"Ingestão de Álcool";"Colisão com objeto estático";"Sem Vítimas";"Plena Noite";"Crescente";"Nublado";"Dupla";"Reta";"Sim";1;0;0;0;1;0;0;1;"-3.870889";"-38.482937";"SR-CE";"DEL16/1";"UOP02/CE"
186261;2019-01-19;"sábado";"21:15:00";"SC";470;2,4;"NAVEGANTES";"Falta de Atenção à Condução";"Colisão traseira";"Com Vítimas Feridas";"Plena Noite";"Crescente";"Chuva";"Simples";"Curva";"Não";2;0;1;0;1;0;1;2;"-26.868551";"-48.674831";"SR-SC";"DEL8/4";"UOP04/SC"
186262;2019-01-19;"sábado";"21:30:00";"RN";427;62,5;"JARDIM DO SERIDO";"Falta de Atenção à Condução";"Colisão com objeto estático";"Com Vítimas Fatais";"Plena Noite";"Crescente";"Céu Claro";"Simples";"Curva";"Não";1;1;0;0;0;0;0;1;"-6.57286928";"-36.84230804";"SR-RN";"DEL15/3";"UOP01/RN"
186263;2019-01-19;"sábado";"20:15:00";"MT";163;884;"CLAUDIA";"Velocidade Incompatível";"Capotamento";"Com Vítimas Feridas";"Plena Noite";"Decrescente";"Céu Claro";"Simples";"Reta";"Não";3;0;2;0;1;0;2;1;"-11.46319667";"-55.35921877";"SR-MT";"DEL2/6";"UOP02/MT"
186264;2019-01-19;"sábado";"21:45:00";"RN";304;123;"ITAJA";"Animais na Pista";"Atropelamento de Animal";"Com Vítimas Feridas";"Plena Noite";"Decrescente";"Céu Claro";"Simples";"Não Informado";"Não";1;0;0;1;0;0;1;1;"-5.65378";"-36.815922";"SR-RN";"DEL15/4";"UOP01/RN"
186265;2019-01-19;"sábado";"20:30:00";"SP";116;411;"JUQUIA";"Falta de Atenção à Condução";"Colisão traseira";"Sem Vítimas";"Plena Noite";"Crescente";"Garoa/Chuvisco";"Dupla";"Reta";"Não";2;0;0;0;1;1;0;2;"-24.33083055";"-47.58281708";"SR-SP";"DEL6/5";"UOP01/SP"
186266;2019-01-19;"sábado";"21:30:00";"SP";116;414;"JUQUIA";"Ingestão de Álcool";"Colisão traseira";"Com Vítimas Feridas";"Plena Noite";"Crescente";"Chuva";"Dupla";"Curva";"Não";2;0;1;0;1;0;1;2;"-24.33484512";"-47.63345718";"SR-SP";"DEL6/5";"UOP01/SP"
186267;2019-01-19;"sábado";"22:25:00";"SC";101;47,7;"JOINVILLE";"Falta de Atenção à Condução";"Tombamento";"Com Vítimas Feridas";"Plena Noite";"Decrescente";"Chuva";"Dupla";"Curva";"Não";1;0;1;0;0;0;1;1;"-26.3752";"-48.8549";"SR-SC";"DEL8/3";"UOP01/SC"
186268;2019-01-19;"sábado";"19:00:00";"SC";280;0,7;"SAO FRANCISCO DO SUL";"Falta de Atenção à Condução";"Saída de leito carroçável";"Sem Vítimas";"Anoitecer";"Crescente";"Chuva";"Simples";"Curva";"Não";1;0;0;0;1;0;0;1;"-26.241474";"-48.63486";"SR-SC";"DEL8/3";"UOP03/SC"
186269;2019-01-19;"sábado";"17:55:00";"MG";262;62,7;"MATIPO";"Velocidade Incompatível";"Colisão frontal";"Com Vítimas Fatais";"Pleno dia";"Decrescente";"Sol";"Simples";"Não Informado";"Não";3;1;1;1;0;0;2;2;"-20.292633";"-42.226898";"SR-MG";"DEL4/6";"UOP04/MG"
186270;2019-01-19;"sábado";"21:10:00";"MS";163;268,7;"DOURADOS";"Ingestão de Álcool";"Colisão traseira";"Sem Vítimas";"Pleno dia";"Decrescente";"Céu Claro";"Dupla";"Reta";"Não";2;0;0;0;2;0;0;2;"-22.203531";"-54.704791";"SR-MS";"DEL3/4";"UOP01/MS"
186271;2019-01-19;"sábado";"23:00:00";"SP";116;328,8;"JUQUITIBA";"Falta de Atenção à Condução";"Queda de ocupante de veículo";"Com Vítimas Feridas";"Plena Noite";"Decrescente";"Chuva";"Dupla";"Reta";"Não";1;0;1;0;0;0;1;1;"-23.93646861";"-47.0803716";"SR-SP";"DEL6/4";"UOP02/SP"
186272;2019-01-19;"sábado";"23:10:00";"SC";470;247,2;"CURITIBANOS";"Desobediência às normas de trânsito pelo condutor";"Colisão lateral";"Com Vítimas Feridas";"Plena Noite";"Crescente";"Nublado";"Simples";"Interseção de vias";"Sim";2;0;0;1;1;0;1;2;"-27.312902";"-50.559643";"SR-SC";"DEL8/5";"UOP03/SC"
186273;2019-01-19;"sábado";"19:20:00";"SC";280;14,1;"SAO FRANCISCO DO SUL";"Falta de Atenção à Condução";"Colisão lateral";"Com Vítimas Feridas";"Anoitecer";"Decrescente";"Chuva";"Simples";"Não Informado";"Não";3;0;0;2;1;0;2;2;"-26.33083572";"-48.65163445";"SR-SC";"DEL8/3";"UOP03/SC"
186274;2019-01-19;"sábado";"19:30:00";"PI";316;4;"TERESINA";"Fenômenos da Natureza";"Colisão com objeto em movimento";"Com Vítimas Feridas";"Plena Noite";"Decrescente";"Garoa/Chuvisco";"Simples";"Reta";"Sim";1;0;1;0;0;0;1;1;"-5.136601";"-42.788982";"SR-PI";"DEL17/1";"UOP02/PI"
186275;2019-01-19;"sábado";"16:20:00";"RJ";101;475;"MANGARATIBA";"Agressão Externa";"Colisão com objeto estático";"Com Vítimas Feridas";"Pleno dia";"Decrescente";"Céu Claro";"Simples";"Reta";"Não";2;0;1;0;1;0;1;1;"-22.937099";"-44.010822";"SR-RJ";"DEL5/3";"UOP02/RJ"
186276;2019-01-19;"sábado";"23:30:00";"SC";101;133,8;"BALNEARIO CAMBORIU";"Falta de Atenção à Condução";"Colisão transversal";"Com Vítimas Feridas";"Plena Noite";"Crescente";"Céu Claro";"Simples";"Interseção de vias";"Sim";2;0;1;0;1;0;1;2;"-27.0021";"-48.6362";"SR-SC";"DEL8/4";"UOP03/SC"
186277;2019-01-19;"sábado";"23:00:00";"GO";153;210;"URUACU";"Ingestão de Álcool";"Saída de leito carroçável";"Com Vítimas Feridas";"Plena Noite";"Decrescente";"Céu Claro";"Simples";"Não Informado";"Não";1;0;0;1;0;0;1;1;"-14.605865";"-49.166637";"SR-GO";"DEL1/7";"UOP02/GO"
186278;2019-01-19;"sábado";"16:00:00";"PI";135;523,5;"GILBUES";"Desobediência às normas de trânsito pelo condutor";"Colisão traseira";"Com Vítimas Fatais";"Pleno dia";"Decrescente";"Céu Claro";"Simples";"Reta";"Não";2;1;0;0;1;0;0;2;"-9.901671";"-45.341549";"SR-PI";"DEL17/3";"UOP02/PI"
186279;2019-01-19;"sábado";"19:45:00";"BA";407;66;"JUAZEIRO";"Ingestão de Álcool";"Colisão traseira";"Com Vítimas Fatais";"Plena Noite";"Crescente";"Céu Claro";"Simples";"Reta";"Não";4;1;0;0;3;0;0;3;"-9.93212";"-40.25741";"SR-BA";"DEL10/4";"UOP01/BA"
186281;2019-01-19;"sábado";"23:15:00";"MG";40;516;"CONTAGEM";"Mal Súbito";"Saída de leito carroçável";"Com Vítimas Feridas";"Plena Noite";"Crescente";"Céu Claro";"Dupla";"Reta";"Não";1;0;1;0;0;0;1;1;"-19.8278";"-44.0836";"SR-MG";"DEL4/1";"UOP03/MG"
186282;2019-01-20;"domingo";"00:15:00";"SP";381;21;"BRAGANCA PAULISTA";"Falta de Atenção à Condução";"Atropelamento de Pedestre";"Com Vítimas Feridas";"Plena Noite";"Crescente";"Garoa/Chuvisco";"Múltipla";"Curva";"Não";4;0;2;2;0;0;4;3;"-22.991409";"-46.508789";"SR-SP";"DEL6/3";"UOP01/SP"
186283;2019-01-20;"domingo";"00:05:00";"GO";60;176,3;"ABADIA DE GOIAS";"Agressão Externa";"Colisão com objeto estático";"Sem Vítimas";"Plena Noite";"Crescente";"Céu Claro";"Dupla";"Desvio Temporário";"Sim";1;0;0;0;0;1;0;1;"-16.7563";"-49.4402";"SR-GO";"DEL1/1";"UOP02/GO"
186284;2019-01-20;"domingo";"00:10:00";"SP";116;221,6;"GUARULHOS";"Não guardar distância de segurança";"Colisão traseira";"Sem Vítimas";"Plena Noite";"Crescente";"Nublado";"Múltipla";"Reta";"Não";2;0;0;0;2;0;0;2;"-23.47096202";"-46.51705742";"SR-SP";"DEL6/1";"UOP01/SP"
186285;2019-01-19;"sábado";"21:45:00";"RS";116;39,8;"VACARIA";"Ingestão de Álcool";"Colisão traseira";"Com Vítimas Feridas";"Plena Noite";"Decrescente";"Céu Claro";"Simples";"Reta";"Sim";2;0;0;1;0;1;1;2;"-28.512012";"-50.932381";"SR-RS";"DEL9/5";"UOP03/RS"
186286;2019-01-20;"domingo";"00:45:00";"PR";369;166;"CAMBE";"Ingestão de Álcool";"Colisão frontal";"Com Vítimas Feridas";"Plena Noite";"Crescente";"Céu Claro";"Dupla";"Reta";"Não";3;0;0;2;1;0;2;2;"-23.29527926";"-51.31173134";"SR-PR";"DEL7/7";"UOP01/PR"
186288;2019-01-19;"sábado";"23:50:00";"MG";153;239,2;"FRONTEIRA";"Não guardar distância de segurança";"Colisão lateral";"Sem Vítimas";"Plena Noite";"Crescente";"Céu Claro";"Simples";"Reta";"Sim";1;0;0;0;1;0;0;1;"-20.2553684";"-49.17354053";"SR-MG";"DEL13";"UOP02/MG"
186289;2019-01-20;"domingo";"00:20:00";"RN";427;62,5;"JARDIM DO SERIDO";"Ingestão de Álcool";"Colisão traseira";"Com Vítimas Feridas";"Plena Noite";"Crescente";"Céu Claro";"Simples";"Curva";"Não";2;0;0;1;1;0;1;2;"-6.576503";"-36.826595";"SR-RN";"DEL15/3";"UOP01/RN"
186290;2019-01-19;"sábado";"22:40:00";"CE";20;424;"MARACANAU";"Sinalização da via insuficiente ou inadequada";"Atropelamento de Pedestre";"Com Vítimas Feridas";"Plena Noite";"Crescente";"Céu Claro";"Dupla";"Reta";"Não";2;0;1;0;1;0;1;1;"-3.8606268";"-38.53624474";"SR-CE";"DEL16/1";"UOP02/CE"
186291;2019-01-20;"domingo";"00:20:00";"CE";116;35;"HORIZONTE";"Ingestão de Álcool";"Colisão traseira";"Com Vítimas Feridas";"Plena Noite";"Crescente";"Céu Claro";"Dupla";"Reta";"Sim";6;0;1;2;2;1;3;2;"-4.0664";"-38.5024";"SR-CE";"DEL16/1";"UOP02/CE"
186292;2019-01-19;"sábado";"21:50:00";"BA";116;365;"SERRINHA";"Falta de Atenção à Condução";"Colisão com objeto estático";"Sem Vítimas";"Plena Noite";"Decrescente";"Céu Claro";"Simples";"Reta";"Não";2;0;0;0;2;0;0;2;"-11.69052393";"-38.9865303";"SR-BA";"DEL10/2";"UOP01/BA"
186293;2019-01-19;"sábado";"23:30:00";"PE";232;393,9;"SERRA TALHADA";"Animais na Pista";"Atropelamento de Animal";"Sem Vítimas";"Plena Noite";"Decrescente";"Chuva";"Simples";"Não Informado";"Não";1;0;0;0;1;0;0;1;"-8.010047";"-38.242943";"SR-PE";"DEL11/4";"UOP01/PE"
186294;2019-01-20;"domingo";"00:20:00";"PR";277;33,2;"MORRETES";"Condutor Dormindo";"Colisão com objeto estático";"Com Vítimas Feridas";"Plena Noite";"Decrescente";"Nublado";"Dupla";"Não Informado";"Não";1;0;1;0;0;0;1;1;"-25.56700747";"-48.81083965";"SR-PR";"DEL7/1";"UOP07/PR"
186295;2019-01-19;"sábado";"23:30:00";"SC";116;247,8;"LAGES";"Ingestão de Álcool";"Colisão transversal";"Com Vítimas Feridas";"Plena Noite";"Crescente";"Céu Claro";"Simples";"Interseção de vias";"Não";3;0;2;0;1;0;2;2;"-27.81795025";"-50.37288493";"SR-SC";"DEL8/5";"UOP02/SC"
186297;2019-01-20;"domingo";"01:40:00";"PE";101;93;"CABO DE SANTO AGOSTINHO";"Condutor Dormindo";"Saída de leito carroçável";"Com Vítimas Fatais";"Plena Noite";"Crescente";"Nublado";"Simples";"Reta";"Não";1;1;0;0;0;0;0;1;"-8.2379";"-35.0024";"SR-PE";"DEL11/1";"UOP03/PE"
186298;2019-01-19;"sábado";"22:00:00";"PA";222;230,6;"MARABA";"Desobediência às normas de trânsito pelo condutor";"Colisão traseira";"Com Vítimas Fatais";"Plena Noite";"Decrescente";"Chuva";"Simples";"Reta";"Não";3;1;2;0;0;0;2;3;"-5.22437862";"-49.05160382";"SR-PA";"DEL19/3";"UOP01/PA"
186299;2019-01-20;"domingo";"01:40:00";"RS";290;91,1;"PORTO ALEGRE";"Ingestão de Álcool";"Saída de leito carroçável";"Sem Vítimas";"Plena Noite";"Decrescente";"Céu Claro";"Simples";"Curva";"Sim";1;0;0;0;1;0;0;1;"-29.96995099";"-51.16835302";"SR-RS";"DEL9/1";"UOP01/RS"
186300;2019-01-20;"domingo";"00:10:00";"MT";364;276,6;"JACIARA";"Defeito na Via";"Queda de ocupante de veículo";"Com Vítimas Feridas";"Plena Noite";"Decrescente";"Ignorado";"Simples";"Desvio Temporário";"Não";1;0;1;0;0;0;1;1;"-15.953446";"-54.99099";"SR-MT";"DEL2/1";"UOP02/MT"
186303;2019-01-20;"domingo";"02:15:00";"SP";116;486,8;"CAJATI";"Falta de Atenção do Pedestre";"Atropelamento de Pedestre";"Com Vítimas Feridas";"Plena Noite";"Decrescente";"Garoa/Chuvisco";"Dupla";"Reta";"Não";2;0;0;1;1;0;1;1;"-24.73122645";"-48.10386786";"SR-SP";"DEL6/5";"UOP02/SP"
186304;2019-01-19;"sábado";"23:40:00";"PR";277;97;"CURITIBA";"Falta de Atenção à Condução";"Colisão com objeto estático";"Sem Vítimas";"Plena Noite";"Crescente";"Céu Claro";"Dupla";"Interseção de vias";"Sim";1;0;0;0;1;0;0;1;"-25.43023913";"-49.34020753";"SR-PR";"DEL7/1";"UOP04/PR"
186305;2019-01-20;"domingo";"06:35:00";"RJ";40;84;"PETROPOLIS";"Defeito na Via";"Tombamento";"Com Vítimas Feridas";"Pleno dia";"Crescente";"Céu Claro";"Simples";"Curva";"Não";2;0;2;0;0;0;2;1;"-22.5511";"-43.2257";"SR-RJ";"DEL5/6";"UOP03/RJ"
186306;2019-01-20;"domingo";"02:30:00";"PR";277;10;"PARANAGUA";"Falta de Atenção à Condução";"Colisão com objeto estático";"Com Vítimas Feridas";"Plena Noite";"Crescente";"Nublado";"Dupla";"Curva";"Sim";1;0;1;0;0;0;1;1;"-25.56749501";"-48.61666247";"SR-PR";"DEL7/1";"UOP07/PR"
186307;2019-01-20;"domingo";"05:40:00";"SC";480;129,8;"CHAPECO";"Velocidade Incompatível";"Colisão com objeto estático";"Com Vítimas Feridas";"Amanhecer";"Decrescente";"Céu Claro";"Dupla";"Curva";"Sim";1;0;1;0;0;0;1;1;"-27.05698557";"-52.63687134";"SR-SC";"DEL7";"UOP01/SC"
186308;2019-01-20;"domingo";"05:10:00";"RS";158;324,2;"SANTA MARIA";"Velocidade Incompatível";"Saída de leito carroçável";"Com Vítimas Feridas";"Plena Noite";"Decrescente";"Nublado";"Simples";"Não Informado";"Sim";2;0;1;1;0;0;2;1;"-29.70236804";"-53.79009247";"SR-RS";"DEL9/9";"UOP01/RS"
186309;2019-01-20;"domingo";"04:20:00";"RJ";116;166;"RIO DE JANEIRO";"Animais na Pista";"Atropelamento de Animal";"Com Vítimas Feridas";"Plena Noite";"Crescente";"Ignorado";"Dupla";"Reta";"Sim";1;0;1;0;0;0;1;1;"-22.815603";"-43.300518";"SR-RJ";"DEL5/1";"UOP02/RJ"
186310;2019-01-20;"domingo";"03:30:00";"SP";488;2,7;"APARECIDA";"Velocidade Incompatível";"Colisão traseira";"Sem Vítimas";"Plena Noite";"Decrescente";"Nublado";"Dupla";"Curva";"Sim";2;0;0;0;2;0;0;2;"-22.849216";"-45.236801";"SR-SP";"DEL6/8";"UOP02/SP"
186311;2019-01-20;"domingo";"00:01:00";"SP";116;109;"TAUBATE";"Falta de Atenção à Condução";"Queda de ocupante de veículo";"Com Vítimas Feridas";"Plena Noite";"Crescente";"Céu Claro";"Dupla";"Reta";"Sim";1;0;1;0;0;0;1;1;"-23.028759";"-45.545235";"SR-SP";"DEL6";"UOP01/SP"
186312;2019-01-20;"domingo";"06:30:00";"MT";163;759;"SORRISO";"Ingestão de Álcool";"Saída de leito carroçável";"Sem Vítimas";"Amanhecer";"Crescente";"Céu Claro";"Simples";"Reta";"Não";1;0;0;0;1;0;0;1;"-12.49783168";"-55.68730566";"SR-MT";"DEL2/6";"UOP01/MT"
186313;2019-01-20;"domingo";"06:00:00";"MT";163;770;"SORRISO";"Falta de Atenção à Condução";"Colisão frontal";"Sem Vítimas";"Amanhecer";"Crescente";"Sol";"Simples";"Não Informado";"Não";2;0;0;0;1;1;0;2;"-12.39417756";"-55.61903179";"SR-MT";"DEL2/6";"UOP01/MT"