"id";"data_inversa";"dia_semana";"horario";"uf";"br";"km";"municipio";"causa_acidente";"tipo_acidente";"classificacao_acidente";"fase_dia";"sentido_via";"condicao_metereologica";"tipo_pista";"tracado_via";"uso_solo";"pessoas";"mortos";"feridos_leves";"feridos_graves";"ilesos";"ignorados";"feridos";"veiculos";"latitude";"longitude";"regional";"delegacia";"uop"
186688;2019-01-21;"segunda-feira";"19:30:00";"BA";110;368;"CATU";"Desobediência às normas de trânsito pelo condutor";"Colisão transversal";"Com Vítimas Feridas";"Plena Noite";"Crescente";"Céu Claro";"Simples";"Curva";"Sim";2;0;2;0;0;0;2;2;"-12.37086645";"-38.38549018";"SR-BA";"DEL10/1";"UOP04/BA"
186689;2019-01-21;"segunda-feira";"20:30:00";"SC";280;130;"RIO NEGRINHO";"Desobediência às normas de trânsito pelo condutor";"Colisão frontal";"Com Vítimas Feridas";"Plena Noite";"Decrescente";"Céu Claro";"Simples";"Interseção de vias";"Sim";2;0;0;1;1;0;1;2;"-26.253033";"-49.529274";"SR-SC";"DEL8/6";"UOP03/SC"
186691;2019-01-21;"segunda-feira";"20:00:00";"BA";101;382;"GANDU";"Falta de Atenção à Condução";"Tombamento";"Com Vítimas Feridas";"Plena Noite";"Crescente";"Céu Claro";"Simples";"Curva";"Não";1;0;1;0;0;0;1;1;"-13.8797";"-39.4884";"SR-BA";"DEL10/5";"UOP03/BA"
186692;2019-01-21;"segunda-feira";"21:30:00";"MG";267;131;"JUIZ DE FORA";"Animais na Pista";"Colisão frontal";"Com Vítimas Feridas";"Plena Noite";"Crescente";"Nublado";"Simples";"Reta";"Não";2;0;1;0;1;0;1;2;"-21.73284584";"-43.55137825";"SR-MG";"DEL5";"UOP01/MG"
186693;2019-01-21;"segunda-feira";"19:50:00";"PE";424;90,7;"GARANHUNS";"Ingestão de Álcool";"Colisão com objeto em movimento";"Com Vítimas Feridas";"Plena Noite";"Crescente";"Céu Claro";"Simples";"Reta";"Sim";3;0;1;0;2;0;1;2;"-8.896362";"-36.501579";"SR-PE";"DEL11/3";"UOP01/PE"
186694;2019-01-21;"segunda-feira";"21:00:00";"RS";392;59;"PELOTAS";"Restrição de Visibilidade";"Saída de leito carroçável";"Sem Vítimas";"Plena Noite";"Decrescente";"Céu Claro";"Simples";"Reta";"Não";1;0;0;0;1;0;0;1;"-31.77400201";"-52.3601532";"SR-RS";"DEL9/7";"UOP02/RS"
186695;2019-01-21;"segunda-feira";"22:00:00";"SC";101;215,5;"PALHOCA";"Pista Escorregadia";"Tombamento";"Com Vítimas Feridas";"Plena Noite";"Crescente";"Céu Claro";"Dupla";"Rotatória";"Sim";1;0;1;0;0;0;1;1;"-27.6601";"-48.6774";"SR-SC";"DEL8/1";"UOP02/SC"
186696;2019-01-21;"segunda-feira";"18:30:00";"GO";364;277;"MINEIROS";"Defeito Mecânico no Veículo";"Tombamento";"Sem Vítimas";"Anoitecer";"Decrescente";"Céu Claro";"Simples";"Reta";"Não";1;0;0;0;1;0;0;1;"-17.645481";"-52.366634";"SR-GO";"DEL1/5";"UOP01/GO"
186697;2019-01-21;"segunda-feira";"20:00:00";"PE";101;185,2;"PALMARES";"Defeito Mecânico no Veículo";"Incêndio";"Sem Vítimas";"Plena Noite";"Crescente";"Céu Claro";"Dupla";"Reta";"Sim";1;0;0;0;1;0;0;1;"-8.6834";"-35.5796";"SR-PE";"DEL11/1";"UOP03/PE"
186698;2019-01-21;"segunda-feira";"20:00:00";"RJ";101;200;"CASIMIRO DE ABREU";"Desobediência às normas de trânsito pelo condutor";"Colisão transversal";"Com Vítimas Feridas";"Plena Noite";"Decrescente";"Céu Claro";"Dupla";"Curva";"Sim";2;0;0;1;1;0;1;2;"-22.482948";"-42.144001";"SR-RJ";"DEL5/2";"UOP04/RJ"
186699;2019-01-21;"segunda-feira";"22:45:00";"GO";50;265,1;"CATALAO";"Sinalização da via insuficiente ou inadequada";"Saída de leito carroçável";"Sem Vítimas";"Plena Noite";"Decrescente";"Céu Claro";"Simples";"Não Informado";"Não";1;0;0;0;1;0;0;1;"-18.0702";"-47.8644";"SR-GO";"DEL1/6";"UOP01/GO"
186700;2019-01-21;"segunda-feira";"20:00:00";"CE";222;81,5;"SAO LUIS DO CURU";"Falta de Atenção à Condução";"Tombamento";"Sem Vítimas";"Plena Noite";"Decrescente";"Céu Claro";"Simples";"Curva";"Não";1;0;0;0;1;0;0;1;"-3.67573";"-39.268383";"SR-CE";"DEL16/4";"UOP03/CE"
186701;2019-01-21;"segunda-feira";"23:00:00";"RS";290;213,8;"PANTANO GRANDE";"Falta de Atenção à Condução";"Tombamento";"Com Vítimas Feridas";"Plena Noite";"Crescente";"Céu Claro";"Simples";"Interseção de vias";"Não";3;0;1;0;2;0;1;1;"-30.182795";"-52.346878";"SR-RS";"DEL9/2";"UOP03/RS"
186702;2019-01-21;"segunda-feira";"23:30:00";"PR";277;345,5;"GUARAPUAVA";"Animais na Pista";"Atropelamento de Animal";"Com Vítimas Feridas";"Plena Noite";"Crescente";"Nublado";"Simples";"Reta";"Sim";1;0;1;0;0;0;1;1;"-25.36592532";"-51.48892549";"SR-PR";"DEL7/3";"UOP02/PR"
186703;2019-01-21;"segunda-feira";"16:20:00";"PR";277;347;"GUARAPUAVA";"Ingestão de Álcool";"Colisão traseira";"Sem Vítimas";"Pleno dia";"Crescente";"Chuva";"Simples";"Reta";"Sim";2;0;0;0;2;0;0;2;"-25.37559282";"-51.50364876";"SR-PR";"DEL7/3";"UOP02/PR"
186704;2019-01-21;"segunda-feira";"23:15:00";"PR";277;122;"CAMPO LARGO";"Desobediência às normas de trânsito pelo condutor";"Capotamento";"Com Vítimas Feridas";"Plena Noite";"Crescente";"Nublado";"Dupla";"Reta";"Não";2;0;0;2;0;0;2;1;"-25.446043";"-49.569397";"SR-PR";"DEL7/1";"UOP05/PR"
186705;2019-01-21;"segunda-feira";"23:40:00";"MG";381;842,8;"SAO SEBASTIAO DA BELA VISTA";"Condutor Dormindo";"Colisão traseira";"Com Vítimas Feridas";"Plena Noite";"Crescente";"Céu Claro";"Dupla";"Reta";"Não";2;0;0;1;1;0;1;2;"-22.1892";"-45.8455";"SR-MG";"DEL09";"UOP01/MG"
186706;2019-01-22;"terça-feira";"00:05:00";"MG";381;818;"CAREACU";"Falta de Atenção à Condução";"Colisão lateral";"Com Vítimas Feridas";"Plena Noite";"Decrescente";"Céu Claro";"Dupla";"Reta";"Não";2;0;1;0;1;0;1;2;"-22.0594";"-45.6992";"SR-MG";"DEL09";"UOP02/MG"
186707;2019-01-21;"segunda-feira";"20:25:00";"RO";364;521;"ARIQUEMES";"Falta de Atenção à Condução";"Colisão traseira";"Com Vítimas Feridas";"Plena Noite";"Decrescente";"Céu Claro";"Simples";"Reta";"Não";6;0;2;0;4;0;2;2;"-9.870522";"-63.057796";"SR-RO";"DEL21/3";"UOP01/RO"
186708;2019-01-21;"segunda-feira";"23:00:00";"TO";153;565,1;"FATIMA";"Condutor Dormindo";"Saída de leito carroçável";"Com Vítimas Feridas";"Plena Noite";"Decrescente";"Céu Claro";"Simples";"Reta";"Não";1;0;0;1;0;0;1;1;"-10.801572";"-48.90252";"SR-TO";"UOP02/TO";""
186709;2019-01-21;"segunda-feira";"20:00:00";"BA";101;932,9;"NOVA VICOSA";"Ultrapassagem Indevida";"Colisão lateral";"Com Vítimas Feridas";"Plena Noite";"Crescente";"Céu Claro";"Simples";"Reta";"Não";2;0;0;1;1;0;1;2;"-17.9769";"-39.859";"SR-BA";"DEL10/9";"UOP03/BA"
186710;2019-01-22;"terça-feira";"01:05:00";"PR";376;290;"MAUA DA SERRA";"Condutor Dormindo";"Colisão frontal";"Com Vítimas Feridas";"Plena Noite";"Crescente";"Céu Claro";"Simples";"Curva";"Não";8;0;3;5;0;0;8;2;"-23.886";"-51.236";"SR-PR";"DEL7/7";"UOP02/PR"
186711;2019-01-21;"segunda-feira";"23:50:00";"PE";232;76,5;"GRAVATA";"Falta de Atenção do Pedestre";"Atropelamento de Pedestre";"Com Vítimas Fatais";"Plena Noite";"Crescente";"Céu Claro";"Dupla";"Reta";"Sim";2;1;0;0;0;1;0;1;"-8.193439";"-35.543007";"SR-PE";"DEL11/1";"UOP04/PE"
186712;2019-01-22;"terça-feira";"00:10:00";"AP";156;333;"FERREIRA GOMES";"Desobediência às normas de trânsito pelo pedestre";"Atropelamento de Pedestre";"Com Vítimas Fatais";"Plena Noite";"Decrescente";"Céu Claro";"Simples";"Reta";"Não";2;1;0;0;0;1;0;1;"0.609448";"-51.240959";"SR-AP";"UOP01/AP";""
186713;2019-01-22;"terça-feira";"00:10:00";"RJ";354;14,5;"RESENDE";"Agressão Externa";"Saída de leito carroçável";"Sem Vítimas";"Plena Noite";"Crescente";"Nevoeiro/Neblina";"Simples";"Ponte";"Não";2;0;0;0;2;0;0;2;"-22.443802";"-44.732731";"SR-RJ";"DEL5/7";"UOP03/RJ"
186715;2019-01-21;"segunda-feira";"21:20:00";"SP";153;72;"SAO JOSE DO RIO PRETO";"Sinalização da via insuficiente ou inadequada";"Tombamento";"Com Vítimas Feridas";"Plena Noite";"Decrescente";"Céu Claro";"Dupla";"Não Informado";"Não";1;0;1;0;0;0;1;1;"-20.867146";"-49.413338";"SR-SP";"DEL6/9";"UOP01/SP"
186716;2019-01-22;"terça-feira";"02:40:00";"RJ";101;274;"TANGUA";"Desobediência às normas de trânsito pelo condutor";"Colisão com objeto estático";"Com Vítimas Feridas";"Plena Noite";"Crescente";"Céu Claro";"Dupla";"Desvio Temporário";"Não";3;0;1;0;2;0;1;2;"-22.735075";"-42.719509";"SR-RJ";"DEL5/2";"UOP03/RJ"
186717;2019-01-21;"segunda-feira";"22:40:00";"MG";116;488;"INHAPIM";"Velocidade Incompatível";"Tombamento";"Com Vítimas Feridas";"Plena Noite";"Crescente";"Céu Claro";"Simples";"Curva";"Não";2;0;0;1;1;0;1;2;"-19.453315";"-42.129792";"SR-MG";"DEL4/6";"UOP02/MG"
186718;2019-01-17;"quinta-feira";"06:45:00";"BA";324;623;"SALVADOR";"Falta de Atenção à Condução";"Colisão lateral";"Com Vítimas Feridas";"Pleno dia";"Crescente";"Céu Claro";"Dupla";"Reta";"Sim";3;0;1;0;2;0;1;2;"-12.93491264";"-38.47314835";"SR-BA";"DEL10/1";"UOP01/BA"
186719;2019-01-22;"terça-feira";"04:29:00";"PR";369;198,6;"APUCARANA";"Condutor Dormindo";"Saída de leito carroçável";"Com Vítimas Feridas";"Plena Noite";"Decrescente";"Céu Claro";"Dupla";"Reta";"Não";1;0;0;1;0;0;1;1;"-23.52177733";"-51.43809021";"SR-PR";"DEL7/7";"UOP03/PR"
186720;2019-01-22;"terça-feira";"04:20:00";"MG";262;385;"MATEUS LEME";"Mal Súbito";"Capotamento";"Com Vítimas Fatais";"Plena Noite";"Crescente";"Céu Claro";"Dupla";"Curva";"Não";1;1;0;0;0;0;0;1;"-19.9201";"-44.4779";"SR-MG";"DEL4/1";"UOP03/MG"
186721;2019-01-21;"segunda-feira";"23:03:00";"PR";116;159;"QUITANDINHA";"Velocidade Incompatível";"Tombamento";"Com Vítimas Feridas";"Plena Noite";"Decrescente";"Céu Claro";"Simples";"Curva";"Não";1;0;0;1;0;0;1;1;"-25.867712";"-49.3647";"SR-PR";"DEL7/1";"UOP03/PR"
186722;2019-01-22;"terça-feira";"05:30:00";"SP";116;301;"SAO LOURENCO DA SERRA";"Falta de Atenção à Condução";"Colisão traseira";"Com Vítimas Feridas";"Amanhecer";"Decrescente";"Nevoeiro/Neblina";"Dupla";"Reta";"Não";21;0;20;0;1;0;20;2;"-23.82064763";"-46.92502543";"SR-SP";"DEL6/4";"UOP01/SP"
186723;2019-01-22;"terça-feira";"03:30:00";"MG";40;298,5;"TRES MARIAS";"Avarias e/ou desgaste excessivo no pneu";"Saída de leito carroçável";"Sem Vítimas";"Plena Noite";"Decrescente";"Céu Claro";"Simples";"Reta";"Não";2;0;0;0;1;1;0;1;"-18.335888";"-45.104877";"SR-MG";"DEL4/14";"UOP03/MG"
186724;2019-01-22;"terça-feira";"04:50:00";"SE";235;2,5;"ARACAJU";"Animais na Pista";"Atropelamento de Animal";"Sem Vítimas";"Amanhecer";"Decrescente";"Céu Claro";"Dupla";"Reta";"Sim";1;0;0;0;1;0;0;1;"-10.9062";"-37.1034";"SR-SE";"DEL20/1";"UOP01/SE"
186725;2019-01-22;"terça-feira";"05:10:00";"PB";230;63;"SAO MIGUEL DE TAIPU";"Objeto estático sobre o leito carroçável";"Tombamento";"Com Vítimas Feridas";"Amanhecer";"Decrescente";"Céu Claro";"Dupla";"Reta";"Não";1;0;1;0;0;0;1;1;"-7.1989";"-35.1649";"SR-PB";"DEL14/1";"UOP03/PB"
186726;2019-01-22;"terça-feira";"06:10:00";"MG";40;517;"RIBEIRAO DAS NEVES";"Falta de Atenção à Condução";"Colisão traseira";"Com Vítimas Feridas";"Amanhecer";"Crescente";"Céu Claro";"Dupla";"Reta";"Sim";2;0;1;1;0;0;2;2;"-19.8351";"-44.08";"SR-MG";"DEL4/1";"UOP03/MG"
186727;2019-01-22;"terça-feira";"06:15:00";"SP";381;28,5;"ATIBAIA";"Desobediência às normas de trânsito pelo condutor";"Colisão lateral";"Com Vítimas Feridas";"Amanhecer";"Decrescente";"Céu Claro";"Dupla";"Curva";"Não";4;0;1;0;3;0;1;2;"-23.036167";"-46.551922";"SR-SP";"DEL6/3";"UOP01/SP"
186728;2019-01-22;"terça-feira";"06:50:00";"PR";277;723;"FOZ DO IGUACU";"Desobediência às normas de trânsito pelo condutor";"Colisão traseira";"Com Vítimas Feridas";"Pleno dia";"Decrescente";"Céu Claro";"Dupla";"Reta";"Sim";2;0;1;0;1;0;1;2;"-25.498783";"-54.529865";"SR-PR";"DEL7/5";"UOP01/PR"
186729;2019-01-22;"terça-feira";"06:45:00";"SC";101;206;"SAO JOSE";"Não guardar distância de segurança";"Queda de ocupante de veículo";"Com Vítimas Feridas";"Pleno dia";"Decrescente";"Nublado";"Dupla";"Reta";"Não";1;0;1;0;0;0;1;1;"-27.6001";"-48.6225";"SR-SC";"DEL8/1";"UOP01/SC"
186730;2019-01-22;"terça-feira";"06:30:00";"PR";116;87,4;"PIRAQUARA";"Falta de Atenção à Condução";"Colisão traseira";"Com Vítimas Feridas";"Pleno dia";"Crescente";"Céu Claro";"Dupla";"Reta";"Não";2;0;2;0;0;0;2;2;"-25.441029";"-49.092434";"SR-PR";"DEL7/1";"UOP01/PR"
186731;2019-01-22;"terça-feira";"07:15:00";"SC";101;200;"SAO JOSE";"Desobediência às normas de trânsito pelo condutor";"Queda de ocupante de veículo";"Com Vítimas Feridas";"Pleno dia";"Crescente";"Céu Claro";"Dupla";"Reta";"Sim";1;0;1;0;0;0;1;1;"-27.5485";"-48.6196";"SR-SC";"DEL8/1";"UOP01/SC"
186732;2019-01-22;"terça-feira";"06:30:00";"SP";116;211;"GUARULHOS";"Não guardar distância de segurança";"Colisão traseira";"Com Vítimas Feridas";"Pleno dia";"Crescente";"Céu Claro";"Múltipla";"Reta";"Sim";3;0;1;0;2;0;1;3;"-23.43342895";"-46.42259259";"SR-SP";"DEL6/1";"UOP01/SP"
186733;2019-01-22;"terça-feira";"07:20:00";"PR";476;142;"CURITIBA";"Não guardar distância de segurança";"Colisão traseira";"Com Vítimas Feridas";"Pleno dia";"Decrescente";"Nublado";"Dupla";"Reta";"Sim";3;0;1;0;2;0;1;2;"-25.537161";"-49.301632";"SR-PR";"DEL7/1";"UOP06/PR"
186734;2019-01-22;"terça-feira";"07:50:00";"PR";277;36;"MORRETES";"Falta de Atenção à Condução";"Colisão traseira";"Com Vítimas Feridas";"Pleno dia";"Decrescente";"Céu Claro";"Dupla";"Curva";"Não";2;0;1;0;1;0;1;2;"-25.59524536";"-48.90701294";"SR-PR";"DEL7/1";"UOP07/PR"
186735;2019-01-22;"terça-feira";"06:40:00";"SC";101;165;"TIJUCAS";"Objeto estático sobre o leito carroçável";"Tombamento";"Com Vítimas Feridas";"Pleno dia";"Crescente";"Nublado";"Dupla";"Reta";"Não";1;0;1;0;0;0;1;1;"-27.2595";"-48.6316";"SR-SC";"DEL8/4";"UOP03/SC"
186736;2019-01-22;"terça-feira";"06:00:00";"MT";163;524;"DIAMANTINO";"Falta de Atenção à Condução";"Colisão frontal";"Sem Vítimas";"Amanhecer";"Decrescente";"Céu Claro";"Simples";"Reta";"Não";2;0;0;0;2;0;0;2;"-14.47723421";"-56.16348267";"SR-MT";"DEL2/4";"UOP01/MT"
186737;2019-01-22;"terça-feira";"06:40:00";"PE";101;115,5;"IPOJUCA";"Velocidade Incompatível";"Capotamento";"Com Vítimas Feridas";"Pleno dia";"Decrescente";"Céu Claro";"Dupla";"Reta";"Não";2;0;1;0;1;0;1;1;"-8.3434";"-35.1453";"SR-PE";"DEL11/1";"UOP03/PE"
186738;2019-01-22;"terça-feira";"07:46:00";"GO";40;5;"VALPARAISO DE GOIAS";"Falta de Atenção do Pedestre";"Colisão transversal";"Sem Vítimas";"Pleno dia";"Crescente";"Céu Claro";"Dupla";"Reta";"Sim";2;0;0;0;2;0;0;2;"-16.093134";"-47.982236";"SR-DF";"GO";"UOP01/DF"
186739;2019-01-22;"terça-feira";"07:40:00";"MG";251;500,8;"FRANCISCO SA";"Falta de Atenção à Condução";"Saída de leito carroçável";"Com Vítimas Feridas";"Pleno dia";"Crescente";"Céu Claro";"Simples";"Não Informado";"Não";3;0;2;0;1;0;2;1;"-16.5837";"-43.6342";"SR-MG";"DEL4/12";"UOP01/MG"
186741;2019-01-22;"terça-feira";"07:40:00";"MG";116;264,5;"MURIAE";"Falta de Atenção à Condução";"Colisão transversal";"Com Vítimas Feridas";"Pleno dia";"Crescente";"Céu Claro";"Simples";"Interseção de vias";"Sim";2;0;1;0;1;0;1;2;"-21.12474478";"-42.37996551";"SR-MG";"DEL4/11";"UOP01/MG"
186742;2019-01-22;"terça-feira";"08:20:00";"SC";470;104,6;"APIUNA";"Velocidade Incompatível";"Saída de leito carroçável";"Com Vítimas Feridas";"Pleno dia";"Crescente";"Nublado";"Simples";"Curva";"Não";1;0;1;0;0;0;1;1;"-27.06135";"-49.410408";"SR-SC";"DEL8/4";"UOP02/SC"
186743;2019-01-22;"terça-feira";"08:15:00";"DF";60;6,8;"BRASILIA";"Falta de Atenção à Condução";"Saída de leito carroçável";"Com Vítimas Feridas";"Pleno dia";"Crescente";"Céu Claro";"Dupla";"Reta";"Sim";4;0;3;0;1;0;3;1;"-15.897939";"-48.113056";"SR-DF";"DF";"UOP03/DF"
186744;2019-01-22;"terça-feira";"06:10:00";"RO";364;12,5;"VILHENA";"Defeito Mecânico no Veículo";"Tombamento";"Com Vítimas Feridas";"Amanhecer";"Decrescente";"Céu Claro";"Dupla";"Reta";"Sim";2;0;2;0;0;0;2;1;"-12.743694";"-60.121506";"SR-RO";"DEL21/4";"UOP01/RO"
186745;2019-01-22;"terça-feira";"08:15:00";"PR";376;106,8;"PARANAVAI";"Não guardar distância de segurança";"Colisão traseira";"Com Vítimas Feridas";"Pleno dia";"Decrescente";"Céu Claro";"Dupla";"Não Informado";"Não";7;0;1;0;6;0;1;2;"-23.063156";"-52.431847";"SR-PR";"DEL7/7";"UOP05/PR"
186747;2019-01-22;"terça-feira";"08:05:00";"SC";282;5;"SAO JOSE";"Não guardar distância de segurança";"Engavetamento";"Sem Vítimas";"Pleno dia";"Crescente";"Céu Claro";"Múltipla";"Reta";"Sim";3;0;0;0;3;0;0;3;"-27.588425";"-48.612919";"SR-SC";"DEL8/1";"UOP01/SC"
186748;2019-01-22;"terça-feira";"06:00:00";"MT";364;244;"JUSCIMEIRA";"Defeito na Via";"Tombamento";"Com Vítimas Feridas";"Amanhecer";"Crescente";"Céu Claro";"Dupla";"Reta";"Não";1;0;1;0;0;0;1;1;"-16.150486";"-54.808079";"SR-MT";"DEL2/2";"UOP01/MT"
186750;2019-01-22;"terça-feira";"07:30:00";"MG";40;545;"NOVA LIMA";"Velocidade Incompatível";"Colisão com objeto estático";"Com Vítimas Feridas";"Pleno dia";"Crescente";"Céu Claro";"Dupla";"Reta";"Sim";1;0;1;0;0;0;1;1;"-20.0146";"-43.9691";"SR-MG";"DEL4/1";"UOP02/MG"
186751;2019-01-21;"segunda-feira";"23:00:00";"MG";381;210,3;"NAQUE";"Falta de Atenção do Pedestre";"Atropelamento de Pedestre";"Com Vítimas Fatais";"Plena Noite";"Crescente";"Céu Claro";"Simples";"Reta";"Não";2;1;0;0;1;0;0;1;"-19.22072065";"-42.31040955";"SR-MG";"DEL4/6";"UOP01/MG"
186753;2019-01-22;"terça-feira";"08:40:00";"GO";50;105,3;"CRISTALINA";"Desobediência às normas de trânsito pelo condutor";"Colisão traseira";"Com Vítimas Feridas";"Pleno dia";"Decrescente";"Céu Claro";"Dupla";"Reta";"Não";6;0;3;2;1;0;5;2;"-16.81594119";"-47.66914129";"SR-DF";"GO";"UOP02/DF"
186755;2019-01-22;"terça-feira";"07:30:00";"MS";163;385;"CAMPO GRANDE";"Desobediência às normas de trânsito pelo condutor";"Colisão transversal";"Com Vítimas Feridas";"Pleno dia";"Decrescente";"Sol";"Simples";"Reta";"Sim";2;0;1;0;1;0;1;2;"-20.438045";"-54.543078";"SR-MS";"DEL2";"UOP01/MS"
186757;2019-01-22;"terça-feira";"07:30:00";"AP";210;5;"MACAPA";"Falta de Atenção à Condução";"Saída de leito carroçável";"Com Vítimas Feridas";"Pleno dia";"Decrescente";"Chuva";"Dupla";"Reta";"Sim";2;0;1;0;1;0;1;1;"0.090585";"-51.103596";"SR-AP";"UOP01/AP";""
186758;2019-01-22;"terça-feira";"08:45:00";"PR";116;141;"MANDIRITUBA";"Desobediência às normas de trânsito pelo condutor";"Colisão transversal";"Sem Vítimas";"Pleno dia";"Crescente";"Céu Claro";"Dupla";"Reta";"Sim";2;0;0;0;2;0;0;2;"-25.772902";"-49.323254";"SR-PR";"DEL7/1";"UOP03/PR"
186759;2019-01-22;"terça-feira";"09:21:00";"SP";116;114,8;"TAUBATE";"Não guardar distância de segurança";"Tombamento";"Com Vítimas Feridas";"Pleno dia";"Crescente";"Céu Claro";"Dupla";"Reta";"Não";1;0;1;0;0;0;1;1;"-23.046539";"-45.590172";"SR-SP";"DEL6";"UOP02/SP"
186760;2019-01-22;"terça-feira";"08:00:00";"GO";153;199;"URUACU";"Ingestão de Álcool";"Atropelamento de Pedestre";"Com Vítimas Feridas";"Pleno dia";"Crescente";"Céu Claro";"Simples";"Reta";"Sim";2;0;1;0;1;0;1;1;"-14.50479";"-49.148914";"SR-GO";"DEL1/7";"UOP02/GO"
186761;2019-01-22;"terça-feira";"08:30:00";"BA";116;418;"FEIRA DE SANTANA";"Não guardar distância de segurança";"Colisão traseira";"Sem Vítimas";"Pleno dia";"Crescente";"Céu Claro";"Simples";"Reta";"Sim";2;0;0;0;2;0;0;2;"-12.188349";"-38.965356";"SR-BA";"DEL10/2";"UOP01/BA"
186763;2019-01-22;"terça-feira";"07:15:00";"CE";226;46;"JAGUARIBE";"Pista Escorregadia";"Saída de leito carroçável";"Com Vítimas Feridas";"Pleno dia";"Decrescente";"Céu Claro";"Simples";"Curva";"Não";3;0;3;0;0;0;3;1;"-6.0238";"-38.5769";"SR-CE";"DEL16/5";"UOP02/CE"
186764;2019-01-22;"terça-feira";"08:40:00";"BA";116;487;"RAFAEL JAMBEIRO";"Falta de Atenção à Condução";"Saída de leito carroçável";"Com Vítimas Feridas";"Pleno dia";"Crescente";"Céu Claro";"Dupla";"Reta";"Não";4;0;3;1;0;0;4;1;"-12.5372627";"-39.43040371";"SR-BA";"DEL10/2";"UOP01/BA"
186768;2019-01-14;"segunda-feira";"09:30:00";"TO";153;306;"PRESIDENTE KENNEDY";"Animais na Pista";"Capotamento";"Com Vítimas Feridas";"Pleno dia";"Decrescente";"Chuva";"Simples";"Reta";"Não";1;0;1;0;0;0;1;1;"-8.587775";"-48.483162";"SR-TO";"UOP03/TO";""
186769;2019-01-22;"terça-feira";"09:20:00";"PE";101;181,9;"PALMARES";"Falta de Atenção à Condução";"Colisão traseira";"Sem Vítimas";"Pleno dia";"Crescente";"Chuva";"Dupla";"Curva";"Não";2;0;0;0;2;0;0;2;"-8.65678";"-35.56526";"SR-PE";"DEL11/1";"UOP03/PE"
186770;2019-01-22;"terça-feira";"10:50:00";"GO";153;75;"PORANGATU";"Falta de Atenção à Condução";"Saída de leito carroçável";"Com Vítimas Feridas";"Pleno dia";"Crescente";"Sol";"Simples";"Reta";"Não";2;0;1;0;1;0;1;1;"-13.491837";"-49.134628";"SR-GO";"DEL1/7";"UOP01/GO"
186771;2019-01-22;"terça-feira";"10:40:00";"ES";101;267,9;"SERRA";"Velocidade Incompatível";"Colisão traseira";"Com Vítimas Feridas";"Pleno dia";"Crescente";"Sol";"Múltipla";"Reta";"Sim";2;0;1;0;1;0;1;2;"-20.20618587";"-40.26952744";"SR-ES";"DEL12/2";"UOP01/ES"
186773;2019-01-22;"terça-feira";"11:20:00";"DF";70;15;"BRASILIA";"Velocidade Incompatível";"Saída de leito carroçável";"Com Vítimas Feridas";"Pleno dia";"Decrescente";"Céu Claro";"Dupla";"Curva";"Sim";1;0;1;0;0;0;1;1;"-15.79922489";"-48.18471995";"SR-DF";"DF";"UOP06/DF"
186774;2019-01-22;"terça-feira";"09:40:00";"PR";158;529;"PATO BRANCO";"Defeito Mecânico no Veículo";"Tombamento";"Com Vítimas Feridas";"Pleno dia";"Crescente";"Céu Claro";"Simples";"Curva";"Não";1;0;1;0;0;0;1;1;"-26.20228";"-52.678215";"SR-PR";"DEL7/2";"UOP01/PR"
186775;2019-01-22;"terça-feira";"10:30:00";"RJ";101;319,6;"NITEROI";"Não guardar distância de segurança";"Engavetamento";"Com Vítimas Feridas";"Pleno dia";"Crescente";"Sol";"Dupla";"Reta";"Sim";6;0;2;0;4;0;2;4;"-22.854151";"-43.101822";"SR-RJ";"DEL5/2";"UOP01/RJ"
186776;2019-01-22;"terça-feira";"10:20:00";"MG";40;739,5;"SANTOS DUMONT";"Velocidade Incompatível";"Tombamento";"Sem Vítimas";"Pleno dia";"Decrescente";"Céu Claro";"Simples";"Curva";"Não";2;0;0;0;2;0;0;2;"-21.4229";"-43.5578";"SR-MG";"DEL5";"UOP01/MG"
186777;2019-01-22;"terça-feira";"11:10:00";"SP";153;62,5;"SAO JOSE DO RIO PRETO";"Falta de Atenção à Condução";"Colisão traseira";"Com Vítimas Feridas";"Pleno dia";"Crescente";"Céu Claro";"Dupla";"Reta";"Sim";5;0;3;0;2;0;3;3;"-20.81328";"-49.356758";"SR-SP";"DEL6/9";"UOP01/SP"
186779;2019-01-22;"terça-feira";"10:00:00";"RN";101;107;"PARNAMIRIM";"Falta de Atenção à Condução";"Colisão lateral";"Sem Vítimas";"Pleno dia";"Crescente";"Céu Claro";"Dupla";"Interseção de vias";"Sim";2;0;0;0;2;0;0;2;"-5.919193";"-35.264118";"SR-RN";"DEL15/1";"UOP01/RN"
186780;2019-01-22;"terça-feira";"11:30:00";"RS";116;249,2;"SAO LEOPOLDO";"Falta de Atenção à Condução";"Colisão traseira";"Com Vítimas Feridas";"Pleno dia";"Crescente";"Céu Claro";"Múltipla";"Reta";"Sim";2;0;0;1;1;0;1;2;"-29.783234";"-51.161049";"SR-RS";"DEL9/1";"UOP02/RS"