"id";"data_inversa";"dia_semana";"horario";"uf";"br";"km";"municipio";"causa_acidente";"tipo_acidente";"classificacao_acidente";"fase_dia";"sentido_via";"condicao_metereologica";"tipo_pista";"tracado_via";"uso_solo";"pessoas";"mortos";"feridos_leves";"feridos_graves";"ilesos";"ignorados";"feridos";"veiculos";"latitude";"longitude";"regional";"delegacia";"uop"
186781;2019-01-22;"terça-feira";"11:35:00";"MG";365;673,3;"MONTE ALEGRE DE MINAS";"Desobediência às normas de trânsito pelo pedestre";"Atropelamento de Pedestre";"Com Vítimas Feridas";"Pleno dia";"Crescente";"Céu Claro";"Dupla";"Reta";"Não";2;0;1;0;1;0;1;2;"-18.8876";"-48.7161";"SR-MG";"DEL4/15";"UOP01/MG"
186782;2019-01-22;"terça-feira";"11:50:00";"SC";470;140;"RIO DO SUL";"Falta de Atenção à Condução";"Colisão frontal";"Com Vítimas Feridas";"Pleno dia";"Crescente";"Sol";"Simples";"Reta";"Sim";5;0;5;0;0;0;5;2;"-27.19616707";"-49.62686419";"SR-SC";"DEL8/4";"UOP02/SC"
186783;2019-01-22;"terça-feira";"08:50:00";"RJ";101;520;"ANGRA DOS REIS";"Velocidade Incompatível";"Saída de leito carroçável";"Com Vítimas Feridas";"Pleno dia";"Crescente";"Céu Claro";"Simples";"Desvio Temporário";"Não";2;0;2;0;0;0;2;1;"-23.00521531";"-44.45301577";"SR-RJ";"DEL5/3";"UOP03/RJ"
186784;2019-01-22;"terça-feira";"11:15:00";"TO";153;485;"PARAISO DO TOCANTINS";"Defeito Mecânico no Veículo";"Tombamento";"Com Vítimas Feridas";"Pleno dia";"Decrescente";"Céu Claro";"Simples";"Reta";"Não";12;0;8;3;1;0;11;1;"-10.08657";"-48.860123";"SR-TO";"UOP02/TO";""
186786;2019-01-22;"terça-feira";"11:30:00";"BA";20;130;"SAO DESIDERIO";"Desobediência às normas de trânsito pelo condutor";"Colisão transversal";"Com Vítimas Feridas";"Pleno dia";"Crescente";"Céu Claro";"Simples";"Interseção de vias";"Não";3;0;1;1;1;0;2;2;"-12.81700597";"-45.95621288";"SR-BA";"DEL10/10";"UOP01/BA"
186788;2019-01-22;"terça-feira";"11:30:00";"AL";101;218,9;"PORTO REAL DO COLEGIO";"Velocidade Incompatível";"Capotamento";"Com Vítimas Feridas";"Pleno dia";"Crescente";"Nublado";"Dupla";"Curva";"Não";4;0;2;0;2;0;2;3;"-10.09836";"-36.705189";"SR-AL";"DEL13/2";"UOP02/AL"
186789;2019-01-22;"terça-feira";"11:00:00";"SC";101;139;"BALNEARIO CAMBORIU";"Defeito Mecânico no Veículo";"Colisão lateral";"Com Vítimas Feridas";"Pleno dia";"Crescente";"Sol";"Simples";"Reta";"Sim";3;0;1;0;2;0;1;2;"-27.0386";"-48.6028";"SR-SC";"DEL8/4";"UOP03/SC"
186790;2019-01-22;"terça-feira";"08:55:00";"PI";343;139,8;"PIRACURUCA";"Defeito na Via";"Colisão traseira";"Com Vítimas Feridas";"Pleno dia";"Decrescente";"Céu Claro";"Dupla";"Reta";"Sim";4;0;1;0;3;0;1;3;"-3.911755";"-41.71299";"SR-PI";"DEL17/2";"UOP01/PI"
186791;2019-01-22;"terça-feira";"11:00:00";"SP";116;301,8;"SAO LOURENCO DA SERRA";"Falta de Atenção à Condução";"Colisão lateral";"Com Vítimas Feridas";"Pleno dia";"Decrescente";"Céu Claro";"Dupla";"Curva";"Sim";5;0;4;0;1;0;4;2;"-23.80405757";"-46.92141317";"SR-SP";"DEL6/4";"UOP01/SP"
186792;2019-01-22;"terça-feira";"09:50:00";"SP";153;153,5;"PROMISSAO";"Condutor Dormindo";"Colisão frontal";"Com Vítimas Fatais";"Pleno dia";"Decrescente";"Céu Claro";"Simples";"Reta";"Não";3;1;0;0;1;1;0;3;"-21.444448";"-49.784515";"SR-SP";"DEL6/07";"UOP01/SP"
186793;2019-01-22;"terça-feira";"12:30:00";"SP";381;68;"MAIRIPORA";"Falta de Atenção à Condução";"Queda de ocupante de veículo";"Com Vítimas Feridas";"Pleno dia";"Crescente";"Céu Claro";"Dupla";"Curva";"Não";3;0;2;0;0;1;2;2;"-23.34414716";"-46.57310486";"SR-SP";"DEL6/3";"UOP02/SP"
186795;2019-01-22;"terça-feira";"13:10:00";"GO";153;511;"APARECIDA DE GOIANIA";"Restrição de Visibilidade";"Colisão lateral";"Com Vítimas Feridas";"Pleno dia";"Crescente";"Céu Claro";"Simples";"Reta";"Sim";2;0;1;0;1;0;1;2;"-16.8067";"-49.2394";"SR-GO";"DEL1/1";"UOP03/GO"
186796;2019-01-22;"terça-feira";"13:40:00";"RS";392;292,8;"SAO SEPE";"Falta de Atenção à Condução";"Colisão lateral";"Sem Vítimas";"Pleno dia";"Crescente";"Céu Claro";"Simples";"Reta";"Não";2;0;0;0;2;0;0;2;"-30.204004";"-53.562798";"SR-RS";"DEL9/9";"UOP02/RS"
186798;2019-01-22;"terça-feira";"13:10:00";"SP";153;256,9;"MARILIA";"Falta de Atenção à Condução";"Colisão lateral";"Sem Vítimas";"Pleno dia";"Decrescente";"Sol";"Dupla";"Reta";"Sim";2;0;0;0;2;0;0;2;"-22.231552";"-49.919682";"SR-SP";"DEL6/07";"UOP02/SP"
186799;2019-01-22;"terça-feira";"12:05:00";"PI";343;264,5;"CAMPO MAIOR";"Desobediência às normas de trânsito pelo condutor";"Colisão frontal";"Com Vítimas Feridas";"Pleno dia";"Crescente";"Céu Claro";"Simples";"Curva";"Sim";2;0;1;1;0;0;2;2;"-4.827662";"-42.162594";"SR-PI";"DEL17/2";"UOP02/PI"
186800;2019-01-22;"terça-feira";"13:30:00";"PR";376;301;"MAUA DA SERRA";"Pista Escorregadia";"Queda de ocupante de veículo";"Com Vítimas Feridas";"Pleno dia";"Decrescente";"Céu Claro";"Dupla";"Não Informado";"Não";1;0;1;0;0;0;1;1;"-23.93617063";"-51.16195714";"SR-PR";"DEL7/7";"UOP02/PR"
186801;2019-01-22;"terça-feira";"05:30:00";"MT";163;1105;"GUARANTA DO NORTE";"Falta de Atenção à Condução";"Saída de leito carroçável";"Com Vítimas Feridas";"Amanhecer";"Decrescente";"Garoa/Chuvisco";"Simples";"Não Informado";"Não";3;0;0;1;2;0;1;1;"-9.644362";"-54.879025";"SR-MT";"DEL2/6";"UOP02/MT"
186802;2019-01-22;"terça-feira";"09:00:00";"MG";262;444,5;"NOVA SERRANA";"Falta de Atenção à Condução";"Colisão transversal";"Com Vítimas Feridas";"Pleno dia";"Decrescente";"Céu Claro";"Dupla";"Reta";"Sim";2;0;0;2;0;0;2;2;"-19.880623";"-44.912323";"SR-MG";"DEL4/8";"UOP03/MG"
186803;2019-01-22;"terça-feira";"14:20:00";"MG";251;517;"MONTES CLAROS";"Velocidade Incompatível";"Colisão lateral";"Com Vítimas Feridas";"Pleno dia";"Crescente";"Céu Claro";"Simples";"Ponte";"Não";7;0;4;0;3;0;4;3;"-16.661";"-43.7563";"SR-MG";"DEL4/12";"UOP01/MG"
186804;2019-01-22;"terça-feira";"10:50:00";"RO";364;425,4;"JARU";"Falta de Atenção à Condução";"Colisão lateral";"Com Vítimas Feridas";"Pleno dia";"Decrescente";"Nublado";"Simples";"Reta";"Sim";2;0;0;1;1;0;1;2;"-10.437518";"-62.471706";"SR-RO";"DEL21/3";"UOP02/RO"
186805;2019-01-22;"terça-feira";"11:45:00";"MA";135;20;"SAO LUIS";"Falta de Atenção à Condução";"Saída de leito carroçável";"Com Vítimas Feridas";"Pleno dia";"Decrescente";"Garoa/Chuvisco";"Dupla";"Não Informado";"Não";2;0;2;0;0;0;2;1;"-2.731508";"-44.331684";"SR-MA";"DEL18/1";"UOP01/MA"
186806;2019-01-18;"sexta-feira";"19:00:00";"GO";153;620,7;"MORRINHOS";"Velocidade Incompatível";"Saída de leito carroçável";"Com Vítimas Feridas";"Pleno dia";"Decrescente";"Céu Claro";"Dupla";"Reta";"Não";3;0;0;1;2;0;1;1;"-17.7218";"-49.1547";"SR-GO";"DEL1/3";"UOP01/GO"
186807;2019-01-22;"terça-feira";"13:20:00";"BA";324;554,3;"AMELIA RODRIGUES";"Falta de Atenção à Condução";"Saída de leito carroçável";"Com Vítimas Feridas";"Pleno dia";"Crescente";"Sol";"Dupla";"Reta";"Não";3;0;1;0;1;1;1;1;"-12.36856551";"-38.81498222";"SR-BA";"DEL10/1";"UOP01/BA"
186808;2019-01-22;"terça-feira";"14:20:00";"PR";116;5,6;"CAMPINA GRANDE DO SUL";"Velocidade Incompatível";"Tombamento";"Com Vítimas Feridas";"Pleno dia";"Decrescente";"Sol";"Dupla";"Curva";"Não";1;0;0;1;0;0;1;1;"-25.083086";"-48.60001";"SR-PR";"DEL7/1";"UOP02/PR"
186809;2019-01-22;"terça-feira";"07:30:00";"MG";381;233,5;"BELO ORIENTE";"Velocidade Incompatível";"Tombamento";"Com Vítimas Feridas";"Pleno dia";"Decrescente";"Céu Claro";"Simples";"Curva";"Não";2;0;1;1;0;0;2;1;"-19.3243";"-42.4169";"SR-MG";"DEL4/6";"UOP01/MG"
186810;2019-01-10;"quinta-feira";"21:50:00";"ES";101;438,8;"MIMOSO DO SUL";"Condutor Dormindo";"Colisão traseira";"Com Vítimas Feridas";"Plena Noite";"Crescente";"Nublado";"Simples";"Reta";"Não";3;0;1;0;2;0;1;3;"-21.07937459";"-41.23718262";"SR-ES";"DEL12/3";"UOP02/ES"
186811;2019-01-22;"terça-feira";"08:30:00";"MG";381;249,3;"SANTANA DO PARAISO";"Não guardar distância de segurança";"Colisão traseira";"Com Vítimas Feridas";"Pleno dia";"Crescente";"Céu Claro";"Simples";"Reta";"Não";2;0;1;1;0;0;2;2;"-19.44503";"-42.513617";"SR-MG";"DEL4/6";"UOP01/MG"
186812;2019-01-22;"terça-feira";"13:20:00";"GO";70;136,2;"JARAGUA";"Defeito Mecânico no Veículo";"Saída de leito carroçável";"Com Vítimas Feridas";"Pleno dia";"Decrescente";"Céu Claro";"Simples";"Curva";"Não";1;0;1;0;0;0;1;1;"-15.8427";"-49.3591";"SR-GO";"DEL1/2";"UOP02/GO"
186813;2019-01-22;"terça-feira";"14:00:00";"MT";163;976;"TERRA NOVA DO NORTE";"Velocidade Incompatível";"Saída de leito carroçável";"Com Vítimas Feridas";"Pleno dia";"Decrescente";"Céu Claro";"Simples";"Curva";"Não";1;0;0;1;0;0;1;1;"-10.72706791";"-55.13111115";"SR-MT";"DEL2/6";"UOP02/MT"
186814;2019-01-22;"terça-feira";"12:35:00";"RJ";101;537;"PARATY";"Falta de Atenção à Condução";"Colisão transversal";"Com Vítimas Feridas";"Pleno dia";"Crescente";"Céu Claro";"Simples";"Reta";"Sim";5;0;3;2;0;0;5;2;"-23.0429458";"-44.57227886";"SR-RJ";"DEL5/3";"UOP03/RJ"
186817;2019-01-22;"terça-feira";"16:00:00";"SP";101;47,2;"UBATUBA";"Falta de Atenção à Condução";"Colisão transversal";"Com Vítimas Feridas";"Pleno dia";"Crescente";"Nublado";"Simples";"Rotatória";"Sim";4;0;1;0;3;0;1;2;"-23.43387535";"-45.08591652";"SR-SP";"DEL6";"UOP03/SP"
186818;2019-01-22;"terça-feira";"15:00:00";"RN";304;38,6;"MOSSORO";"Desobediência às normas de trânsito pelo condutor";"Colisão frontal";"Com Vítimas Feridas";"Pleno dia";"Crescente";"Céu Claro";"Dupla";"Retorno Regulamentado";"Sim";2;0;0;1;1;0;1;2;"-5.181406";"-37.36834";"SR-RN";"DEL15/4";"UOP02/RN"
186819;2019-01-22;"terça-feira";"16:00:00";"SC";470;64,4;"INDAIAL";"Não guardar distância de segurança";"Colisão traseira";"Com Vítimas Feridas";"Pleno dia";"Crescente";"Nublado";"Simples";"Reta";"Sim";2;0;0;1;1;0;1;2;"-26.869867";"-49.201859";"SR-SC";"DEL8/4";"UOP01/SC"
186820;2019-01-22;"terça-feira";"15:20:00";"PB";230;122,6;"RIACHAO DO BACAMARTE";"Carga excessiva e/ou mal acondicionada";"Incêndio";"Sem Vítimas";"Pleno dia";"Crescente";"Céu Claro";"Dupla";"Reta";"Sim";1;0;0;0;1;0;0;1;"-7.2466";"-35.6577";"SR-PB";"DEL14/2";"UOP01/PB"
186821;2019-01-22;"terça-feira";"15:20:00";"SC";116;174,6;"SAO CRISTOVAO DO SUL";"Velocidade Incompatível";"Tombamento";"Com Vítimas Feridas";"Pleno dia";"Decrescente";"Sol";"Simples";"Curva";"Não";1;0;0;1;0;0;1;1;"-27.262749";"-50.444603";"SR-SC";"DEL8/5";"UOP03/SC"
186823;2019-01-22;"terça-feira";"14:15:00";"BA";101;911,6;"NOVA VICOSA";"Ultrapassagem Indevida";"Colisão traseira";"Com Vítimas Feridas";"Pleno dia";"Decrescente";"Céu Claro";"Simples";"Desvio Temporário";"Não";6;0;1;0;4;1;1;4;"-17.8147";"-39.7887";"SR-BA";"DEL10/9";"UOP03/BA"
186824;2019-01-22;"terça-feira";"07:30:00";"MA";230;93;"SAO JOAO DOS PATOS";"Falta de Atenção à Condução";"Tombamento";"Com Vítimas Feridas";"Pleno dia";"Decrescente";"Céu Claro";"Simples";"Não Informado";"Não";1;0;1;0;0;0;1;1;"-6.492675";"-43.710655";"SR-PI";"DEL17/3";"UOP01/PI"
186825;2019-01-22;"terça-feira";"15:30:00";"MG";40;780,2;"JUIZ DE FORA";"Velocidade Incompatível";"Saída de leito carroçável";"Com Vítimas Feridas";"Pleno dia";"Crescente";"Céu Claro";"Dupla";"Curva";"Não";2;0;1;0;1;0;1;2;"-21.7046";"-43.4508";"SR-MG";"DEL5";"UOP01/MG"
186826;2019-01-22;"terça-feira";"15:00:00";"RJ";465;20,8;"NOVA IGUACU";"Desobediência às normas de trânsito pelo condutor";"Colisão transversal";"Com Vítimas Feridas";"Pleno dia";"Crescente";"Céu Claro";"Simples";"Reta";"Sim";2;0;1;0;1;0;1;2;"-22.846828";"-43.605339";"SR-RJ";"DEL5/1";"UOP03/RJ"
186827;2019-01-22;"terça-feira";"16:00:00";"GO";452;152,4;"BOM JESUS DE GOIAS";"Defeito Mecânico no Veículo";"Tombamento";"Sem Vítimas";"Pleno dia";"Crescente";"Céu Claro";"Simples";"Não Informado";"Não";1;0;0;0;1;0;0;1;"-18.29471679";"-49.59714922";"SR-GO";"DEL1/3";"UOP02/GO"
186828;2019-01-22;"terça-feira";"17:00:00";"PR";369;184,3;"ARAPONGAS";"Falta de Atenção à Condução";"Colisão lateral";"Com Vítimas Feridas";"Pleno dia";"Crescente";"Sol";"Dupla";"Interseção de vias";"Sim";2;0;1;0;1;0;1;2;"-23.401277";"-51.427509";"SR-PR";"DEL7/7";"UOP03/PR"
186829;2019-01-22;"terça-feira";"17:00:00";"MG";40;481,3;"SETE LAGOAS";"Falta de Atenção à Condução";"Colisão traseira";"Sem Vítimas";"Pleno dia";"Decrescente";"Céu Claro";"Dupla";"Não Informado";"Não";3;0;0;0;3;0;0;2;"-19.5623";"-44.2384";"SR-MG";"DEL4/2";"UOP01/MG"
186830;2019-01-22;"terça-feira";"14:20:00";"GO";153;113;"SANTA TEREZA DE GOIAS";"Condutor Dormindo";"Saída de leito carroçável";"Com Vítimas Feridas";"Pleno dia";"Decrescente";"Céu Claro";"Simples";"Reta";"Não";4;0;0;4;0;0;4;1;"-13.761327";"-49.028198";"SR-GO";"DEL1/7";"UOP01/GO"
186832;2019-01-22;"terça-feira";"16:10:00";"PE";232;173;"BELO JARDIM";"Falta de Atenção à Condução";"Colisão lateral";"Com Vítimas Fatais";"Pleno dia";"Crescente";"Chuva";"Simples";"Reta";"Não";2;1;0;0;1;0;0;2;"-8.34628";"-36.437763";"SR-PE";"DEL11/2";"UOP02/PE"
186833;2019-01-22;"terça-feira";"16:30:00";"PR";376;545;"PALMEIRA";"Velocidade Incompatível";"Derramamento de carga";"Sem Vítimas";"Pleno dia";"Decrescente";"Chuva";"Dupla";"Reta";"Não";1;0;0;0;1;0;0;1;"-25.35258045";"-49.8372969";"SR-PR";"DEL7/1";"UOP05/PR"
186834;2019-01-22;"terça-feira";"15:15:00";"CE";116;7;"FORTALEZA";"Falta de Atenção à Condução";"Colisão lateral";"Com Vítimas Feridas";"Pleno dia";"Crescente";"Céu Claro";"Simples";"Viaduto";"Sim";3;0;2;0;1;0;2;2;"-3.8214";"-38.503";"SR-CE";"DEL16/1";"UOP02/CE"
186835;2019-01-22;"terça-feira";"16:45:00";"CE";222;3,4;"CAUCAIA";"Falta de Atenção à Condução";"Colisão traseira";"Sem Vítimas";"Pleno dia";"Crescente";"Céu Claro";"Múltipla";"Ponte";"Sim";6;0;0;0;5;1;0;3;"-3.740385";"-38.595749";"SR-CE";"DEL16/1";"UOP01/CE"
186836;2019-01-22;"terça-feira";"18:15:00";"SP";153;34,5;"NOVA GRANADA";"Agressão Externa";"Colisão com objeto em movimento";"Sem Vítimas";"Pleno dia";"Crescente";"Sol";"Simples";"Reta";"Não";1;0;0;0;1;0;0;1;"-20.57172";"-49.317741";"SR-SP";"DEL6/9";"UOP01/SP"
186838;2019-01-22;"terça-feira";"06:00:00";"MG";381;591,5;"CARMOPOLIS DE MINAS";"Falta de Atenção à Condução";"Capotamento";"Com Vítimas Feridas";"Amanhecer";"Decrescente";"Ignorado";"Dupla";"Reta";"Não";1;0;1;0;0;0;1;1;"-20.5571";"-44.6621";"SR-MG";"DEL4/4";"UOP01/MG"
186839;2019-01-22;"terça-feira";"17:50:00";"SC";101;13,2;"GARUVA";"Falta de Atenção à Condução";"Colisão com objeto estático";"Sem Vítimas";"Pleno dia";"Decrescente";"Céu Claro";"Dupla";"Reta";"Não";1;0;0;0;0;1;0;1;"-26.0982";"-48.8676";"SR-SC";"DEL8/3";"UOP01/SC"
186840;2019-01-22;"terça-feira";"18:10:00";"SP";116;223,1;"GUARULHOS";"Falta de Atenção à Condução";"Tombamento";"Com Vítimas Feridas";"Pleno dia";"Decrescente";"Nublado";"Múltipla";"Reta";"Sim";2;0;1;0;1;0;1;1;"-23.47988765";"-46.5314126";"SR-SP";"DEL6/1";"UOP01/SP"
186841;2019-01-22;"terça-feira";"17:45:00";"MG";381;519,7;"IGARAPE";"Velocidade Incompatível";"Colisão traseira";"Com Vítimas Feridas";"Pleno dia";"Crescente";"Chuva";"Dupla";"Curva";"Não";3;0;1;0;2;0;1;2;"-20.1127";"-44.3091";"SR-MG";"DEL4/1";"UOP03/MG"
186842;2019-01-22;"terça-feira";"18:20:00";"SC";101;213;"PALHOCA";"Não guardar distância de segurança";"Colisão lateral";"Com Vítimas Feridas";"Pleno dia";"Decrescente";"Céu Claro";"Múltipla";"Interseção de vias";"Sim";3;0;1;0;2;0;1;2;"-27.6446";"-48.6705";"SR-SC";"DEL8/1";"UOP02/SC"
186843;2019-01-22;"terça-feira";"09:05:00";"CE";222;119;"ITAPAJE";"Velocidade Incompatível";"Derramamento de carga";"Com Vítimas Feridas";"Pleno dia";"Decrescente";"Céu Claro";"Simples";"Não Informado";"Não";3;0;0;1;2;0;1;2;"-3.722229";"-39.561836";"SR-CE";"DEL16/4";"UOP03/CE"
186844;2019-01-22;"terça-feira";"17:11:00";"SP";116;195;"SANTA ISABEL";"Pista Escorregadia";"Colisão com objeto estático";"Com Vítimas Feridas";"Pleno dia";"Decrescente";"Chuva";"Dupla";"Reta";"Sim";3;0;1;0;2;0;1;1;"-23.38807367";"-46.27406806";"SR-SP";"DEL6/1";"UOP02/SP"
186845;2019-01-22;"terça-feira";"15:20:00";"AC";364;135;"RIO BRANCO";"Falta de Atenção à Condução";"Colisão traseira";"Sem Vítimas";"Pleno dia";"Crescente";"Sol";"Dupla";"Reta";"Sim";2;0;0;0;2;0;0;2;"-9.985886";"-67.84523";"SR-AC";"UOP01/AC";""
186846;2019-01-22;"terça-feira";"16:00:00";"SC";282;599,1;"CUNHA PORA";"Falta de Atenção à Condução";"Colisão frontal";"Com Vítimas Fatais";"Pleno dia";"Decrescente";"Céu Claro";"Simples";"Não Informado";"Não";2;1;0;1;0;0;1;2;"-26.820206";"-53.155052";"SR-SC";"DEL7";"UOP02/SC"
186847;2019-01-22;"terça-feira";"18:40:00";"SP";116;85,7;"PINDAMONHANGABA";"Falta de Atenção à Condução";"Tombamento";"Com Vítimas Feridas";"Anoitecer";"Crescente";"Chuva";"Dupla";"Reta";"Sim";2;0;1;0;1;0;1;2;"-22.922148";"-45.344574";"SR-SP";"DEL6";"UOP01/SP"
186849;2019-01-19;"sábado";"16:40:00";"MS";163;92;"ITAQUIRAI";"Ultrapassagem Indevida";"Colisão frontal";"Com Vítimas Feridas";"Pleno dia";"Crescente";"Céu Claro";"Simples";"Reta";"Não";2;0;0;1;1;0;1;2;"-23.352152";"-54.215858";"SR-MS";"DEL3/09";"UOP01/MS"
186850;2019-01-22;"terça-feira";"19:30:00";"ES";101;267,9;"SERRA";"Falta de Atenção à Condução";"Colisão lateral";"Com Vítimas Feridas";"Plena Noite";"Crescente";"Céu Claro";"Múltipla";"Interseção de vias";"Sim";3;0;1;0;2;0;1;3;"-20.20691859";"-40.26946398";"SR-ES";"DEL12/2";"UOP01/ES"
186851;2019-01-22;"terça-feira";"17:20:00";"PR";376;601;"CURITIBA";"Não guardar distância de segurança";"Colisão traseira";"Com Vítimas Feridas";"Anoitecer";"Decrescente";"Nublado";"Dupla";"Reta";"Não";4;0;1;0;3;0;1;4;"-25.43335343";"-49.31213379";"SR-PR";"DEL7/1";"UOP04/PR"
186852;2019-01-22;"terça-feira";"16:25:00";"CE";116;64;"CHOROZINHO";"Falta de Atenção à Condução";"Colisão transversal";"Com Vítimas Feridas";"Pleno dia";"Crescente";"Céu Claro";"Simples";"Rotatória";"Sim";4;0;0;3;1;0;3;2;"-4.297529";"-38.501347";"SR-CE";"DEL16/3";"UOP02/CE"
186853;2019-01-22;"terça-feira";"18:30:00";"MS";463;108,7;"PONTA PORA";"Falta de Atenção à Condução";"Colisão traseira";"Com Vítimas Feridas";"Anoitecer";"Decrescente";"Céu Claro";"Dupla";"Reta";"Sim";1;0;1;0;0;0;1;1;"-22.580349";"-55.688927";"SR-MS";"DEL3/4";"UOP03/MS"
186854;2019-01-22;"terça-feira";"17:55:00";"SC";470;32;"GASPAR";"Falta de Atenção à Condução";"Colisão traseira";"Com Vítimas Feridas";"Pleno dia";"Crescente";"Sol";"Simples";"Reta";"Não";3;0;1;0;2;0;1;3;"-26.901793";"-48.931812";"SR-SC";"DEL8/4";"UOP01/SC"
186855;2019-01-22;"terça-feira";"17:00:00";"RJ";101;486;"ANGRA DOS REIS";"Falta de Atenção do Pedestre";"Atropelamento de Pedestre";"Com Vítimas Feridas";"Pleno dia";"Decrescente";"Céu Claro";"Simples";"Reta";"Sim";2;0;1;0;1;0;1;1;"-22.97739107";"-44.29616372";"SR-RJ";"DEL5/3";"UOP02/RJ"
186856;2019-01-22;"terça-feira";"20:10:00";"SP";116;211;"GUARULHOS";"Ingestão de Álcool";"Colisão com objeto estático";"Com Vítimas Feridas";"Plena Noite";"Decrescente";"Nublado";"Múltipla";"Reta";"Sim";1;0;1;0;0;0;1;1;"-23.43270721";"-46.4202064";"SR-SP";"DEL6/1";"UOP01/SP"
186858;2019-01-22;"terça-feira";"20:40:00";"SP";488;0,5;"APARECIDA";"Desobediência às normas de trânsito pelo condutor";"Colisão lateral";"Com Vítimas Feridas";"Plena Noite";"Crescente";"Ignorado";"Dupla";"Reta";"Sim";2;0;1;0;1;0;1;2;"-22.85856";"-45.233116";"SR-SP";"DEL6/8";"UOP02/SP"
186859;2019-01-22;"terça-feira";"18:50:00";"BA";324;521;"FEIRA DE SANTANA";"Desobediência às normas de trânsito pelo condutor";"Colisão traseira";"Com Vítimas Feridas";"Plena Noite";"Decrescente";"Céu Claro";"Dupla";"Reta";"Não";2;0;1;0;1;0;1;2;"-12.288589";"-38.913761";"SR-BA";"DEL10/1";"UOP01/BA"
186860;2019-01-22;"terça-feira";"20:15:00";"PI";316;3;"TERESINA";"Falta de Atenção à Condução";"Colisão transversal";"Com Vítimas Feridas";"Plena Noite";"Decrescente";"Céu Claro";"Simples";"Interseção de vias";"Sim";3;0;1;0;2;0;1;2;"-5.128264";"-42.792923";"SR-PI";"DEL17/1";"UOP02/PI"
186861;2019-01-22;"terça-feira";"17:30:00";"BA";101;386;"GANDU";"Defeito Mecânico no Veículo";"Colisão com objeto estático";"Sem Vítimas";"Anoitecer";"Crescente";"Céu Claro";"Simples";"Curva";"Não";1;0;0;0;1;0;0;1;"-13.9103";"-39.4816";"SR-BA";"DEL10/5";"UOP03/BA"
186862;2019-01-22;"terça-feira";"21:30:00";"SC";101;120,8;"ITAJAI";"Ultrapassagem Indevida";"Tombamento";"Com Vítimas Feridas";"Plena Noite";"Crescente";"Garoa/Chuvisco";"Dupla";"Reta";"Sim";3;0;2;0;1;0;2;2;"-26.9211";"-48.7084";"SR-SC";"DEL8/4";"UOP04/SC"
186863;2019-01-22;"terça-feira";"20:24:00";"BA";116;354;"SERRINHA";"Animais na Pista";"Atropelamento de Animal";"Com Vítimas Feridas";"Plena Noite";"Crescente";"Céu Claro";"Simples";"Reta";"Não";2;0;1;0;0;1;1;2;"-11.6284712";"-38.9817065";"SR-BA";"DEL10/2";"UOP01/BA"
186864;2019-01-22;"terça-feira";"21:30:00";"MG";365;523,3;"MONTE CARMELO";"Falta de Atenção à Condução";"Colisão transversal";"Com Vítimas Feridas";"Plena Noite";"Crescente";"Céu Claro";"Simples";"Reta";"Não";2;0;1;0;1;0;1;2;"-18.91354";"-47.41923";"SR-MG";"DEL4/10";"UOP01/MG"
186865;2019-01-22;"terça-feira";"14:00:00";"RJ";493;119;"ITAGUAI";"Animais na Pista";"Saída de leito carroçável";"Com Vítimas Feridas";"Pleno dia";"Crescente";"Céu Claro";"Dupla";"Reta";"Não";4;0;3;0;1;0;3;1;"-22.86925924";"-43.81434962";"SR-RJ";"DEL5/3";"UOP01/RJ"
186866;2019-01-22;"terça-feira";"21:00:00";"MG";40;789,1;"JUIZ DE FORA";"Velocidade Incompatível";"Saída de leito carroçável";"Com Vítimas Feridas";"Plena Noite";"Decrescente";"Céu Claro";"Dupla";"Reta";"Não";2;0;2;0;0;0;2;1;"-21.7755";"-43.4327";"SR-MG";"DEL5";"UOP01/MG"
186867;2019-01-22;"terça-feira";"20:40:00";"AL";104;87;"RIO LARGO";"Ingestão de álcool e/ou substâncias psicoativas pelo pedestre";"Colisão com objeto em movimento";"Com Vítimas Feridas";"Plena Noite";"Crescente";"Chuva";"Dupla";"Reta";"Sim";3;0;0;2;1;0;2;2;"-9.47221723";"-35.8230257";"SR-AL";"DEL13/1";"UOP01/AL"
186868;2019-01-22;"terça-feira";"21:20:00";"MG";381;605;"OLIVEIRA";"Não guardar distância de segurança";"Saída de leito carroçável";"Com Vítimas Feridas";"Plena Noite";"Decrescente";"Nublado";"Dupla";"Não Informado";"Não";6;0;5;0;1;0;5;2;"-20.6436";"-44.7369";"SR-MG";"DEL4/4";"UOP01/MG"
186869;2019-01-22;"terça-feira";"21:30:00";"PR";116;131;"FAZENDA RIO GRANDE";"Desobediência às normas de trânsito pelo condutor";"Colisão lateral";"Sem Vítimas";"Plena Noite";"Decrescente";"Nublado";"Dupla";"Reta";"Não";2;0;0;0;2;0;0;2;"-25.630278";"-49.313812";"SR-PR";"DEL7/1";"UOP03/PR"
186870;2019-01-22;"terça-feira";"17:00:00";"RO";364;236,9;"CACOAL";"Falta de Atenção do Pedestre";"Atropelamento de Pedestre";"Com Vítimas Feridas";"Pleno dia";"Crescente";"Chuva";"Simples";"Reta";"Sim";2;0;2;0;0;0;2;1;"-11.445874";"-61.437862";"SR-RO";"DEL21/2";"UOP02/RO"