"id";"data_inversa";"dia_semana";"horario";"uf";"br";"km";"municipio";"causa_acidente";"tipo_acidente";"classificacao_acidente";"fase_dia";"sentido_via";"condicao_metereologica";"tipo_pista";"tracado_via";"uso_solo";"pessoas";"mortos";"feridos_leves";"feridos_graves";"ilesos";"ignorados";"feridos";"veiculos";"latitude";"longitude";"regional";"delegacia";"uop"
186872;2019-01-22;"terça-feira";"20:45:00";"RS";285;122,1;"VACARIA";"Desobediência às normas de trânsito pelo condutor";"Colisão frontal";"Com Vítimas Feridas";"Plena Noite";"Crescente";"Nublado";"Simples";"Reta";"Sim";3;0;1;0;1;1;1;2;"-28.505535";"-50.944073";"SR-RS";"DEL9/5";"UOP03/RS"
186873;2019-01-22;"terça-feira";"19:40:00";"SC";282;80;"RANCHO QUEIMADO";"Velocidade Incompatível";"Saída de leito carroçável";"Com Vítimas Feridas";"Anoitecer";"Decrescente";"Nublado";"Simples";"Curva";"Não";1;0;0;1;0;0;1;1;"-27.663555";"-49.159309";"SR-SC";"DEL8/1";"UOP03/SC"
186874;2019-01-22;"terça-feira";"21:50:00";"AL";104;35,2;"UNIAO DOS PALMARES";"Ingestão de álcool e/ou substâncias psicoativas pelo pedestre";"Atropelamento de Pedestre";"Com Vítimas Feridas";"Plena Noite";"Crescente";"Chuva";"Simples";"Reta";"Sim";2;0;0;1;0;1;1;1;"-9.16205226";"-36.0173893";"SR-AL";"DEL13/1";"UOP02/AL"
186875;2019-01-22;"terça-feira";"22:05:00";"SC";101;278,8;"IMBITUBA";"Falta de Atenção à Condução";"Colisão traseira";"Sem Vítimas";"Plena Noite";"Crescente";"Céu Claro";"Dupla";"Reta";"Não";2;0;0;0;1;1;0;2;"-28.1907";"-48.6968";"SR-SC";"DEL8/2";"UOP03/SC"
186876;2019-01-22;"terça-feira";"22:00:00";"PE";428;155,5;"PETROLINA";"Animais na Pista";"Atropelamento de Animal";"Com Vítimas Feridas";"Plena Noite";"Decrescente";"Céu Claro";"Simples";"Reta";"Não";1;0;0;1;0;0;1;1;"-9.108626";"-40.334179";"SR-PE";"DEL11/6";"UOP01/PE"
186877;2019-01-22;"terça-feira";"21:15:00";"SE";101;149;"ESTANCIA";"Falta de Atenção à Condução";"Saída de leito carroçável";"Sem Vítimas";"Plena Noite";"Crescente";"Céu Claro";"Simples";"Não Informado";"Sim";1;0;0;0;0;1;0;1;"-11.2414";"-37.4316";"SR-SE";"DEL20/2";"UOP01/SE"
186878;2019-01-22;"terça-feira";"19:00:00";"RR";401;81;"BONFIM";"Desobediência às normas de trânsito pelo condutor";"Capotamento";"Com Vítimas Feridas";"Plena Noite";"Crescente";"Céu Claro";"Dupla";"Reta";"Não";4;0;2;0;2;0;2;1;"3.219378";"-60.146648";"SR-RR";"UOP03/RR";""
186879;2019-01-22;"terça-feira";"20:30:00";"MT";163;821;"SINOP";"Desobediência às normas de trânsito pelo condutor";"Colisão frontal";"Com Vítimas Feridas";"Plena Noite";"Decrescente";"Nublado";"Simples";"Reta";"Sim";3;0;3;0;0;0;3;2;"-11.98593911";"-55.51709544";"SR-MT";"DEL2/6";"UOP01/MT"
186881;2019-01-22;"terça-feira";"23:05:00";"MT";163;713;"SORRISO";"Desobediência às normas de trânsito pelo condutor";"Colisão transversal";"Sem Vítimas";"Plena Noite";"Decrescente";"Céu Claro";"Simples";"Reta";"Sim";2;0;0;0;1;1;0;2;"-12.85776791";"-55.83141111";"SR-MT";"DEL2/6";"UOP01/MT"
186884;2019-01-23;"quarta-feira";"02:20:00";"PA";230;121,5;"MARABA";"Falta de Atenção à Condução";"Colisão com objeto estático";"Com Vítimas Feridas";"Plena Noite";"Crescente";"Céu Claro";"Dupla";"Reta";"Sim";1;0;1;0;0;0;1;1;"-5.352974";"-49.121437";"SR-PA";"DEL19/3";"UOP01/PA"
186885;2019-01-23;"quarta-feira";"03:00:00";"PA";163;1003,6;"SANTAREM";"Velocidade Incompatível";"Saída de leito carroçável";"Sem Vítimas";"Plena Noite";"Decrescente";"Chuva";"Dupla";"Reta";"Sim";1;0;0;0;0;1;0;1;"-2.43820917";"-54.7330787";"SR-PA";"DEL19/5";"UOP01/PA"
186886;2019-01-23;"quarta-feira";"03:30:00";"SP";116;127,7;"CACAPAVA";"Falta de Atenção à Condução";"Atropelamento de Pedestre";"Com Vítimas Fatais";"Plena Noite";"Crescente";"Céu Claro";"Dupla";"Reta";"Sim";2;1;0;0;1;0;0;1;"-23.109911";"-45.702461";"SR-SP";"DEL6";"UOP02/SP"
186887;2019-01-23;"quarta-feira";"01:10:00";"SP";116;198,5;"ARUJA";"Não guardar distância de segurança";"Colisão traseira";"Com Vítimas Feridas";"Plena Noite";"Crescente";"Nublado";"Dupla";"Reta";"Não";1;0;1;0;0;0;1;1;"-23.40000793";"-46.30284548";"SR-SP";"DEL6/1";"UOP02/SP"
186888;2019-01-23;"quarta-feira";"04:00:00";"GO";153;423,1;"ANAPOLIS";"Defeito Mecânico no Veículo";"Incêndio";"Sem Vítimas";"Plena Noite";"Decrescente";"Céu Claro";"Dupla";"Não Informado";"Não";1;0;0;0;1;0;0;1;"-16.197029";"-49.025223";"SR-GO";"DEL1/2";"UOP01/GO"
186889;2019-01-23;"quarta-feira";"01:00:00";"BA";101;666,8;"ITAPEBI";"Condutor Dormindo";"Tombamento";"Com Vítimas Feridas";"Plena Noite";"Crescente";"Céu Claro";"Simples";"Reta";"Não";1;0;1;0;0;0;1;1;"-15.971";"-39.562";"SR-BA";"DEL10/9";"UOP01/BA"
186890;2019-01-23;"quarta-feira";"04:30:00";"RJ";116;245,5;"PIRAI";"Condutor Dormindo";"Tombamento";"Sem Vítimas";"Amanhecer";"Decrescente";"Céu Claro";"Dupla";"Não Informado";"Não";1;0;0;0;1;0;0;1;"-22.624538";"-43.917652";"SR-RJ";"DEL5/7";"UOP01/RJ"
186891;2019-01-23;"quarta-feira";"05:30:00";"ES";101;207,6;"IBIRACU";"Condutor Dormindo";"Saída de leito carroçável";"Com Vítimas Feridas";"Amanhecer";"Decrescente";"Céu Claro";"Dupla";"Reta";"Não";1;0;0;1;0;0;1;1;"-19.77776454";"-40.37216133";"SR-ES";"DEL12/2";"UOP01/ES"
186894;2019-01-23;"quarta-feira";"05:10:00";"GO";50;196;"CAMPO ALEGRE DE GOIAS";"Animais na Pista";"Atropelamento de Animal";"Com Vítimas Feridas";"Amanhecer";"Decrescente";"Céu Claro";"Dupla";"Reta";"Não";2;0;0;2;0;0;2;1;"-17.5457";"-47.8303";"SR-GO";"DEL1/6";"UOP01/GO"
186895;2019-01-23;"quarta-feira";"05:45:00";"MT";163;116;"RONDONOPOLIS";"Defeito Mecânico no Veículo";"Tombamento";"Com Vítimas Feridas";"Amanhecer";"Decrescente";"Céu Claro";"Dupla";"Reta";"Não";2;0;2;0;0;0;2;1;"-16.52998";"-54.662449";"SR-MT";"DEL2/2";"UOP01/MT"
186896;2019-01-23;"quarta-feira";"06:30:00";"PE";101;77,8;"RECIFE";"Velocidade Incompatível";"Colisão transversal";"Com Vítimas Feridas";"Pleno dia";"Crescente";"Céu Claro";"Dupla";"Túnel";"Sim";3;0;1;0;2;0;1;3;"-8.1368";"-34.9474";"SR-PE";"DEL11/1";"UOP01/PE"
186897;2019-01-23;"quarta-feira";"07:30:00";"RS";392;351,9;"SANTA MARIA";"Não guardar distância de segurança";"Colisão traseira";"Com Vítimas Feridas";"Pleno dia";"Decrescente";"Céu Claro";"Simples";"Reta";"Sim";3;0;1;0;1;1;1;2;"-29.728384";"-53.803284";"SR-RS";"DEL9/9";"UOP01/RS"
186898;2019-01-23;"quarta-feira";"02:15:00";"TO";153;671,6;"GURUPI";"Ingestão de Álcool";"Saída de leito carroçável";"Sem Vítimas";"Plena Noite";"Crescente";"Céu Claro";"Dupla";"Reta";"Sim";1;0;0;0;1;0;0;1;"-11.720757";"-49.077137";"SR-TO";"UOP01/TO";""
186899;2019-01-23;"quarta-feira";"06:00:00";"MG";40;700,2;"BARBACENA";"Falta de Atenção à Condução";"Colisão lateral";"Com Vítimas Feridas";"Pleno dia";"Decrescente";"Céu Claro";"Dupla";"Reta";"Não";3;0;0;2;1;0;2;2;"-21.2189";"-43.739";"SR-MG";"DEL5";"UOP02/MG"
186900;2019-01-23;"quarta-feira";"05:30:00";"RJ";40;120;"DUQUE DE CAXIAS";"Falta de Atenção à Condução";"Colisão lateral";"Com Vítimas Feridas";"Amanhecer";"Crescente";"Céu Claro";"Múltipla";"Reta";"Sim";3;0;1;0;2;0;1;2;"-22.7807";"-43.2856";"SR-RJ";"DEL5/1";"UOP01/RJ"
186901;2019-01-23;"quarta-feira";"06:20:00";"SC";116;181;"SAO CRISTOVAO DO SUL";"Carga excessiva e/ou mal acondicionada";"Tombamento";"Com Vítimas Feridas";"Amanhecer";"Decrescente";"Nublado";"Simples";"Curva";"Não";1;0;1;0;0;0;1;1;"-27.270414";"-50.440971";"SR-SC";"DEL8/5";"UOP03/SC"
186902;2019-01-23;"quarta-feira";"08:10:00";"RS";116;142,4;"CAXIAS DO SUL";"Falta de Atenção à Condução";"Atropelamento de Pedestre";"Com Vítimas Feridas";"Pleno dia";"Crescente";"Céu Claro";"Dupla";"Curva";"Sim";2;0;0;1;1;0;1;1;"-29.11727";"-51.115208";"SR-RS";"DEL9/5";"UOP01/RS"
186904;2019-01-23;"quarta-feira";"08:15:00";"MG";381;362,5;"JOAO MONLEVADE";"Condutor Dormindo";"Colisão frontal";"Com Vítimas Feridas";"Pleno dia";"Crescente";"Céu Claro";"Simples";"Curva";"Não";2;0;2;0;0;0;2;2;"-19.84966737";"-43.20871722";"SR-MG";"DEL4/3";"UOP01/MG"
186905;2019-01-20;"domingo";"05:45:00";"SC";101;95,6;"BARRA VELHA";"Falta de Atenção do Pedestre";"Atropelamento de Pedestre";"Com Vítimas Fatais";"Plena Noite";"Crescente";"Nublado";"Dupla";"Não Informado";"Não";2;1;0;0;1;0;0;1;"-26.7228";"-48.7022";"SR-SC";"DEL8/3";"UOP02/SC"
186906;2019-01-20;"domingo";"05:24:00";"SC";101;98;"BALNEARIO PICARRAS";"Condutor Dormindo";"Saída de leito carroçável";"Sem Vítimas";"Amanhecer";"Decrescente";"Céu Claro";"Dupla";"Reta";"Não";1;0;0;0;1;0;0;1;"-26.7493";"-48.6944";"SR-SC";"DEL8/3";"UOP02/SC"
186907;2019-01-23;"quarta-feira";"04:15:00";"CE";116;151,2;"RUSSAS";"Condutor Dormindo";"Colisão traseira";"Com Vítimas Feridas";"Plena Noite";"Crescente";"Céu Claro";"Simples";"Não Informado";"Não";2;0;0;1;1;0;1;2;"-4.853039";"-38.038853";"SR-CE";"DEL16/3";"UOP01/CE"
186908;2019-01-23;"quarta-feira";"07:50:00";"SP";153;62,7;"SAO JOSE DO RIO PRETO";"Falta de Atenção à Condução";"Colisão lateral";"Com Vítimas Feridas";"Pleno dia";"Crescente";"Céu Claro";"Dupla";"Não Informado";"Sim";2;0;1;0;1;0;1;2;"-20.81382989";"-49.35700178";"SR-SP";"DEL6/9";"UOP01/SP"
186910;2019-01-20;"domingo";"04:30:00";"MG";267;280,9;"AIURUOCA";"Ingestão de Álcool";"Saída de leito carroçável";"Com Vítimas Feridas";"Plena Noite";"Decrescente";"Céu Claro";"Simples";"Não Informado";"Não";1;0;1;0;0;0;1;1;"-21.925083";"-44.733373";"SR-MG";"DEL5";"UOP03/MG"
186911;2019-01-23;"quarta-feira";"05:30:00";"RS";285;92,1;"BOM JESUS";"Falta de Atenção do Pedestre";"Saída de leito carroçável";"Com Vítimas Feridas";"Plena Noite";"Decrescente";"Nublado";"Simples";"Reta";"Não";1;0;1;0;0;0;1;1;"-28.60535918";"-50.70709705";"SR-RS";"DEL9/5";"UOP03/RS"
186913;2019-01-23;"quarta-feira";"06:40:00";"PR";476;133,3;"CURITIBA";"Falta de Atenção à Condução";"Colisão lateral";"Com Vítimas Feridas";"Pleno dia";"Crescente";"Céu Claro";"Múltipla";"Reta";"Sim";2;0;1;0;1;0;1;2;"-25.469219";"-49.254143";"SR-PR";"DEL7/1";"UOP06/PR"
186914;2019-01-23;"quarta-feira";"08:00:00";"RS";386;243,6;"SOLEDADE";"Desobediência às normas de trânsito pelo condutor";"Colisão transversal";"Com Vítimas Feridas";"Pleno dia";"Crescente";"Sol";"Simples";"Não Informado";"Sim";2;0;0;1;1;0;1;2;"-28.80430265";"-52.50709534";"SR-RS";"DEL9/4";"UOP04/RS"
186915;2019-01-23;"quarta-feira";"07:30:00";"PB";230;4,8;"CABEDELO";"Desobediência às normas de trânsito pelo condutor";"Colisão lateral";"Com Vítimas Feridas";"Pleno dia";"Decrescente";"Sol";"Simples";"Reta";"Sim";2;0;1;0;1;0;1;2;"-7.0004";"-34.8284";"SR-PB";"DEL14/1";"UOP01/PB"
186916;2019-01-20;"domingo";"01:30:00";"SE";101;22,1;"MALHADA DOS BOIS";"Ingestão de Álcool";"Saída de leito carroçável";"Sem Vítimas";"Plena Noite";"Crescente";"Céu Claro";"Simples";"Retorno Regulamentado";"Não";2;0;0;0;1;1;0;1;"-10.38575942";"-36.91571474";"SR-SE";"DEL20/2";"UOP02/SE"
186917;2019-01-23;"quarta-feira";"08:50:00";"RJ";495;8,5;"PETROPOLIS";"Defeito Mecânico no Veículo";"Colisão traseira";"Com Vítimas Feridas";"Pleno dia";"Decrescente";"Céu Claro";"Simples";"Não Informado";"Não";2;0;1;0;1;0;1;2;"-22.413733";"-43.020088";"SR-RJ";"DEL5/6";"UOP01/RJ"
186919;2019-01-23;"quarta-feira";"02:05:00";"SC";101;54;"JOINVILLE";"Defeito Mecânico no Veículo";"Incêndio";"Sem Vítimas";"Plena Noite";"Decrescente";"Nublado";"Dupla";"Reta";"Não";1;0;0;0;1;0;0;1;"-26.4277";"-48.8264";"SR-SC";"DEL8/3";"UOP01/SC"
186920;2019-01-23;"quarta-feira";"08:30:00";"SP";116;440;"REGISTRO";"Falta de Atenção à Condução";"Saída de leito carroçável";"Com Vítimas Feridas";"Pleno dia";"Crescente";"Céu Claro";"Dupla";"Reta";"Sim";2;0;0;1;1;0;1;2;"-24.51214147";"-47.85095215";"SR-SP";"DEL6/5";"UOP01/SP"
186921;2019-01-23;"quarta-feira";"07:00:00";"GO";153;18,2;"PORANGATU";"Ingestão de Álcool";"Tombamento";"Com Vítimas Feridas";"Pleno dia";"Decrescente";"Sol";"Simples";"Reta";"Não";1;0;1;0;0;0;1;1;"-12.987399";"-49.15126";"SR-GO";"DEL1/7";"UOP01/GO"
186922;2019-01-23;"quarta-feira";"07:30:00";"MG";40;521;"CONTAGEM";"Não guardar distância de segurança";"Colisão lateral";"Com Vítimas Feridas";"Pleno dia";"Crescente";"Céu Claro";"Dupla";"Curva";"Sim";3;0;2;0;1;0;2;2;"-19.8665";"-44.064";"SR-MG";"DEL4/1";"UOP03/MG"
186923;2019-01-23;"quarta-feira";"08:15:00";"MT";364;400,5;"CUIABA";"Desobediência às normas de trânsito pelo condutor";"Colisão frontal";"Com Vítimas Feridas";"Pleno dia";"Crescente";"Sol";"Simples";"Reta";"Não";2;0;1;0;1;0;1;2;"-15.675622";"-55.938293";"SR-MT";"DEL2/1";"UOP01/MT"
186924;2019-01-23;"quarta-feira";"09:10:00";"ES";101;73;"SAO MATEUS";"Desobediência às normas de trânsito pelo condutor";"Colisão traseira";"Com Vítimas Feridas";"Pleno dia";"Crescente";"Céu Claro";"Simples";"Reta";"Não";3;0;1;1;1;0;2;2;"-18.77015098";"-39.86786496";"SR-ES";"DEL12/4";"UOP02/ES"
186926;2019-01-20;"domingo";"06:00:00";"PR";277;662,3;"MATELANDIA";"Falta de Atenção à Condução";"Saída de leito carroçável";"Sem Vítimas";"Amanhecer";"Decrescente";"Nublado";"Dupla";"Reta";"Não";1;0;0;0;0;1;0;1;"-25.251236";"-54.009113";"SR-PR";"DEL7/5";"UOP02/PR"
186927;2019-01-23;"quarta-feira";"08:55:00";"PR";277;4;"FOZ DO IGUACU";"Falta de Atenção à Condução";"Tombamento";"Com Vítimas Feridas";"Pleno dia";"Decrescente";"Céu Claro";"Dupla";"Reta";"Sim";1;0;1;0;0;0;1;1;"-25.5469";"-54.5882";"SR-PR";"DEL7/5";"UOP03/PR"
186928;2019-01-23;"quarta-feira";"09:10:00";"RJ";393;279;"BARRA DO PIRAI";"Falta de Atenção à Condução";"Colisão transversal";"Com Vítimas Feridas";"Pleno dia";"Decrescente";"Sol";"Simples";"Reta";"Sim";2;0;0;1;1;0;1;2;"-22.478477";"-43.951252";"SR-RJ";"DEL5/5";"UOP02/RJ"
186930;2019-01-23;"quarta-feira";"09:00:00";"PB";230;27,6;"JOAO PESSOA";"Não guardar distância de segurança";"Colisão traseira";"Com Vítimas Feridas";"Pleno dia";"Crescente";"Céu Claro";"Dupla";"Não Informado";"Sim";2;0;1;0;1;0;1;2;"-7.16542749";"-34.89532471";"SR-PB";"DEL14/1";"UOP01/PB"
186931;2019-01-23;"quarta-feira";"08:30:00";"BA";324;602;"SIMOES FILHO";"Não guardar distância de segurança";"Colisão traseira";"Com Vítimas Feridas";"Pleno dia";"Decrescente";"Céu Claro";"Dupla";"Reta";"Sim";2;0;1;0;1;0;1;2;"-12.78485047";"-38.41197968";"SR-BA";"DEL10/1";"UOP01/BA"
186932;2019-01-23;"quarta-feira";"07:50:00";"PR";277;726,4;"FOZ DO IGUACU";"Não guardar distância de segurança";"Colisão lateral";"Com Vítimas Feridas";"Pleno dia";"Crescente";"Céu Claro";"Dupla";"Curva";"Sim";2;0;1;0;1;0;1;2;"-25.510586";"-54.554813";"SR-PR";"DEL7/5";"UOP03/PR"
186934;2019-01-23;"quarta-feira";"07:48:00";"SC";101;135;"BALNEARIO CAMBORIU";"Falta de Atenção à Condução";"Colisão transversal";"Com Vítimas Feridas";"Pleno dia";"Crescente";"Céu Claro";"Simples";"Reta";"Sim";2;0;0;1;1;0;1;2;"-27.00572292";"-48.6255312";"SR-SC";"DEL8/4";"UOP03/SC"
186935;2019-01-23;"quarta-feira";"10:09:00";"SC";101;126;"ITAJAI";"Não guardar distância de segurança";"Colisão traseira";"Com Vítimas Feridas";"Pleno dia";"Decrescente";"Sol";"Dupla";"Não Informado";"Não";3;0;2;0;1;0;2;2;"-26.964";"-48.6832";"SR-SC";"DEL8/4";"UOP04/SC"
186937;2019-01-23;"quarta-feira";"09:10:00";"PA";230;120;"MARABA";"Desobediência às normas de trânsito pelo condutor";"Colisão transversal";"Com Vítimas Feridas";"Pleno dia";"Decrescente";"Nublado";"Dupla";"Reta";"Sim";2;0;0;1;1;0;1;2;"-5.350384";"-49.114384";"SR-PA";"DEL19/3";"UOP01/PA"
186938;2019-01-23;"quarta-feira";"09:00:00";"BA";367;80;"EUNAPOLIS";"Desobediência às normas de trânsito pelo condutor";"Colisão transversal";"Com Vítimas Feridas";"Pleno dia";"Crescente";"Céu Claro";"Simples";"Rotatória";"Sim";3;0;1;0;0;2;1;2;"-16.369566";"-39.544456";"SR-BA";"DEL10/9";"UOP01/BA"
186939;2019-01-23;"quarta-feira";"09:30:00";"SC";101;124;"ITAJAI";"Falta de Atenção à Condução";"Colisão lateral";"Com Vítimas Feridas";"Pleno dia";"Crescente";"Sol";"Dupla";"Reta";"Não";2;0;1;0;1;0;1;2;"-26.9479";"-48.6832";"SR-SC";"DEL8/4";"UOP04/SC"
186940;2019-01-23;"quarta-feira";"10:45:00";"PR";369;36,4;"ANDIRA";"Falta de Atenção à Condução";"Colisão lateral";"Com Vítimas Feridas";"Pleno dia";"Crescente";"Céu Claro";"Simples";"Reta";"Sim";5;0;3;0;1;1;3;2;"-23.04055926";"-50.22709697";"SR-PR";"DEL7/7";"UOP06/PR"
186942;2019-01-23;"quarta-feira";"10:20:00";"MG";365;611;"UBERLANDIA";"Velocidade Incompatível";"Colisão frontal";"Com Vítimas Feridas";"Pleno dia";"Crescente";"Céu Claro";"Simples";"Rotatória";"Não";2;0;0;1;1;0;1;2;"-18.92358122";"-48.2007122";"SR-MG";"DEL4/15";"UOP01/MG"
186945;2019-01-23;"quarta-feira";"09:57:00";"RJ";101;265,7;"RIO BONITO";"Falta de Atenção do Pedestre";"Atropelamento de Pedestre";"Com Vítimas Fatais";"Pleno dia";"Crescente";"Sol";"Dupla";"Reta";"Sim";2;1;0;0;1;0;0;1;"-22.70969484";"-42.64900273";"SR-RJ";"DEL5/2";"UOP03/RJ"
186946;2019-01-23;"quarta-feira";"09:40:00";"MA";230;406;"BALSAS";"Falta de Atenção à Condução";"Colisão transversal";"Com Vítimas Feridas";"Pleno dia";"Decrescente";"Céu Claro";"Simples";"Reta";"Sim";3;0;0;1;2;0;1;2;"-7.51972";"-46.058456";"SR-MA";"DEL18/5";"UOP01/MA"
186947;2019-01-23;"quarta-feira";"10:30:00";"PE";101;41;"IGARASSU";"Desobediência às normas de trânsito pelo pedestre";"Atropelamento de Pedestre";"Com Vítimas Feridas";"Pleno dia";"Crescente";"Céu Claro";"Dupla";"Reta";"Sim";2;0;0;1;1;0;1;1;"-7.837";"-34.9124";"SR-PE";"DEL11/1";"UOP02/PE"
186949;2019-01-23;"quarta-feira";"10:00:00";"PB";230;176;"CAMPINA GRANDE";"Desobediência às normas de trânsito pelo condutor";"Colisão traseira";"Com Vítimas Feridas";"Pleno dia";"Crescente";"Céu Claro";"Simples";"Reta";"Sim";2;0;1;0;1;0;1;2;"-7.1733";"-36.0333";"SR-PB";"DEL14/2";"UOP02/PB"
186950;2019-01-23;"quarta-feira";"09:40:00";"RO";364;710;"PORTO VELHO";"Falta de Atenção à Condução";"Colisão transversal";"Sem Vítimas";"Pleno dia";"Decrescente";"Nublado";"Simples";"Reta";"Sim";3;0;0;0;2;1;0;3;"-8.78244607";"-63.8645831";"SR-RO";"DEL21/1";"UOP01/RO"
186951;2019-01-23;"quarta-feira";"09:50:00";"SC";101;262;"GAROPABA";"Velocidade Incompatível";"Colisão com objeto estático";"Com Vítimas Feridas";"Pleno dia";"Decrescente";"Céu Claro";"Dupla";"Não Informado";"Sim";2;0;1;0;1;0;1;2;"-28.0489";"-48.7154";"SR-SC";"DEL8/2";"UOP03/SC"
186952;2019-01-23;"quarta-feira";"11:10:00";"SC";280;27,5;"ARAQUARI";"Falta de Atenção à Condução";"Colisão transversal";"Com Vítimas Feridas";"Pleno dia";"Crescente";"Sol";"Simples";"Reta";"Sim";2;0;1;0;1;0;1;2;"-26.396912";"-48.740257";"SR-SC";"DEL8/3";"UOP03/SC"
186953;2019-01-23;"quarta-feira";"10:40:00";"MT";163;721,7;"SORRISO";"Falta de Atenção à Condução";"Colisão traseira";"Com Vítimas Feridas";"Pleno dia";"Crescente";"Céu Claro";"Simples";"Reta";"Não";2;0;1;0;1;0;1;2;"-12.79606639";"-55.83475113";"SR-MT";"DEL2/6";"UOP01/MT"
186954;2019-01-23;"quarta-feira";"11:20:00";"PE";101;48,7;"ABREU E LIMA";"Não guardar distância de segurança";"Colisão traseira";"Sem Vítimas";"Pleno dia";"Decrescente";"Céu Claro";"Múltipla";"Reta";"Sim";2;0;0;0;1;1;0;2;"-7.898";"-34.9025";"SR-PE";"DEL11/1";"UOP02/PE"
186955;2019-01-23;"quarta-feira";"11:55:00";"PR";116;115;"CURITIBA";"Falta de Atenção à Condução";"Colisão traseira";"Com Vítimas Feridas";"Pleno dia";"Decrescente";"Céu Claro";"Múltipla";"Interseção de vias";"Sim";2;0;2;0;0;0;2;2;"-25.544559";"-49.30146";"SR-PR";"DEL7/1";"UOP01/PR"
186956;2019-01-23;"quarta-feira";"11:30:00";"GO";153;506,8;"APARECIDA DE GOIANIA";"Desobediência às normas de trânsito pelo condutor";"Tombamento";"Com Vítimas Feridas";"Pleno dia";"Decrescente";"Sol";"Múltipla";"Não Informado";"Sim";1;0;1;0;0;0;1;1;"-16.7633";"-49.24";"SR-GO";"DEL1/1";"UOP01/GO"
186957;2019-01-23;"quarta-feira";"12:10:00";"RS";116;227,5;"DOIS IRMAOS";"Desobediência às normas de trânsito pelo condutor";"Colisão com objeto estático";"Com Vítimas Feridas";"Pleno dia";"Crescente";"Céu Claro";"Simples";"Interseção de vias";"Não";1;0;1;0;0;0;1;1;"-29.604891";"-51.12529";"SR-RS";"DEL9/5";"UOP02/RS"
186958;2019-01-23;"quarta-feira";"11:30:00";"RJ";101;120,3;"CAMPOS DOS GOYTACAZES";"Desobediência às normas de trânsito pelo condutor";"Colisão transversal";"Com Vítimas Feridas";"Pleno dia";"Crescente";"Céu Claro";"Dupla";"Reta";"Sim";2;0;1;0;1;0;1;2;"-22.026218";"-41.691715";"SR-RJ";"DEL5/8";"UOP02/RJ"
186960;2019-01-23;"quarta-feira";"12:30:00";"MG";262;163,7;"SAO DOMINGOS DO PRATA";"Defeito na Via";"Colisão frontal";"Com Vítimas Feridas";"Pleno dia";"Crescente";"Céu Claro";"Simples";"Curva";"Não";6;0;4;0;2;0;4;2;"-19.958855";"-42.861557";"SR-MG";"DEL4/3";"UOP03/MG"
186961;2019-01-19;"sábado";"13:50:00";"MS";163;128;"NAVIRAI";"Falta de Atenção à Condução";"Tombamento";"Sem Vítimas";"Pleno dia";"Decrescente";"Nublado";"Simples";"Reta";"Não";1;0;0;0;1;0;0;1;"-23.048";"-54.247";"SR-MS";"DEL3/09";"UOP01/MS"
186962;2019-01-23;"quarta-feira";"12:45:00";"MG";40;739,7;"SANTOS DUMONT";"Velocidade Incompatível";"Tombamento";"Com Vítimas Feridas";"Pleno dia";"Decrescente";"Sol";"Simples";"Curva";"Não";1;0;1;0;0;0;1;1;"-21.4229";"-43.5578";"SR-MG";"DEL5";"UOP01/MG"
186963;2019-01-23;"quarta-feira";"12:00:00";"MG";116;279,3;"TEOFILO OTONI";"Desobediência às normas de trânsito pelo condutor";"Colisão com objeto estático";"Com Vítimas Feridas";"Pleno dia";"Crescente";"Sol";"Simples";"Reta";"Sim";2;0;1;0;1;0;1;2;"-17.87893";"-41.522713";"SR-MG";"DEL4/11";"UOP01/MG"
186964;2019-01-23;"quarta-feira";"13:13:00";"SC";282;17,9;"PALHOCA";"Falta de Atenção à Condução";"Colisão transversal";"Com Vítimas Feridas";"Pleno dia";"Crescente";"Céu Claro";"Simples";"Reta";"Não";2;0;1;1;0;0;2;2;"-27.665707";"-48.688065";"SR-SC";"DEL8/1";"UOP02/SC"
186965;2019-01-23;"quarta-feira";"13:25:00";"PR";467;82;"CASCAVEL";"Velocidade Incompatível";"Tombamento";"Com Vítimas Feridas";"Pleno dia";"Decrescente";"Céu Claro";"Dupla";"Curva";"Não";2;0;1;1;0;0;2;1;"-24.8057";"-53.6718";"SR-PR";"DEL7/4";"UOP01/PR"
186967;2019-01-23;"quarta-feira";"13:45:00";"SC";101;121,5;"ITAJAI";"Desobediência às normas de trânsito pelo condutor";"Colisão transversal";"Com Vítimas Feridas";"Pleno dia";"Decrescente";"Sol";"Dupla";"Reta";"Sim";2;0;1;0;1;0;1;2;"-26.9297";"-48.7048";"SR-SC";"DEL8/4";"UOP04/SC"
186968;2019-01-23;"quarta-feira";"10:00:00";"RJ";101;519;"ANGRA DOS REIS";"Velocidade Incompatível";"Tombamento";"Com Vítimas Feridas";"Pleno dia";"Decrescente";"Céu Claro";"Simples";"Curva";"Não";2;0;1;0;1;0;1;2;"-22.98459117";"-44.43944693";"SR-RJ";"DEL5/3";"UOP03/RJ"
186969;2019-01-23;"quarta-feira";"13:15:00";"GO";60;94;"ANAPOLIS";"Defeito Mecânico no Veículo";"Queda de ocupante de veículo";"Com Vítimas Feridas";"Pleno dia";"Crescente";"Céu Claro";"Dupla";"Reta";"Sim";2;0;1;0;1;0;1;1;"-16.3611";"-48.9328";"SR-GO";"DEL1/2";"UOP01/GO"