"id";"data_inversa";"dia_semana";"horario";"uf";"br";"km";"municipio";"causa_acidente";"tipo_acidente";"classificacao_acidente";"fase_dia";"sentido_via";"condicao_metereologica";"tipo_pista";"tracado_via";"uso_solo";"pessoas";"mortos";"feridos_leves";"feridos_graves";"ilesos";"ignorados";"feridos";"veiculos";"latitude";"longitude";"regional";"delegacia";"uop"
188339;2019-01-30;"quarta-feira";"17:13:00";"ES";101;287,8;"CARIACICA";"Falta de Atenção à Condução";"Colisão lateral";"Com Vítimas Feridas";"Pleno dia";"Crescente";"Céu Claro";"Dupla";"Reta";"Sim";2;0;1;0;1;0;1;2;"-20.27633139";"-40.3923659";"SR-ES";"DEL12/1";"UOP01/ES"
188340;2019-01-30;"quarta-feira";"15:15:00";"MG";116;406,9;"GOVERNADOR VALADARES";"Falta de Atenção à Condução";"Colisão transversal";"Com Vítimas Feridas";"Pleno dia";"Crescente";"Céu Claro";"Simples";"Curva";"Não";8;0;2;0;6;0;2;2;"-18.83676478";"-41.98940277";"SR-MG";"DEL4/6";"UOP01/MG"
188341;2019-01-30;"quarta-feira";"16:40:00";"RJ";393;295,3;"BARRA MANSA";"Falta de Atenção à Condução";"Colisão transversal";"Com Vítimas Fatais";"Pleno dia";"Decrescente";"Céu Claro";"Dupla";"Reta";"Sim";4;1;0;0;1;2;0;3;"-22.55971655";"-44.11830425";"SR-RJ";"DEL5/5";"UOP02/RJ"
188342;2019-01-30;"quarta-feira";"17:15:00";"ES";101;266,3;"SERRA";"Desobediência às normas de trânsito pelo condutor";"Colisão transversal";"Com Vítimas Feridas";"Pleno dia";"Crescente";"Céu Claro";"Múltipla";"Interseção de vias";"Sim";3;0;2;0;1;0;2;2;"-20.1937361";"-40.2686817";"SR-ES";"DEL12/2";"UOP01/ES"
188343;2019-01-30;"quarta-feira";"17:00:00";"ES";101;204,1;"JOAO NEIVA";"Falta de Atenção à Condução";"Colisão transversal";"Com Vítimas Feridas";"Pleno dia";"Crescente";"Céu Claro";"Simples";"Reta";"Sim";2;0;1;1;0;0;2;2;"-19.74948875";"-40.37928712";"SR-ES";"DEL12/2";"UOP01/ES"
188345;2019-01-30;"quarta-feira";"13:30:00";"PR";116;29,3;"CAMPINA GRANDE DO SUL";"Velocidade Incompatível";"Colisão com objeto estático";"Com Vítimas Feridas";"Pleno dia";"Decrescente";"Céu Claro";"Dupla";"Não Informado";"Sim";1;0;0;1;0;0;1;1;"-25.100563";"-48.811306";"SR-PR";"DEL7/1";"UOP02/PR"
188346;2019-01-30;"quarta-feira";"16:30:00";"SP";116;374,5;"MIRACATU";"Falta de Atenção à Condução";"Capotamento";"Com Vítimas Feridas";"Pleno dia";"Decrescente";"Sol";"Dupla";"Curva";"Não";2;0;2;0;0;0;2;1;"-24.18079892";"-47.35171795";"SR-SP";"DEL6/4";"UOP03/SP"
188347;2019-01-30;"quarta-feira";"17:30:00";"RJ";116;181;"NOVA IGUACU";"Não guardar distância de segurança";"Colisão traseira";"Com Vítimas Feridas";"Pleno dia";"Decrescente";"Céu Claro";"Dupla";"Reta";"Sim";2;0;1;0;1;0;1;2;"-22.761312";"-43.423492";"SR-RJ";"DEL5/1";"UOP02/RJ"
188348;2019-01-30;"quarta-feira";"17:40:00";"PR";277;24,2;"MORRETES";"Falta de Atenção do Pedestre";"Colisão transversal";"Com Vítimas Feridas";"Pleno dia";"Decrescente";"Céu Claro";"Dupla";"Reta";"Não";2;0;1;0;1;0;1;2;"-25.52940409";"-48.74494406";"SR-PR";"DEL7/1";"UOP07/PR"
188349;2019-01-30;"quarta-feira";"17:50:00";"MG";381;479,9;"CONTAGEM";"Falta de Atenção do Pedestre";"Atropelamento de Pedestre";"Com Vítimas Feridas";"Pleno dia";"Decrescente";"Nublado";"Múltipla";"Reta";"Sim";2;0;2;0;0;0;2;1;"-19.961";"-44.0517";"SR-MG";"DEL4/1";"UOP03/MG"
188350;2019-01-30;"quarta-feira";"16:15:00";"SC";101;95;"BARRA VELHA";"Falta de Atenção à Condução";"Colisão traseira";"Com Vítimas Feridas";"Pleno dia";"Crescente";"Céu Claro";"Dupla";"Reta";"Não";3;0;1;0;2;0;1;2;"-26.7228";"-48.7022";"SR-SC";"DEL8/3";"UOP02/SC"
188351;2019-01-30;"quarta-feira";"17:00:00";"MT";364;322,8;"CAMPO VERDE";"Pista Escorregadia";"Saída de leito carroçável";"Com Vítimas Feridas";"Pleno dia";"Crescente";"Chuva";"Dupla";"Curva";"Não";2;0;1;0;1;0;1;1;"-15.817122";"-55.341545";"SR-MT";"DEL2/1";"UOP02/MT"
188352;2019-01-30;"quarta-feira";"17:15:00";"RS";386;131;"SARANDI";"Não guardar distância de segurança";"Engavetamento";"Com Vítimas Feridas";"Pleno dia";"Crescente";"Céu Claro";"Simples";"Reta";"Não";5;0;1;0;4;0;1;4;"-27.941469";"-52.939953";"SR-RS";"DEL08";"UOP01/RS"
188353;2019-01-30;"quarta-feira";"15:00:00";"RO";364;349;"JI-PARANA";"Não guardar distância de segurança";"Colisão traseira";"Com Vítimas Feridas";"Pleno dia";"Decrescente";"Céu Claro";"Simples";"Reta";"Não";4;0;1;0;3;0;1;2;"-10.850509";"-61.991276";"SR-RO";"DEL21/2";"UOP01/RO"
188354;2019-01-30;"quarta-feira";"15:00:00";"PR";277;155,1;"PORTO AMAZONAS";"Defeito Mecânico no Veículo";"Colisão traseira";"Sem Vítimas";"Pleno dia";"Crescente";"Céu Claro";"Simples";"Não Informado";"Não";2;0;0;0;2;0;0;2;"-25.47922766";"-49.87817109";"SR-PR";"DEL7/1";"UOP05/PR"
188355;2019-01-30;"quarta-feira";"15:30:00";"PA";316;65;"CASTANHAL";"Desobediência às normas de trânsito pelo condutor";"Colisão transversal";"Com Vítimas Feridas";"Pleno dia";"Crescente";"Chuva";"Dupla";"Reta";"Sim";3;0;0;2;1;0;2;2;"-1.295804";"-47.910839";"SR-PA";"DEL19/1";"UOP02/PA"
188356;2019-01-30;"quarta-feira";"12:45:00";"RO";364;579;"ITAPUA DO OESTE";"Falta de Atenção à Condução";"Saída de leito carroçável";"Sem Vítimas";"Pleno dia";"Crescente";"Céu Claro";"Simples";"Reta";"Não";1;0;0;0;1;0;0;1;"-9.406354";"-63.124371";"SR-RO";"DEL21/3";"UOP03/RO"
188357;2019-01-30;"quarta-feira";"18:30:00";"GO";452;47,2;"RIO VERDE";"Defeito Mecânico no Veículo";"Incêndio";"Sem Vítimas";"Pleno dia";"Crescente";"Céu Claro";"Simples";"Interseção de vias";"Não";2;0;0;0;2;0;0;1;"-17.956402";"-50.503559";"SR-GO";"DEL1/4";"UOP01/GO"
188359;2019-01-30;"quarta-feira";"18:10:00";"ES";101;266,4;"SERRA";"Falta de Atenção à Condução";"Colisão traseira";"Com Vítimas Feridas";"Pleno dia";"Crescente";"Céu Claro";"Múltipla";"Reta";"Sim";2;0;0;1;1;0;1;2;"-20.19497462";"-40.26876753";"SR-ES";"DEL12/2";"UOP01/ES"
188360;2019-01-30;"quarta-feira";"19:10:00";"SC";282;16,8;"PALHOCA";"Não guardar distância de segurança";"Colisão traseira";"Com Vítimas Feridas";"Pleno dia";"Decrescente";"Céu Claro";"Simples";"Reta";"Sim";2;0;1;0;1;0;1;2;"-27.658611";"-48.681847";"SR-SC";"DEL8/1";"UOP02/SC"
188361;2019-01-30;"quarta-feira";"18:10:00";"PE";232;5;"RECIFE";"Não guardar distância de segurança";"Colisão lateral";"Com Vítimas Feridas";"Plena Noite";"Crescente";"Nublado";"Dupla";"Reta";"Sim";2;0;1;0;1;0;1;2;"-8.067958";"-34.945354";"SR-PE";"DEL11/1";"UOP01/PE"
188362;2019-01-30;"quarta-feira";"19:10:00";"SP";381;69;"MAIRIPORA";"Falta de Atenção à Condução";"Saída de leito carroçável";"Com Vítimas Feridas";"Pleno dia";"Decrescente";"Céu Claro";"Dupla";"Não Informado";"Não";2;0;1;0;1;0;1;1;"-23.34982098";"-46.55765533";"SR-SP";"DEL6/3";"UOP02/SP"
188363;2019-01-30;"quarta-feira";"18:15:00";"CE";116;457,6;"BARRO";"Desobediência às normas de trânsito pelo condutor";"Colisão frontal";"Com Vítimas Fatais";"Plena Noite";"Decrescente";"Céu Claro";"Simples";"Desvio Temporário";"Não";5;1;0;1;3;0;1;2;"-7.196165";"-38.79384";"SR-CE";"DEL16/5";"UOP03/CE"
188364;2019-01-30;"quarta-feira";"18:30:00";"SP";381;73;"SAO PAULO";"Falta de Atenção à Condução";"Colisão traseira";"Sem Vítimas";"Pleno dia";"Crescente";"Chuva";"Múltipla";"Curva";"Não";3;0;0;0;3;0;0;3;"-23.36815132";"-46.5531466";"SR-SP";"DEL6/3";"UOP02/SP"
188365;2019-01-30;"quarta-feira";"18:15:00";"MG";146;506,1;"BANDEIRA DO SUL";"Falta de Atenção à Condução";"Colisão transversal";"Com Vítimas Feridas";"Pleno dia";"Decrescente";"Nublado";"Simples";"Interseção de vias";"Não";3;0;0;1;1;1;1;2;"-21.745225";"-46.40412";"SR-MG";"DEL13";"UOP01/MG"
188366;2019-01-30;"quarta-feira";"19:25:00";"SC";101;90;"BARRA VELHA";"Não guardar distância de segurança";"Colisão traseira";"Com Vítimas Feridas";"Anoitecer";"Decrescente";"Nublado";"Dupla";"Reta";"Não";3;0;2;0;1;0;2;2;"-26.678";"-48.692";"SR-SC";"DEL8/3";"UOP02/SC"
188367;2019-01-30;"quarta-feira";"18:20:00";"PE";101;49;"IGARASSU";"Ingestão de álcool e/ou substâncias psicoativas pelo pedestre";"Atropelamento de Pedestre";"Com Vítimas Feridas";"Plena Noite";"Decrescente";"Céu Claro";"Múltipla";"Curva";"Sim";3;0;2;1;0;0;3;1;"-7.9068";"-34.9013";"SR-PE";"DEL11/1";"UOP02/PE"
188368;2019-01-30;"quarta-feira";"18:40:00";"SC";116;221,1;"CORREIA PINTO";"Falta de Atenção à Condução";"Colisão transversal";"Com Vítimas Feridas";"Pleno dia";"Crescente";"Céu Claro";"Simples";"Interseção de vias";"Sim";2;0;1;0;1;0;1;2;"-27.59456557";"-50.35918236";"SR-SC";"DEL8/5";"UOP03/SC"
188369;2019-01-30;"quarta-feira";"19:10:00";"ES";259;34,9;"COLATINA";"Velocidade Incompatível";"Tombamento";"Com Vítimas Feridas";"Plena Noite";"Decrescente";"Céu Claro";"Simples";"Curva";"Não";1;0;1;0;0;0;1;1;"-19.55308268";"-40.49633687";"SR-ES";"DEL12/2";"UOP01/ES"
188370;2019-01-30;"quarta-feira";"19:05:00";"ES";101;249,2;"SERRA";"Defeito Mecânico no Veículo";"Saída de leito carroçável";"Com Vítimas Feridas";"Anoitecer";"Decrescente";"Céu Claro";"Simples";"Reta";"Não";2;0;0;1;0;1;1;1;"-20.07386275";"-40.35314798";"SR-ES";"DEL12/2";"UOP01/ES"
188371;2019-01-30;"quarta-feira";"18:00:00";"GO";153;19,8;"PORANGATU";"Falta de Atenção à Condução";"Colisão lateral";"Com Vítimas Feridas";"Pleno dia";"Decrescente";"Céu Claro";"Simples";"Reta";"Não";4;0;1;1;2;0;2;2;"-12.995692";"-49.154682";"SR-GO";"DEL1/7";"UOP01/GO"
188373;2019-01-30;"quarta-feira";"19:30:00";"PR";116;76,9;"PIRAQUARA";"Falta de Atenção à Condução";"Colisão traseira";"Com Vítimas Feridas";"Plena Noite";"Crescente";"Garoa/Chuvisco";"Dupla";"Reta";"Não";2;0;1;0;1;0;1;2;"-25.41046268";"-49.06320333";"SR-PR";"DEL7/1";"UOP01/PR"
188374;2019-01-30;"quarta-feira";"20:00:00";"SC";101;214;"PALHOCA";"Desobediência às normas de trânsito pelo condutor";"Colisão transversal";"Com Vítimas Feridas";"Anoitecer";"Crescente";"Céu Claro";"Dupla";"Interseção de vias";"Sim";3;0;0;1;1;1;1;2;"-27.652";"-48.676";"SR-SC";"DEL8/1";"UOP02/SC"
188376;2019-01-30;"quarta-feira";"19:35:00";"DF";70;0,5;"BRASILIA";"Desobediência às normas de trânsito pelo condutor";"Colisão traseira";"Com Vítimas Feridas";"Plena Noite";"Crescente";"Céu Claro";"Dupla";"Reta";"Sim";3;0;1;0;2;0;1;3;"-15.792352";"-48.054509";"SR-DF";"DF";"UOP06/DF"
188377;2019-01-30;"quarta-feira";"16:50:00";"CE";222;225,2;"SOBRAL";"Pista Escorregadia";"Saída de leito carroçável";"Com Vítimas Feridas";"Pleno dia";"Crescente";"Chuva";"Simples";"Curva";"Sim";2;0;0;1;1;0;1;1;"-3.708204";"-40.35215";"SR-CE";"DEL16/4";"UOP01/CE"
188378;2019-01-30;"quarta-feira";"17:20:00";"BA";110;371;"CATU";"Falta de Atenção à Condução";"Colisão transversal";"Com Vítimas Feridas";"Anoitecer";"Decrescente";"Céu Claro";"Simples";"Interseção de vias";"Não";4;0;1;0;3;0;1;2;"-12.39793418";"-38.37301254";"SR-BA";"DEL10/1";"UOP04/BA"
188379;2019-01-30;"quarta-feira";"20:00:00";"MG";267;76,6;"JUIZ DE FORA";"Desobediência às normas de trânsito pelo condutor";"Colisão frontal";"Com Vítimas Feridas";"Plena Noite";"Decrescente";"Céu Claro";"Simples";"Reta";"Não";2;0;0;2;0;0;2;2;"-21.7561";"-43.2136";"SR-MG";"DEL5";"UOP01/MG"
188380;2019-01-30;"quarta-feira";"19:20:00";"PE";116;24;"SALGUEIRO";"Desobediência às normas de trânsito pelo condutor";"Colisão lateral";"Com Vítimas Feridas";"Anoitecer";"Crescente";"Céu Claro";"Simples";"Reta";"Sim";2;0;1;0;1;0;1;2;"-8.052562";"-39.13718";"SR-PE";"DEL11/5";"UOP01/PE"
188381;2019-01-30;"quarta-feira";"13:30:00";"BA";101;657,2;"ITAPEBI";"Não guardar distância de segurança";"Colisão traseira";"Com Vítimas Feridas";"Pleno dia";"Crescente";"Sol";"Simples";"Reta";"Sim";2;0;1;0;1;0;1;2;"-15.9066";"-39.5609";"SR-BA";"DEL10/5";"UOP02/BA"
188382;2019-01-30;"quarta-feira";"17:30:00";"RJ";40;84;"PETROPOLIS";"Falta de Atenção à Condução";"Colisão com objeto estático";"Sem Vítimas";"Pleno dia";"Crescente";"Sol";"Simples";"Curva";"Não";1;0;0;0;1;0;0;1;"-22.5511";"-43.2257";"SR-RJ";"DEL5/6";"UOP03/RJ"
188383;2019-01-30;"quarta-feira";"17:35:00";"MT";364;233;"RONDONOPOLIS";"Avarias e/ou desgaste excessivo no pneu";"Saída de leito carroçável";"Com Vítimas Feridas";"Anoitecer";"Decrescente";"Nublado";"Dupla";"Curva";"Não";1;0;1;0;0;0;1;1;"-16.239941";"-54.781345";"SR-MT";"DEL2/2";"UOP01/MT"
188384;2019-01-30;"quarta-feira";"20:25:00";"MG";40;679,9;"RESSAQUINHA";"Não guardar distância de segurança";"Colisão lateral";"Com Vítimas Feridas";"Plena Noite";"Decrescente";"Céu Claro";"Dupla";"Curva";"Não";2;0;0;1;1;0;1;2;"-21.0531";"-43.7631";"SR-MG";"DEL5";"UOP02/MG"
188385;2019-01-30;"quarta-feira";"15:00:00";"GO";60;94;"ANAPOLIS";"Avarias e/ou desgaste excessivo no pneu";"Queda de ocupante de veículo";"Com Vítimas Feridas";"Pleno dia";"Crescente";"Sol";"Dupla";"Reta";"Sim";2;0;2;0;0;0;2;1;"-16.3611";"-48.9328";"SR-GO";"DEL1/2";"UOP01/GO"
188386;2019-01-30;"quarta-feira";"18:50:00";"SC";470;0,7;"NAVEGANTES";"Falta de Atenção à Condução";"Atropelamento de Pedestre";"Com Vítimas Feridas";"Pleno dia";"Decrescente";"Sol";"Simples";"Reta";"Não";2;0;2;0;0;0;2;1;"-26.88232";"-48.66183";"SR-SC";"DEL8/4";"UOP04/SC"
188387;2019-01-30;"quarta-feira";"19:50:00";"PR";376;177,5;"MARINGA";"Falta de Atenção à Condução";"Queda de ocupante de veículo";"Com Vítimas Feridas";"Anoitecer";"Crescente";"Céu Claro";"Dupla";"Reta";"Sim";1;0;1;0;0;0;1;1;"-23.41465862";"-51.92653656";"SR-PR";"DEL7/7";"UOP04/PR"
188388;2019-01-30;"quarta-feira";"16:30:00";"RO";421;46,1;"MONTE NEGRO";"Desobediência às normas de trânsito pelo condutor";"Colisão frontal";"Com Vítimas Feridas";"Pleno dia";"Decrescente";"Nublado";"Simples";"Reta";"Não";3;0;2;0;0;1;2;2;"-10.242063";"-63.269863";"SR-RO";"DEL21/3";"UOP04/RO"
188389;2019-01-30;"quarta-feira";"21:15:00";"PR";116;44,1;"CAMPINA GRANDE DO SUL";"Velocidade Incompatível";"Colisão com objeto estático";"Sem Vítimas";"Plena Noite";"Decrescente";"Garoa/Chuvisco";"Dupla";"Não Informado";"Não";1;0;0;0;1;0;0;1;"-25.18824";"-48.884922";"SR-PR";"DEL7/1";"UOP02/PR"
188391;2019-01-30;"quarta-feira";"19:30:00";"PE";101;158,5;"GAMELEIRA";"Defeito Mecânico no Veículo";"Incêndio";"Sem Vítimas";"Plena Noite";"Decrescente";"Céu Claro";"Dupla";"Reta";"Não";1;0;0;0;0;1;0;1;"-8.5519";"-35.4122";"SR-PE";"DEL11/1";"UOP03/PE"
188392;2019-01-30;"quarta-feira";"16:40:00";"PR";476;126;"CURITIBA";"Desobediência às normas de trânsito pelo condutor";"Colisão traseira";"Com Vítimas Feridas";"Pleno dia";"Decrescente";"Céu Claro";"Múltipla";"Reta";"Não";2;0;1;0;1;0;1;2;"-25.416758";"-49.223446";"SR-PR";"DEL7/1";"UOP06/PR"
188393;2019-01-30;"quarta-feira";"21:02:00";"RS";470;175,9;"VERANOPOLIS";"Falta de Atenção à Condução";"Colisão frontal";"Com Vítimas Feridas";"Plena Noite";"Decrescente";"Céu Claro";"Simples";"Retorno Regulamentado";"Sim";3;0;1;0;2;0;1;3;"-28.92685755";"-51.54165214";"SR-RS";"DEL9/6";"UOP02/RS"
188394;2019-01-30;"quarta-feira";"22:10:00";"SP";101;43,9;"UBATUBA";"Ingestão de Álcool";"Colisão frontal";"Sem Vítimas";"Plena Noite";"Crescente";"Céu Claro";"Simples";"Interseção de vias";"Sim";2;0;0;0;2;0;0;2;"-23.41109456";"-45.06626129";"SR-SP";"DEL6";"UOP03/SP"
188395;2019-01-30;"quarta-feira";"17:40:00";"PR";369;185;"CURITIBA";"Falta de Atenção à Condução";"Colisão traseira";"Com Vítimas Feridas";"Pleno dia";"Crescente";"Céu Claro";"Simples";"Reta";"Não";2;0;1;0;1;0;1;2;"-25.449564";"-49.236427";"SR-PR";"DEL7/7";"UOP03/PR"
188397;2019-01-30;"quarta-feira";"18:05:00";"PR";476;115;"COLOMBO";"Não guardar distância de segurança";"Colisão traseira";"Sem Vítimas";"Pleno dia";"Decrescente";"Céu Claro";"Simples";"Reta";"Sim";2;0;0;0;2;0;0;2;"-25.344196";"-49.159679";"SR-PR";"DEL7/1";"UOP01/PR"
188398;2019-01-30;"quarta-feira";"17:30:00";"PR";277;475;"NOVA LARANJEIRAS";"Falta de Atenção à Condução";"Engavetamento";"Com Vítimas Feridas";"Pleno dia";"Crescente";"Céu Claro";"Simples";"Curva";"Não";4;0;1;0;3;0;1;3;"-25.27155414";"-52.60717392";"SR-PR";"DEL7/4";"UOP03/PR"
188399;2019-01-30;"quarta-feira";"21:20:00";"ES";101;143,1;"LINHARES";"Falta de Atenção à Condução";"Colisão frontal";"Com Vítimas Feridas";"Plena Noite";"Decrescente";"Céu Claro";"Simples";"Reta";"Não";2;0;2;0;0;0;2;2;"-19.35034341";"-40.06336212";"SR-ES";"DEL12/4";"UOP01/ES"
188400;2019-01-30;"quarta-feira";"22:20:00";"GO";153;504,6;"APARECIDA DE GOIANIA";"Defeito Mecânico no Veículo";"Incêndio";"Com Vítimas Feridas";"Plena Noite";"Decrescente";"Céu Claro";"Dupla";"Reta";"Sim";2;0;1;0;1;0;1;1;"-16.7451";"-49.2408";"SR-GO";"DEL1/1";"UOP01/GO"
188401;2019-01-30;"quarta-feira";"21:30:00";"DF";20;9;"BRASILIA";"Velocidade Incompatível";"Colisão traseira";"Sem Vítimas";"Plena Noite";"Crescente";"Céu Claro";"Dupla";"Reta";"Sim";3;0;0;0;2;1;0;3;"-15.654671";"-47.782917";"SR-DF";"DF";"UOP04/DF"
188402;2019-01-30;"quarta-feira";"22:30:00";"SC";470;55,4;"BLUMENAU";"Falta de Atenção à Condução";"Colisão transversal";"Com Vítimas Feridas";"Plena Noite";"Decrescente";"Nublado";"Simples";"Interseção de vias";"Sim";2;0;1;0;1;0;1;2;"-26.87359776";"-49.11397219";"SR-SC";"DEL8/4";"UOP01/SC"
188403;2019-01-30;"quarta-feira";"22:25:00";"MG";381;483;"BETIM";"Não guardar distância de segurança";"Colisão com objeto estático";"Com Vítimas Feridas";"Plena Noite";"Crescente";"Céu Claro";"Dupla";"Reta";"Não";1;0;1;0;0;0;1;1;"-19.9596";"-44.0877";"SR-MG";"DEL4/1";"UOP03/MG"
188404;2019-01-30;"quarta-feira";"20:30:00";"RO";364;714;"PORTO VELHO";"Não guardar distância de segurança";"Colisão traseira";"Com Vítimas Feridas";"Plena Noite";"Decrescente";"Nublado";"Dupla";"Reta";"Sim";2;0;1;0;1;0;1;2;"-8.78100405";"-63.89314326";"SR-RO";"DEL21/1";"UOP01/RO"
188405;2019-01-30;"quarta-feira";"21:20:00";"RO";319;59,5;"PORTO VELHO";"Defeito na Via";"Queda de ocupante de veículo";"Com Vítimas Feridas";"Plena Noite";"Crescente";"Nublado";"Dupla";"Interseção de vias";"Sim";1;0;1;0;0;0;1;1;"-8.74259049";"-63.90251767";"SR-RO";"DEL21/1";"UOP01/RO"
188406;2019-01-30;"quarta-feira";"22:00:00";"RN";304;34;"MOSSORO";"Restrição de Visibilidade";"Atropelamento de Pedestre";"Com Vítimas Feridas";"Plena Noite";"Crescente";"Céu Claro";"Dupla";"Reta";"Sim";2;0;1;0;0;1;1;1;"-5.152564";"-37.34874";"SR-RN";"DEL15/4";"UOP02/RN"
188407;2019-01-30;"quarta-feira";"21:30:00";"RJ";40;57;"PETROPOLIS";"Velocidade Incompatível";"Colisão com objeto estático";"Com Vítimas Feridas";"Plena Noite";"Decrescente";"Céu Claro";"Simples";"Reta";"Não";1;0;1;0;0;0;1;1;"-22.3796";"-43.1321";"SR-RJ";"DEL5/6";"UOP03/RJ"
188408;2019-01-31;"quinta-feira";"00:10:00";"SP";116;284;"EMBU DAS ARTES";"Desobediência às normas de trânsito pelo pedestre";"Atropelamento de Pedestre";"Com Vítimas Fatais";"Plena Noite";"Crescente";"Céu Claro";"Dupla";"Reta";"Não";2;1;0;0;0;1;0;1;"-23.68718668";"-46.8609721";"SR-SP";"DEL6/4";"UOP01/SP"
188409;2019-01-30;"quarta-feira";"20:00:00";"MA";222;204,8;"ITAPECURU MIRIM";"Ultrapassagem Indevida";"Colisão traseira";"Com Vítimas Feridas";"Plena Noite";"Decrescente";"Chuva";"Simples";"Curva";"Sim";4;0;1;0;3;0;1;3;"-3.40616861";"-44.35125243";"SR-MA";"DEL18/1";"UOP03/MA"
188410;2019-01-31;"quinta-feira";"00:06:00";"MG";381;457;"BELO HORIZONTE";"Defeito Mecânico no Veículo";"Saída de leito carroçável";"Com Vítimas Feridas";"Plena Noite";"Decrescente";"Céu Claro";"Simples";"Reta";"Sim";1;0;0;1;0;0;1;1;"-19.9605";"-44.0357";"SR-MG";"DEL4/1";"UOP01/MG"
188411;2019-01-30;"quarta-feira";"18:15:00";"SP";116;497;"CAJATI";"Falta de Atenção à Condução";"Incêndio";"Sem Vítimas";"Anoitecer";"Decrescente";"Céu Claro";"Dupla";"Reta";"Não";1;0;0;0;1;0;0;1;"-24.76748595";"-48.16861153";"SR-SP";"DEL6/5";"UOP02/SP"
188412;2019-01-30;"quarta-feira";"22:10:00";"PE";232;473,5;"MIRANDIBA";"Falta de Atenção do Pedestre";"Atropelamento de Pedestre";"Com Vítimas Fatais";"Plena Noite";"Decrescente";"Céu Claro";"Simples";"Reta";"Sim";2;1;0;0;0;1;0;1;"-8.018755";"-38.807134";"SR-PE";"DEL11/5";"UOP01/PE"
188413;2019-01-31;"quinta-feira";"01:40:00";"SC";116;238,9;"LAGES";"Velocidade Incompatível";"Tombamento";"Com Vítimas Feridas";"Plena Noite";"Crescente";"Céu Claro";"Simples";"Rotatória";"Não";1;0;1;0;0;0;1;1;"-27.74944286";"-50.33476353";"SR-SC";"DEL8/5";"UOP01/SC"
188414;2019-01-31;"quinta-feira";"00:02:00";"ES";101;260,6;"SERRA";"Desobediência às normas de trânsito pelo condutor";"Colisão frontal";"Com Vítimas Feridas";"Plena Noite";"Crescente";"Céu Claro";"Dupla";"Curva";"Não";4;0;2;1;1;0;3;2;"-20.1464296";"-40.28270982";"SR-ES";"DEL12/2";"UOP01/ES"
188415;2019-01-30;"quarta-feira";"18:45:00";"MT";163;654,5;"LUCAS DO RIO VERDE";"Falta de Atenção à Condução";"Colisão traseira";"Com Vítimas Feridas";"Anoitecer";"Decrescente";"Céu Claro";"Simples";"Reta";"Não";6;0;2;1;2;1;3;4;"-13.34745";"-56.05853";"SR-MT";"DEL2/6";"UOP01/MT"
188416;2019-01-30;"quarta-feira";"22:15:00";"SC";280;35,5;"ARAQUARI";"Desobediência às normas de trânsito pelo condutor";"Colisão lateral";"Com Vítimas Feridas";"Plena Noite";"Crescente";"Céu Claro";"Simples";"Viaduto";"Não";2;0;1;0;0;1;1;2;"-26.434475";"-48.804539";"SR-SC";"DEL8/3";"UOP03/SC"
188417;2019-01-31;"quinta-feira";"06:50:00";"DF";20;23;"BRASILIA";"Falta de Atenção à Condução";"Colisão traseira";"Com Vítimas Feridas";"Pleno dia";"Decrescente";"Céu Claro";"Dupla";"Não Informado";"Sim";2;0;1;0;1;0;1;2;"-15.59493063";"-47.66461372";"SR-DF";"DF";"UOP04/DF"
188418;2019-01-31;"quinta-feira";"03:50:00";"PR";153;459;"UNIAO DA VITORIA";"Defeito Mecânico no Veículo";"Saída de leito carroçável";"Com Vítimas Fatais";"Plena Noite";"Decrescente";"Ignorado";"Simples";"Curva";"Não";2;1;0;1;0;0;1;1;"-26.216703";"-51.130455";"SR-PR";"DEL7/2";"UOP02/PR"
188419;2019-01-31;"quinta-feira";"05:40:00";"MS";262;451,5;"DOIS IRMAOS DO BURITI";"Condutor Dormindo";"Colisão frontal";"Com Vítimas Feridas";"Amanhecer";"Crescente";"Céu Claro";"Simples";"Reta";"Não";2;0;0;2;0;0;2;2;"-20.54150734";"-55.45349121";"SR-MS";"DEL3/3";"UOP01/MS"
188420;2019-01-31;"quinta-feira";"07:30:00";"MG";116;690,8;"MURIAE";"Velocidade Incompatível";"Tombamento";"Com Vítimas Feridas";"Pleno dia";"Crescente";"Céu Claro";"Simples";"Não Informado";"Não";1;0;1;0;0;0;1;1;"-21.00983362";"-42.36139666";"SR-MG";"DEL4/7";"UOP02/MG"
188421;2019-01-31;"quinta-feira";"04:30:00";"CE";116;500;"BREJO SANTO";"Carga excessiva e/ou mal acondicionada";"Derramamento de carga";"Sem Vítimas";"Amanhecer";"Decrescente";"Céu Claro";"Simples";"Reta";"Sim";1;0;0;0;0;1;0;1;"-7.479773";"-38.981567";"SR-CE";"DEL16/5";"UOP03/CE"