"id";"data_inversa";"dia_semana";"horario";"uf";"br";"km";"municipio";"causa_acidente";"tipo_acidente";"classificacao_acidente";"fase_dia";"sentido_via";"condicao_metereologica";"tipo_pista";"tracado_via";"uso_solo";"pessoas";"mortos";"feridos_leves";"feridos_graves";"ilesos";"ignorados";"feridos";"veiculos";"latitude";"longitude";"regional";"delegacia";"uop"
189683;2019-01-11;"sexta-feira";"23:40:00";"PB";230;120,1;"RIACHAO DO BACAMARTE";"Falta de Atenção à Condução";"Capotamento";"Com Vítimas Feridas";"Plena Noite";"Decrescente";"Céu Claro";"Dupla";"Reta";"Não";4;0;2;0;2;0;2;1;"-7.2436";"-35.6395";"SR-PB";"DEL14/2";"UOP01/PB"
189686;2019-01-18;"sexta-feira";"06:30:00";"SP";116;212;"GUARULHOS";"Não guardar distância de segurança";"Colisão lateral";"Com Vítimas Feridas";"Pleno dia";"Crescente";"Céu Claro";"Múltipla";"Reta";"Sim";2;0;1;0;1;0;1;2;"-23.43706058";"-46.43121006";"SR-SP";"DEL6/1";"UOP01/SP"
189695;2019-01-12;"sábado";"05:00:00";"PB";104;114,3;"LAGOA SECA";"Agressão Externa";"Colisão transversal";"Com Vítimas Feridas";"Pleno dia";"Crescente";"Céu Claro";"Simples";"Reta";"Sim";1;0;1;0;0;0;1;1;"-7.162039";"-35.857132";"SR-PB";"DEL14/2";"UOP04/PB"
189813;2019-01-17;"quinta-feira";"15:10:00";"BA";116;400;"FEIRA DE SANTANA";"Defeito Mecânico no Veículo";"Colisão com objeto em movimento";"Com Vítimas Feridas";"Pleno dia";"Crescente";"Céu Claro";"Simples";"Reta";"Não";1;0;0;1;0;0;1;1;"-12.02547537";"-38.97085732";"SR-BA";"DEL10/2";"UOP01/BA"
189837;2019-01-27;"domingo";"06:43:00";"RJ";101;299;"ITABORAI";"Falta de Atenção à Condução";"Queda de ocupante de veículo";"Com Vítimas Feridas";"Pleno dia";"Crescente";"Céu Claro";"Dupla";"Reta";"Sim";2;0;2;0;0;0;2;1;"-22.774326";"-42.938232";"SR-RJ";"DEL5/2";"UOP02/RJ"
189838;2019-01-12;"sábado";"21:30:00";"PB";101;93;"CONDE";"Ingestão de Álcool";"Colisão traseira";"Com Vítimas Feridas";"Plena Noite";"Crescente";"Céu Claro";"Dupla";"Ponte";"Não";4;0;2;0;2;0;2;2;"-7.2156";"-34.912";"SR-PB";"DEL14/1";"UOP02/PB"
189840;2019-01-18;"sexta-feira";"16:11:00";"MG";381;408;"NOVA UNIAO";"Mal Súbito";"Colisão lateral";"Com Vítimas Feridas";"Pleno dia";"Crescente";"Céu Claro";"Simples";"Curva";"Sim";2;0;0;1;1;0;1;2;"-19.7473052";"-43.54665347";"SR-MG";"DEL4/1";"UOP01/MG"
189842;2019-01-29;"terça-feira";"12:45:00";"BA";101;553,8;"ARATACA";"Pista Escorregadia";"Capotamento";"Sem Vítimas";"Pleno dia";"Crescente";"Chuva";"Simples";"Curva";"Não";1;0;0;0;1;0;0;1;"-15.1515";"-39.3998";"SR-BA";"DEL10/5";"UOP02/BA"
189844;2019-01-09;"quarta-feira";"12:15:00";"PB";230;511,7;"CAJAZEIRAS";"Não guardar distância de segurança";"Engavetamento";"Com Vítimas Feridas";"Pleno dia";"Decrescente";"Nublado";"Simples";"Reta";"Não";4;0;2;1;1;0;3;3;"-6.8893";"-38.5959";"SR-PB";"DEL14/3";"UOP03/PB"
189859;2019-01-30;"quarta-feira";"16:10:00";"SC";101;195,7;"BIGUACU";"Restrição de Visibilidade";"Colisão com objeto estático";"Sem Vítimas";"Pleno dia";"Crescente";"Céu Claro";"Dupla";"Reta";"Sim";2;0;0;0;2;0;0;1;"-27.511";"-48.643";"SR-SC";"DEL8/1";"UOP01/SC"
189869;2019-01-19;"sábado";"06:30:00";"PI";343;12;"PARNAIBA";"Falta de Atenção à Condução";"Colisão transversal";"Com Vítimas Feridas";"Pleno dia";"Crescente";"Céu Claro";"Dupla";"Reta";"Sim";2;0;1;0;1;0;1;2;"-2.910035";"-41.753662";"SR-PI";"DEL17/5";"UOP01/PI"
189879;2019-01-28;"segunda-feira";"08:20:00";"MG";381;479;"CONTAGEM";"Falta de Atenção à Condução";"Colisão lateral";"Com Vítimas Feridas";"Pleno dia";"Crescente";"Sol";"Dupla";"Reta";"Sim";2;0;0;1;1;0;1;2;"-19.961";"-44.0517";"SR-MG";"DEL4/1";"UOP03/MG"
190011;2019-01-11;"sexta-feira";"18:20:00";"SC";282;20;"SANTO AMARO DA IMPERATRIZ";"Falta de Atenção do Pedestre";"Atropelamento de Pedestre";"Com Vítimas Feridas";"Pleno dia";"Crescente";"Céu Claro";"Simples";"Reta";"Sim";2;0;1;0;1;0;1;1;"-27.683958";"-48.71006";"SR-SC";"DEL8/1";"UOP02/SC"
190019;2019-01-31;"quinta-feira";"21:55:00";"SC";101;226;"PALHOCA";"Ultrapassagem Indevida";"Colisão lateral";"Com Vítimas Feridas";"Plena Noite";"Crescente";"Nublado";"Dupla";"Reta";"Não";2;0;1;0;1;0;1;2;"-27.7508";"-48.6346";"SR-SC";"DEL8/1";"UOP02/SC"
190028;2019-01-27;"domingo";"22:30:00";"MG";459;86,1;"CONGONHAL";"Desobediência às normas de trânsito pelo condutor";"Colisão frontal";"Com Vítimas Feridas";"Plena Noite";"Decrescente";"Ignorado";"Simples";"Reta";"Não";2;0;0;1;1;0;1;2;"-22.150578";"-46.043282";"SR-MG";"PM/MG";""
190038;2019-01-03;"quinta-feira";"21:10:00";"SC";101;135;"BALNEARIO CAMBORIU";"Falta de Atenção à Condução";"Colisão traseira";"Sem Vítimas";"Plena Noite";"Decrescente";"Chuva";"Simples";"Reta";"Não";2;0;0;0;2;0;0;2;"-27.0081";"-48.617";"SR-SC";"DEL8/4";"UOP03/SC"
190068;2019-01-11;"sexta-feira";"12:40:00";"GO";60;229,8;"CEZARINA";"Condutor Dormindo";"Saída de leito carroçável";"Com Vítimas Fatais";"Pleno dia";"Crescente";"Sol";"Dupla";"Não Informado";"Não";6;1;2;2;0;1;4;1;"-17.0484";"-49.7858";"SR-GO";"DEL1/1";"UOP02/GO"
190102;2019-01-18;"sexta-feira";"09:00:00";"PB";101;36,2;"MAMANGUAPE";"Falta de Atenção à Condução";"Colisão com objeto estático";"Com Vítimas Feridas";"Pleno dia";"Decrescente";"Nublado";"Dupla";"Curva";"Não";4;0;1;0;3;0;1;1;"-6.8143";"-35.1389";"SR-PB";"DEL14/1";"UOP04/PB"
190196;2019-01-11;"sexta-feira";"14:10:00";"MA";135;4;"SAO LUIS";"Falta de Atenção à Condução";"Colisão traseira";"Sem Vítimas";"Pleno dia";"Crescente";"Céu Claro";"Dupla";"Curva";"Sim";3;0;0;0;3;0;0;2;"-2.63747708";"-44.31132859";"SR-MA";"DEL18/1";"UOP01/MA"
190247;2019-01-23;"quarta-feira";"07:25:00";"SC";101;462,4;"PASSO DE TORRES";"Condutor Dormindo";"Saída de leito carroçável";"Com Vítimas Feridas";"Pleno dia";"Crescente";"Céu Claro";"Dupla";"Reta";"Não";3;0;3;0;0;0;3;1;"-29.28746097";"-49.75610912";"SR-RS";"DEL9/3";"UOP03/RS"
190379;2019-01-08;"terça-feira";"14:45:00";"BA";101;396,7;"IBIRAPITANGA";"Condutor Dormindo";"Colisão frontal";"Com Vítimas Fatais";"Pleno dia";"Crescente";"Céu Claro";"Simples";"Reta";"Não";9;1;8;0;0;0;8;2;"-13.9987";"-39.4492";"SR-BA";"DEL10/5";"UOP03/BA"
190456;2019-01-25;"sexta-feira";"08:00:00";"MS";60;573;"GUIA LOPES DA LAGUNA";"Defeito Mecânico no Veículo";"Tombamento";"Com Vítimas Feridas";"Pleno dia";"Crescente";"Céu Claro";"Simples";"Reta";"Não";2;0;2;0;0;0;2;1;"-21.414553";"-56.052956";"SR-MS";"DEL3/5";"UOP01/MS"
190542;2019-01-17;"quinta-feira";"06:00:00";"SC";280;26;"ARAQUARI";"Desobediência às normas de trânsito pelo condutor";"Atropelamento de Pedestre";"Com Vítimas Feridas";"Amanhecer";"Crescente";"Céu Claro";"Simples";"Reta";"Não";2;0;0;1;1;0;1;1;"-26.389757";"-48.734154";"SR-SC";"DEL8/3";"UOP03/SC"
190653;2019-01-07;"segunda-feira";"11:10:00";"SP";153;60,9;"SAO JOSE DO RIO PRETO";"Agressão Externa";"Tombamento";"Com Vítimas Feridas";"Pleno dia";"Crescente";"Céu Claro";"Dupla";"Reta";"Sim";1;0;0;1;0;0;1;1;"-20.79628";"-49.354801";"SR-SP";"DEL6/9";"UOP01/SP"
190675;2019-01-18;"sexta-feira";"09:30:00";"PB";230;17;"JOAO PESSOA";"Velocidade Incompatível";"Engavetamento";"Com Vítimas Feridas";"Pleno dia";"Decrescente";"Céu Claro";"Dupla";"Reta";"Sim";5;0;1;0;4;0;1;5;"-7.1121";"-34.8426";"SR-PB";"DEL14/1";"UOP01/PB"
190727;2019-01-17;"quinta-feira";"08:00:00";"PB";230;23,6;"JOAO PESSOA";"Falta de Atenção à Condução";"Engavetamento";"Com Vítimas Feridas";"Pleno dia";"Decrescente";"Sol";"Dupla";"Não Informado";"Sim";4;0;2;0;2;0;2;3;"-7.1562";"-34.8574";"SR-PB";"DEL14/1";"UOP01/PB"
190729;2019-01-24;"quinta-feira";"05:30:00";"BA";242;818;"BARREIRAS";"Desobediência às normas de trânsito pelo condutor";"Colisão frontal";"Com Vítimas Feridas";"Amanhecer";"Decrescente";"Garoa/Chuvisco";"Simples";"Reta";"Não";8;0;6;2;0;0;8;2;"-12.118405";"-45.202544";"SR-BA";"DEL10/10";"UOP01/BA"
190742;2019-01-11;"sexta-feira";"07:45:00";"PB";412;24;"BOA VISTA";"Ultrapassagem Indevida";"Saída de leito carroçável";"Com Vítimas Feridas";"Pleno dia";"Decrescente";"Sol";"Simples";"Reta";"Não";2;0;2;0;0;0;2;1;"-7.282114";"-36.269737";"SR-PB";"DEL14/2";"UOP02/PB"
190781;2019-01-30;"quarta-feira";"07:10:00";"MG";251;251;"CURRAL DE DENTRO";"Falta de Atenção à Condução";"Tombamento";"Sem Vítimas";"Pleno dia";"Crescente";"Céu Claro";"Simples";"Reta";"Não";1;0;0;0;1;0;0;1;"-15.9815";"-41.8442";"SR-MG";"DEL4/11";"UOP02/MG"
190855;2019-01-19;"sábado";"17:10:00";"SC";101;39,9;"JOINVILLE";"Falta de Atenção à Condução";"Colisão com objeto estático";"Sem Vítimas";"Pleno dia";"Crescente";"Chuva";"Dupla";"Reta";"Não";2;0;0;0;2;0;0;2;"-26.31769032";"-48.87268066";"SR-SC";"DEL8/3";"UOP01/SC"
190859;2019-01-02;"quarta-feira";"12:00:00";"PR";163;165,1;"LINDOESTE";"Desobediência às normas de trânsito pelo condutor";"Colisão frontal";"Com Vítimas Feridas";"Pleno dia";"Decrescente";"Céu Claro";"Simples";"Desvio Temporário";"Não";2;0;0;1;1;0;1;2;"-25.3033";"-53.5758";"SR-PR";"DEL7/4";"UOP06/PR"
190887;2019-01-04;"sexta-feira";"17:20:00";"SC";282;35;"AGUAS MORNAS";"Velocidade Incompatível";"Saída de leito carroçável";"Com Vítimas Feridas";"Pleno dia";"Decrescente";"Nublado";"Simples";"Curva";"Não";3;0;1;0;2;0;1;1;"-27.702084";"-48.826664";"SR-SC";"DEL8/1";"UOP03/SC"
190908;2019-01-20;"domingo";"00:40:00";"PB";230;125,5;"RIACHAO DO BACAMARTE";"Falta de Atenção à Condução";"Saída de leito carroçável";"Com Vítimas Feridas";"Plena Noite";"Crescente";"Céu Claro";"Dupla";"Reta";"Não";2;0;2;0;0;0;2;1;"-7.2498";"-35.6827";"SR-PB";"DEL14/2";"UOP01/PB"
190951;2019-01-26;"sábado";"17:30:00";"SC";101;211,5;"PALHOCA";"Falta de Atenção à Condução";"Colisão traseira";"Com Vítimas Feridas";"Pleno dia";"Crescente";"Céu Claro";"Dupla";"Reta";"Não";2;0;1;0;1;0;1;2;"-27.6301";"-48.659";"SR-SC";"DEL8/1";"UOP02/SC"
190954;2019-01-27;"domingo";"03:50:00";"MS";163;394;"NOVA ALVORADA DO SUL";"Carga excessiva e/ou mal acondicionada";"Saída de leito carroçável";"Sem Vítimas";"Plena Noite";"Crescente";"Céu Claro";"Simples";"Reta";"Não";1;0;0;0;0;1;0;1;"-21.21653603";"-54.4577885";"SR-MS";"DEL2";"UOP01/MS"
191013;2019-01-28;"segunda-feira";"06:40:00";"MG";251;516;"MONTES CLAROS";"Falta de Atenção à Condução";"Colisão lateral";"Com Vítimas Feridas";"Amanhecer";"Decrescente";"Céu Claro";"Simples";"Reta";"Não";2;0;0;1;1;0;1;2;"-16.6599";"-43.747";"SR-MG";"DEL4/12";"UOP01/MG"
191120;2019-01-09;"quarta-feira";"09:20:00";"GO";20;221,8;"POSSE";"Ultrapassagem Indevida";"Colisão frontal";"Com Vítimas Fatais";"Pleno dia";"Crescente";"Céu Claro";"Simples";"Reta";"Não";9;3;3;3;0;0;6;2;"-14.188759";"-46.330856";"SR-DF";"GO";"UOP05/DF"
191192;2019-01-25;"sexta-feira";"17:50:00";"ES";101;293,1;"CARIACICA";"Falta de Atenção à Condução";"Colisão lateral";"Com Vítimas Feridas";"Anoitecer";"Decrescente";"Céu Claro";"Múltipla";"Reta";"Sim";2;0;0;1;1;0;1;2;"-20.33316963";"-40.40042292";"SR-ES";"DEL12/1";"UOP01/ES"
191214;2019-01-06;"domingo";"09:15:00";"SC";470;55,4;"BLUMENAU";"Ingestão de Álcool";"Colisão traseira";"Com Vítimas Feridas";"Pleno dia";"Decrescente";"Garoa/Chuvisco";"Simples";"Não Informado";"Sim";3;0;1;0;2;0;1;2;"-26.87648792";"-49.12154675";"SR-SC";"DEL8/4";"UOP01/SC"
191221;2019-01-29;"terça-feira";"09:45:00";"PA";316;33,4;"SANTA IZABEL DO PARA";"Não guardar distância de segurança";"Colisão lateral";"Com Vítimas Feridas";"Pleno dia";"Crescente";"Céu Claro";"Dupla";"Reta";"Sim";2;0;1;0;1;0;1;2;"-1.289763";"-48.156025";"SR-PA";"DEL19/1";"UOP01/PA"
191292;2019-01-01;"terça-feira";"14:00:00";"RN";226;3,1;"NATAL";"Falta de Atenção à Condução";"Colisão lateral";"Sem Vítimas";"Pleno dia";"Decrescente";"Céu Claro";"Dupla";"Curva";"Sim";2;0;0;0;1;1;0;2;"-5.82188575";"-35.25247249";"SR-RN";"DEL15/1";"UOP02/RN"
191304;2019-01-01;"terça-feira";"22:10:00";"MG";50;40;"ARAGUARI";"Falta de Atenção à Condução";"Colisão transversal";"Sem Vítimas";"Plena Noite";"Decrescente";"Céu Claro";"Dupla";"Retorno Regulamentado";"Sim";3;0;0;0;1;2;0;2;"-18.6834";"-48.1789";"SR-MG";"DEL4/15";"UOP02/MG"
191315;2019-01-25;"sexta-feira";"12:25:00";"RN";101;95,8;"NATAL";"Não guardar distância de segurança";"Colisão lateral";"Com Vítimas Feridas";"Pleno dia";"Crescente";"Céu Claro";"Múltipla";"Reta";"Sim";2;0;1;0;1;0;1;2;"-5.840768";"-35.210358";"SR-RN";"DEL15/1";"UOP01/RN"
191362;2019-01-06;"domingo";"08:30:00";"MG";116;266;"TEOFILO OTONI";"Condutor Dormindo";"Saída de leito carroçável";"Sem Vítimas";"Pleno dia";"Decrescente";"Sol";"Simples";"Reta";"Não";1;0;0;0;1;0;0;1;"-17.7759987";"-41.49826884";"SR-MG";"DEL4/11";"UOP01/MG"
191371;2019-01-24;"quinta-feira";"00:56:00";"PR";369;149,2;"LONDRINA";"Desobediência às normas de trânsito pelo condutor";"Colisão transversal";"Com Vítimas Feridas";"Plena Noite";"Crescente";"Céu Claro";"Dupla";"Não Informado";"Sim";3;0;0;2;1;0;2;2;"-23.29278612";"-51.15389407";"SR-PR";"DEL7/7";"UOP01/PR"
191396;2019-01-26;"sábado";"23:40:00";"SP";153;212,8;"GUAIMBE";"Condutor Dormindo";"Saída de leito carroçável";"Com Vítimas Feridas";"Plena Noite";"Crescente";"Céu Claro";"Simples";"Desvio Temporário";"Não";4;0;2;0;1;1;2;1;"-21.926348";"-49.917645";"SR-SP";"DEL6/07";"UOP02/SP"
191412;2019-01-17;"quinta-feira";"23:40:00";"PB";230;15,9;"JOAO PESSOA";"Ingestão de Álcool";"Colisão com objeto estático";"Sem Vítimas";"Plena Noite";"Crescente";"Céu Claro";"Dupla";"Não Informado";"Sim";1;0;0;0;1;0;0;1;"-7.093";"-34.8482";"SR-PB";"DEL14/1";"UOP01/PB"
191439;2019-01-31;"quinta-feira";"15:00:00";"PE";101;94;"CABO DE SANTO AGOSTINHO";"Falta de Atenção à Condução";"Colisão lateral";"Com Vítimas Feridas";"Pleno dia";"Decrescente";"Nublado";"Dupla";"Não Informado";"Sim";3;0;3;0;0;0;3;1;"-8.2494";"-35.0088";"SR-PE";"DEL11/1";"UOP03/PE"
191462;2019-01-26;"sábado";"16:55:00";"PB";230;29;"JOAO PESSOA";"Falta de Atenção à Condução";"Colisão transversal";"Com Vítimas Feridas";"Pleno dia";"Decrescente";"Céu Claro";"Dupla";"Reta";"Sim";2;0;0;1;0;1;1;2;"-7.1622";"-34.9031";"SR-PB";"DEL14/1";"UOP01/PB"
191467;2019-01-14;"segunda-feira";"16:00:00";"MG";50;177;"UBERABA";"Falta de Atenção à Condução";"Colisão lateral";"Com Vítimas Feridas";"Pleno dia";"Crescente";"Ignorado";"Dupla";"Viaduto";"Sim";2;0;0;1;0;1;1;2;"-19.779";"-47.9413";"SR-MG";"DEL13";"UOP01/MG"
191758;2019-01-31;"quinta-feira";"09:25:00";"MG";116;122;"ITAOBIM";"Defeito Mecânico no Veículo";"Saída de leito carroçável";"Com Vítimas Feridas";"Pleno dia";"Decrescente";"Céu Claro";"Simples";"Reta";"Não";5;0;5;0;0;0;5;1;"-16.61447982";"-41.50085449";"SR-MG";"DEL4/11";"UOP02/MG"
191951;2019-01-11;"sexta-feira";"16:00:00";"MA";222;626;"ACAILANDIA";"Defeito Mecânico no Veículo";"Saída de leito carroçável";"Sem Vítimas";"Pleno dia";"Crescente";"Céu Claro";"Simples";"Reta";"Não";1;0;0;0;0;1;0;1;"-4.72014619";"-47.00637817";"SR-MA";"DEL18/4";"UOP03/MA"
191962;2019-01-28;"segunda-feira";"10:04:00";"SE";101;3;"PROPRIA";"Pista Escorregadia";"Tombamento";"Sem Vítimas";"Pleno dia";"Decrescente";"Nublado";"Simples";"Reta";"Sim";1;0;0;0;1;0;0;1;"-10.229956";"-36.839184";"SR-SE";"DEL20/2";"UOP02/SE"
192028;2019-01-07;"segunda-feira";"17:10:00";"PB";230;28;"JOAO PESSOA";"Desobediência às normas de trânsito pelo condutor";"Colisão traseira";"Com Vítimas Feridas";"Anoitecer";"Crescente";"Céu Claro";"Dupla";"Curva";"Sim";2;0;1;0;1;0;1;2;"-7.16470363";"-34.89762068";"SR-PB";"DEL14/1";"UOP01/PB"
192103;2019-01-23;"quarta-feira";"14:50:00";"CE";20;428;"FORTALEZA";"Velocidade Incompatível";"Colisão traseira";"Com Vítimas Fatais";"Pleno dia";"Crescente";"Céu Claro";"Dupla";"Reta";"Sim";2;1;0;0;1;0;0;2;"-3.8681997";"-38.5102362";"SR-CE";"DEL16/1";"UOP02/CE"
192124;2019-01-28;"segunda-feira";"16:20:00";"PB";230;16,5;"JOAO PESSOA";"Não guardar distância de segurança";"Engavetamento";"Com Vítimas Feridas";"Pleno dia";"Decrescente";"Céu Claro";"Dupla";"Reta";"Sim";5;0;1;0;4;0;1;5;"-7.1039";"-34.8458";"SR-PB";"DEL14/1";"UOP01/PB"
192128;2019-01-20;"domingo";"13:50:00";"GO";452;137;"BOM JESUS DE GOIAS";"Ingestão de Álcool";"Colisão transversal";"Com Vítimas Fatais";"Pleno dia";"Crescente";"Céu Claro";"Simples";"Interseção de vias";"Não";6;1;0;0;5;0;0;2;"-18.23921534";"-49.71257687";"SR-GO";"DEL1/3";"UOP02/GO"
192130;2019-01-25;"sexta-feira";"11:40:00";"MS";419;305,5;"NIOAQUE";"Defeito Mecânico no Veículo";"Capotamento";"Com Vítimas Feridas";"Pleno dia";"Decrescente";"Sol";"Simples";"Reta";"Não";2;0;2;0;0;0;2;1;"-20.951862";"-55.791981";"SR-MS";"DEL3/3";"UOP01/MS"
192147;2019-01-05;"sábado";"09:00:00";"RJ";101;310;"SAO GONCALO";"Animais na Pista";"Colisão traseira";"Com Vítimas Feridas";"Pleno dia";"Crescente";"Nublado";"Dupla";"Reta";"Não";6;0;1;0;5;0;1;3;"-22.80461545";"-43.05961014";"SR-RJ";"DEL5/2";"UOP02/RJ"
192261;2019-01-13;"domingo";"20:05:00";"BA";367;82,8;"EUNAPOLIS";"Falta de Atenção à Condução";"Colisão transversal";"Com Vítimas Feridas";"Plena Noite";"Crescente";"Céu Claro";"Simples";"Reta";"Não";2;0;0;1;1;0;1;2;"-16.372061";"-39.561646";"SR-BA";"DEL10/9";"UOP01/BA"
192283;2019-01-14;"segunda-feira";"08:00:00";"BA";242;7;"SAPEACU";"Falta de Atenção à Condução";"Saída de leito carroçável";"Com Vítimas Feridas";"Pleno dia";"Crescente";"Céu Claro";"Simples";"Reta";"Não";1;0;0;1;0;0;1;1;"-12.73088432";"-39.18421032";"SR-BA";"DEL10/1";"UOP02/BA"
192285;2019-01-14;"segunda-feira";"09:00:00";"MG";365;616;"UBERLANDIA";"Não guardar distância de segurança";"Colisão traseira";"Com Vítimas Feridas";"Pleno dia";"Crescente";"Céu Claro";"Dupla";"Reta";"Sim";4;0;1;0;2;1;1;4;"-18.8974";"-48.2715";"SR-MG";"DEL4/15";"UOP01/MG"
192294;2019-01-19;"sábado";"07:00:00";"PB";104;110,9;"LAGOA SECA";"Desobediência às normas de trânsito pelo condutor";"Colisão transversal";"Com Vítimas Fatais";"Pleno dia";"Decrescente";"Sol";"Simples";"Reta";"Não";2;1;0;0;1;0;0;2;"-7.13504552";"-35.86066246";"SR-PB";"DEL14/2";"UOP04/PB"
192311;2019-01-19;"sábado";"03:55:00";"PR";369;61,1;"BANDEIRANTES";"Desobediência às normas de trânsito pelo condutor";"Colisão transversal";"Com Vítimas Fatais";"Plena Noite";"Crescente";"Céu Claro";"Simples";"Reta";"Não";4;1;1;1;1;0;2;2;"-23.13614112";"-50.40523052";"SR-PR";"DEL7/7";"UOP06/PR"
192368;2019-01-27;"domingo";"02:30:00";"GO";153;500,1;"GOIANIA";"Falta de Atenção à Condução";"Saída de leito carroçável";"Com Vítimas Fatais";"Plena Noite";"Crescente";"Nublado";"Dupla";"Reta";"Sim";52;2;31;18;0;1;49;1;"-16.69579486";"-49.23172116";"SR-GO";"DEL1/1";"UOP01/GO"
192438;2019-01-06;"domingo";"22:45:00";"RS";290;56,5;"GLORINHA";"Condutor Dormindo";"Colisão traseira";"Sem Vítimas";"Plena Noite";"Crescente";"Céu Claro";"Dupla";"Reta";"Não";8;0;0;0;7;1;0;8;"-29.915447";"-50.818508";"SR-RS";"DEL9/3";"UOP02/RS"
192514;2019-01-05;"sábado";"11:00:00";"GO";153;132;"ESTRELA DO NORTE";"Velocidade Incompatível";"Saída de leito carroçável";"Com Vítimas Feridas";"Pleno dia";"Crescente";"Céu Claro";"Simples";"Não Informado";"Não";3;0;2;1;0;0;3;1;"-13.92662";"-49.070942";"SR-GO";"DEL1/7";"UOP01/GO"
192545;2019-01-15;"terça-feira";"06:50:00";"BA";420;80,3;"SALVADOR";"Falta de Atenção à Condução";"Engavetamento";"Sem Vítimas";"Pleno dia";"Decrescente";"Céu Claro";"Múltipla";"Reta";"Sim";4;0;0;0;4;0;0;4;"-12.881128";"-38.433105";"SR-BA";"DEL10/1";"UOP01/BA"
192650;2019-01-09;"quarta-feira";"05:25:00";"MG";381;484,5;"BETIM";"Desobediência às normas de trânsito pelo condutor";"Colisão traseira";"Com Vítimas Fatais";"Amanhecer";"Crescente";"Céu Claro";"Dupla";"Reta";"Não";18;1;13;3;1;0;16;2;"-19.9557";"-44.0964";"SR-MG";"DEL4/1";"UOP03/MG"
192657;2019-01-20;"domingo";"21:55:00";"SC";282;495,3;"XANXERE";"Não guardar distância de segurança";"Colisão traseira";"Com Vítimas Feridas";"Plena Noite";"Decrescente";"Ignorado";"Simples";"Reta";"Não";3;0;1;0;1;1;1;2;"-26.875349";"-52.327076";"SR-SC";"DEL7";"UOP01/SC"
192661;2019-01-23;"quarta-feira";"11:50:00";"PR";369;35,6;"ANDIRA";"Falta de Atenção à Condução";"Colisão traseira";"Com Vítimas Feridas";"Pleno dia";"Decrescente";"Céu Claro";"Simples";"Reta";"Não";2;0;0;1;1;0;1;2;"-23.03985625";"-50.22652318";"SR-PR";"DEL7/7";"UOP06/PR"
192684;2019-01-28;"segunda-feira";"08:32:00";"SC";282;505,3;"XANXERE";"Falta de Atenção à Condução";"Colisão transversal";"Com Vítimas Feridas";"Pleno dia";"Decrescente";"Ignorado";"Dupla";"Interseção de vias";"Sim";2;0;1;0;1;0;1;2;"-26.88566601";"-52.41845738";"SR-SC";"DEL7";"UOP01/SC"
192747;2019-01-16;"quarta-feira";"08:30:00";"CE";20;428;"FORTALEZA";"Animais na Pista";"Atropelamento de Animal";"Com Vítimas Feridas";"Pleno dia";"Decrescente";"Céu Claro";"Dupla";"Reta";"Sim";1;0;1;0;0;0;1;1;"-3.76999";"-38.670063";"SR-CE";"DEL16/1";"UOP02/CE"
192806;2019-01-12;"sábado";"06:40:00";"PI";316;20;"TERESINA";"Defeito Mecânico no Veículo";"Queda de ocupante de veículo";"Com Vítimas Feridas";"Pleno dia";"Decrescente";"Nublado";"Simples";"Reta";"Não";2;0;1;1;0;0;2;1;"-5.259418";"-42.728745";"SR-PI";"DEL17/1";"UOP02/PI"
192820;2019-01-20;"domingo";"16:15:00";"PB";101;56,2;"SANTA RITA";"Ingestão de Álcool";"Colisão com objeto estático";"Com Vítimas Feridas";"Pleno dia";"Decrescente";"Sol";"Dupla";"Reta";"Não";2;0;1;0;1;0;1;2;"-6.9805";"-35.0762";"SR-PB";"DEL14/1";"UOP04/PB"
192884;2019-01-26;"sábado";"01:00:00";"GO";60;136;"GOIANIA";"Animais na Pista";"Atropelamento de Animal";"Sem Vítimas";"Plena Noite";"Crescente";"Céu Claro";"Dupla";"Desvio Temporário";"Sim";1;0;0;0;1;0;0;1;"-16.586803";"-49.1807726";"SR-GO";"DEL1/1";"UOP01/GO"
193040;2019-01-22;"terça-feira";"08:20:00";"PR";476;131;"CURITIBA";"Desobediência às normas de trânsito pelo condutor";"Atropelamento de Pedestre";"Com Vítimas Feridas";"Pleno dia";"Crescente";"Nublado";"Múltipla";"Reta";"Sim";3;0;1;0;2;0;1;2;"-25.453636";"-49.245155";"SR-PR";"DEL7/1";"UOP06/PR"
193044;2019-01-18;"sexta-feira";"15:11:00";"PR";277;83,5;"CURITIBA";"Não guardar distância de segurança";"Colisão traseira";"Com Vítimas Feridas";"Pleno dia";"Crescente";"Céu Claro";"Dupla";"Reta";"Sim";2;0;1;0;1;0;1;2;"-25.4439589";"-49.23344125";"SR-PR";"DEL7/1";"UOP01/PR"
193188;2019-01-24;"quinta-feira";"18:05:00";"PB";230;177,5;"POCINHOS";"Falta de Atenção à Condução";"Colisão transversal";"Sem Vítimas";"Anoitecer";"Crescente";"Céu Claro";"Simples";"Curva";"Sim";3;0;0;0;2;1;0;2;"-7.1681";"-36.0407";"SR-PB";"DEL14/2";"UOP02/PB"
193258;2019-01-03;"quinta-feira";"13:50:00";"MG";381;490;"BETIM";"Defeito Mecânico no Veículo";"Colisão traseira";"Com Vítimas Feridas";"Pleno dia";"Crescente";"Céu Claro";"Dupla";"Reta";"Sim";4;0;2;0;2;0;2;3;"-19.9585";"-44.151";"SR-MG";"DEL4/1";"UOP03/MG"